# Blender 4.5.2 LTS
# www.blender.org
mtllib tripo_convert_03431851-4ff1-46a1-a6ba-705235b3d4e5.mtl
o tripo_node_03431851-4ff1-46a1-a6ba-705235b3d4e5
v 0.000006 0.268234 0.460876
v 0.000928 0.175655 0.460541
v 0.001418 0.160755 -0.458466
v 0.002342 0.241791 0.485229
v 0.002481 0.196663 -0.460327
v 0.002933 0.253197 -0.467346
v 0.005927 0.260796 0.485626
v 0.008062 0.238190 0.458374
v 0.011830 0.263260 0.444977
v 0.013314 0.148483 -0.484161
v 0.018131 0.166800 -0.485382
v 0.018713 0.239647 0.456665
v 0.018831 0.152260 0.465485
v 0.021240 0.264366 0.453918
v 0.022699 0.246796 0.445251
v 0.022846 0.245819 0.482330
v 0.025633 0.266052 0.477020
v 0.025932 0.175907 0.483887
v 0.027231 0.246902 -0.470276
v 0.027349 0.175953 0.460144
v 0.028044 0.155033 0.481628
v 0.029543 0.223145 -0.458221
v 0.031700 0.247253 -0.448761
v 0.031986 0.146403 -0.470032
v 0.033680 0.259232 0.482971
v 0.035202 0.263626 0.444977
v 0.037338 0.147326 -0.457611
v 0.037880 0.169741 -0.458038
v 0.038273 0.254463 -0.456818
v 0.038746 0.226997 -0.483978
v 0.039436 0.148053 -0.482330
v 0.039455 0.230782 -0.448975
v 0.039845 0.170122 -0.484863
v 0.040474 0.264595 0.465179
v 0.040516 0.220909 0.457397
v 0.041580 0.244957 0.480896
v 0.044868 0.153663 0.460205
v 0.050076 0.199825 0.481384
v 0.050758 0.193913 -0.483551
v 0.050911 0.254883 -0.466156
v 0.053932 0.243767 0.442322
v 0.054092 0.266144 0.455292
v 0.054375 0.267563 0.470978
v 0.054588 0.167484 -0.455780
v 0.055180 0.245621 -0.483246
v 0.055477 0.240158 -0.484741
v 0.056046 0.239784 0.452332
v 0.059425 0.168291 0.456512
v 0.059620 0.250473 -0.447052
v 0.060379 0.262596 0.439880
v 0.062500 0.172375 0.478973
v 0.063004 0.156226 0.478424
v 0.063255 0.148223 -0.479340
v 0.064926 0.244583 0.477203
v 0.065140 0.260437 0.477600
v 0.067131 0.168678 -0.482300
v 0.067268 0.224571 -0.482422
v 0.067451 0.203621 0.477173
v 0.068390 0.223869 -0.457062
v 0.069923 0.266678 0.466156
v 0.074150 0.152914 0.465149
v 0.074333 0.254509 -0.450897
v 0.076698 0.211777 -0.479614
v 0.079086 0.186256 0.451752
v 0.080345 0.170776 -0.454803
v 0.082344 0.246407 -0.443146
v 0.082428 0.247337 -0.465271
v 0.085434 0.262444 0.435608
v 0.086037 0.244492 0.436554
v 0.086800 0.265839 0.459015
v 0.089363 0.177654 0.474884
v 0.089668 0.230682 -0.443298
v 0.090355 0.211632 0.471893
v 0.091263 0.253990 0.470459
v 0.092072 0.145987 -0.465332
v 0.092552 0.147335 -0.451660
v 0.092911 0.255089 -0.461121
v 0.093040 0.168200 -0.477478
v 0.093079 0.231087 -0.477051
v 0.093590 0.156499 0.471771
v 0.096123 0.209190 0.444397
v 0.097229 0.170132 -0.450104
v 0.097549 0.198174 -0.477020
v 0.098320 0.239090 0.442780
v 0.099541 0.157806 0.448151
v 0.100014 0.246414 0.467255
v 0.101044 0.247398 -0.473328
v 0.102547 0.223900 -0.476288
v 0.103683 0.176170 0.445526
v 0.105263 0.206993 0.468903
v 0.106071 0.224091 -0.450653
v 0.106766 0.148322 -0.471985
v 0.107063 0.253906 -0.441620
v 0.107628 0.167000 -0.449249
v 0.107773 0.164246 -0.473541
v 0.107880 0.153701 0.447662
v 0.108444 0.265228 0.461700
v 0.109100 0.243690 -0.476410
v 0.112122 0.267639 0.453918
v 0.113762 0.264465 0.443817
v 0.113831 0.245117 -0.436981
v 0.114914 0.261833 0.426971
v 0.118309 0.175930 0.466095
v 0.118752 0.155910 0.464722
v 0.120239 0.182400 0.438751
v 0.122101 0.243271 0.425598
v 0.124405 0.219147 0.461365
v 0.125565 0.238937 0.433533
v 0.128967 0.240540 0.459473
v 0.129013 0.193924 -0.468079
v 0.130020 0.204994 0.461426
v 0.131943 0.257072 -0.451294
v 0.132751 0.226425 -0.468689
v 0.135101 0.251190 0.418274
v 0.135315 0.177086 0.434296
v 0.137085 0.256691 0.455139
v 0.140045 0.243607 -0.469452
v 0.140945 0.147515 -0.461945
v 0.141251 0.261673 0.417938
v 0.141586 0.147157 -0.440216
v 0.141830 0.247116 -0.450562
v 0.141891 0.230202 -0.430145
v 0.142197 0.173824 -0.441162
v 0.147400 0.267151 0.440094
v 0.149429 0.209465 -0.462341
v 0.149796 0.255806 -0.432312
v 0.150665 0.153302 0.443359
v 0.151978 0.206436 0.451477
v 0.152908 0.265953 0.443939
v 0.153931 0.162603 -0.459625
v 0.154007 0.177402 0.426697
v 0.155640 0.223969 -0.437531
v 0.155914 0.174686 0.452942
v 0.158539 0.249779 -0.424194
v 0.159607 0.243073 0.411255
v 0.160217 0.260887 0.408478
v 0.160599 0.161535 -0.434448
v 0.160736 0.153343 0.427185
v 0.161041 0.246445 -0.461090
v 0.163849 0.170696 -0.458435
v 0.164886 0.226341 -0.458984
v 0.166092 0.238441 0.416443
v 0.167053 0.190395 0.421417
v 0.167526 0.216064 0.445496
v 0.167725 0.246170 0.441772
v 0.168976 0.264687 0.421082
v 0.172516 0.256004 -0.438599
v 0.173904 0.156765 0.444885
v 0.175430 0.172562 -0.427277
v 0.177200 0.148561 -0.452332
v 0.180939 0.178059 0.414459
v 0.181458 0.237785 0.408386
v 0.182098 0.244659 -0.454529
v 0.183701 0.168179 -0.449463
v 0.184113 0.244553 0.396362
v 0.184326 0.255287 0.433960
v 0.184570 0.175877 0.440521
v 0.184784 0.223366 -0.426575
v 0.185242 0.147098 -0.425781
v 0.187836 0.211792 -0.449005
v 0.187912 0.231110 -0.413788
v 0.188141 0.246971 -0.435120
v 0.188599 0.154880 0.436035
v 0.190048 0.163868 -0.423950
v 0.192352 0.266632 0.424347
v 0.193314 0.216980 0.433044
v 0.194824 0.225990 -0.447998
v 0.195221 0.183144 0.406708
v 0.197250 0.262924 0.402557
v 0.198578 0.172234 -0.445740
v 0.198730 0.153044 0.409363
v 0.199936 0.257820 0.385712
v 0.201035 0.175476 -0.418396
v 0.204910 0.238281 0.424927
v 0.205139 0.165005 0.429779
v 0.207199 0.198940 -0.441162
v 0.207535 0.148516 -0.440063
v 0.210266 0.249901 0.418701
v 0.210785 0.182526 0.396484
v 0.210861 0.255966 -0.409088
v 0.211075 0.261871 0.387878
v 0.211639 0.247437 -0.402283
v 0.212189 0.257355 -0.420197
v 0.212540 0.237152 0.390472
v 0.214432 0.242477 0.378326
v 0.216263 0.242699 -0.441101
v 0.217621 0.180496 0.422638
v 0.218735 0.165272 -0.435577
v 0.221268 0.225266 -0.435760
v 0.221695 0.215668 0.416595
v 0.222031 0.246872 -0.433167
v 0.222183 0.265327 0.397766
v 0.222458 0.159140 0.393036
v 0.223648 0.169495 -0.407684
v 0.225754 0.146471 -0.407379
v 0.225967 0.224052 -0.408295
v 0.226471 0.155071 0.415558
v 0.226959 0.229736 -0.395447
v 0.229492 0.186813 0.382843
v 0.230682 0.250809 0.407379
v 0.230820 0.246445 -0.415497
v 0.232056 0.210754 -0.429047
v 0.234024 0.151011 -0.399567
v 0.234512 0.171099 0.412415
v 0.235275 0.167879 -0.427765
v 0.235794 0.236359 0.372681
v 0.236786 0.260292 0.361298
v 0.242249 0.154214 0.381561
v 0.242615 0.223557 -0.425018
v 0.242966 0.239967 0.402496
v 0.244675 0.253601 -0.406586
v 0.245865 0.241806 0.353882
v 0.245911 0.242889 -0.424438
v 0.248413 0.260544 0.372681
v 0.248657 0.175026 -0.393555
v 0.248779 0.249413 -0.382080
v 0.249573 0.174149 -0.419006
v 0.250092 0.264954 0.390167
v 0.250702 0.224373 -0.392761
v 0.251923 0.148523 -0.416779
v 0.253510 0.181866 0.365417
v 0.255402 0.248016 0.390747
v 0.256226 0.155158 0.394775
v 0.256470 0.256935 -0.394928
v 0.256714 0.225471 0.392853
v 0.256897 0.199688 0.395050
v 0.257965 0.255264 -0.380890
v 0.258728 0.153261 0.368134
v 0.260620 0.169807 -0.414032
v 0.260956 0.245491 -0.414459
v 0.260986 0.148571 -0.385651
v 0.262634 0.229607 -0.373901
v 0.263672 0.220596 -0.411682
v 0.268707 0.235115 0.343933
v 0.269043 0.241920 -0.367249
v 0.270905 0.247849 -0.390106
v 0.271393 0.243675 0.330078
v 0.272034 0.245979 0.377625
v 0.273041 0.172333 0.384552
v 0.273163 0.181038 0.347748
v 0.274780 0.263809 0.369598
v 0.275848 0.222504 0.379700
v 0.275970 0.152854 0.356567
v 0.276215 0.165071 -0.402588
v 0.276917 0.259232 0.348541
v 0.278687 0.257538 0.322937
v 0.280396 0.220787 -0.400482
v 0.282349 0.155749 0.376984
v 0.283142 0.149226 -0.396912
v 0.283234 0.258492 -0.377136
v 0.283905 0.234665 0.327118
v 0.284515 0.255737 -0.361359
v 0.284546 0.177288 0.376709
v 0.285065 0.167034 -0.368835
v 0.285095 0.147585 -0.380920
v 0.285858 0.246933 -0.393799
v 0.287506 0.242317 0.367615
v 0.288574 0.251572 -0.353180
v 0.289612 0.255264 0.363892
v 0.292053 0.229385 -0.349243
v 0.292328 0.183289 0.328247
v 0.292816 0.263100 0.348785
v 0.293823 0.223366 -0.363312
v 0.295105 0.259148 0.322571
v 0.298309 0.154140 0.361694
v 0.300995 0.149027 -0.355347
v 0.301178 0.208855 0.361481
v 0.301239 0.240395 0.300171
v 0.301453 0.168814 0.363647
v 0.302216 0.239632 0.357056
v 0.303284 0.259026 0.301453
v 0.303955 0.243652 -0.382874
v 0.304291 0.176071 0.361786
v 0.305054 0.251884 -0.338898
v 0.307983 0.216080 0.353699
v 0.308228 0.200691 0.245773
v 0.308685 0.262932 0.340424
v 0.308777 0.180374 0.310516
v 0.309357 0.154260 -0.378082
v 0.309357 0.229507 -0.334656
v 0.311279 0.176174 0.255707
v 0.311310 0.233330 0.300751
v 0.312042 0.185024 -0.376862
v 0.312592 0.245369 0.250854
v 0.313324 0.257973 -0.352478
v 0.313660 0.197800 0.261261
v 0.314117 0.155438 0.349426
v 0.314606 0.154382 0.314087
v 0.314850 0.221512 -0.344910
v 0.315308 0.080563 0.373840
v 0.315460 0.045113 0.368835
v 0.315765 0.066879 0.342285
v 0.316956 0.230797 0.260071
v 0.317780 0.215363 0.346985
v 0.317871 0.160130 0.267578
v 0.318512 0.039833 0.347626
v 0.318573 0.257370 0.340240
v 0.319031 0.202171 0.295593
v 0.319153 0.246796 -0.353424
v 0.320007 0.192699 0.347778
v 0.320068 0.231476 0.238434
v 0.320251 0.242897 0.339264
v 0.320984 0.248932 -0.323029
v 0.321350 0.208893 0.237579
v 0.321564 0.231537 0.335327
v 0.322205 0.171003 0.343872
v 0.322327 0.263496 0.323730
v 0.322418 0.096149 0.348938
v 0.323212 0.046730 0.329346
v 0.323517 0.252876 0.268280
v 0.324036 0.258659 0.300354
v 0.324188 0.203522 0.336487
v 0.324371 0.159363 0.342957
v 0.324493 0.064133 0.397369
v 0.324768 0.205956 0.327911
v 0.325378 0.192448 0.264954
v 0.325439 0.257301 0.276062
v 0.325714 0.148916 -0.333160
v 0.325806 0.148953 -0.362183
v 0.325806 0.255623 0.246414
v 0.325958 0.075348 0.319611
v 0.325958 0.038322 0.391541
v 0.326050 0.163696 -0.363342
v 0.326111 0.171967 0.287933
v 0.326324 0.245934 -0.363464
v 0.326355 0.245895 0.321259
v 0.326813 0.173046 0.249008
v 0.326843 0.269012 0.276367
v 0.327209 0.216499 0.310577
v 0.327240 0.197132 -0.362091
v 0.327240 0.270203 0.262390
v 0.327332 0.170382 0.330566
v 0.327545 0.174728 0.292511
v 0.327545 0.236771 0.269073
v 0.328217 0.022507 0.369995
v 0.328247 0.216438 0.320251
v 0.329346 0.227882 -0.361572
v 0.329437 0.230331 0.280121
v 0.329773 0.221176 0.258698
v 0.329926 0.155418 0.324432
v 0.331116 0.169603 -0.326813
v 0.331665 0.177414 0.313934
v 0.332123 0.258118 0.312866
v 0.332153 0.156872 0.291077
v 0.332153 0.108799 0.371094
v 0.332520 0.151150 0.277191
v 0.332581 0.020683 0.341949
v 0.333893 0.243668 0.303467
v 0.334229 0.189312 0.249710
v 0.334290 0.111111 0.346588
v 0.334991 0.090733 0.402924
v 0.335266 0.258163 0.301483
v 0.335938 0.102825 0.325714
v 0.336639 0.258659 -0.319977
v 0.336700 0.279861 0.286835
v 0.336884 0.238861 0.248520
v 0.337402 0.202564 0.273071
v 0.337891 0.055183 0.306152
v 0.338196 0.036690 0.406067
v 0.338348 0.226845 0.269135
v 0.338440 0.138885 0.289368
v 0.338654 0.163805 -0.353119
v 0.338654 0.228058 -0.305328
v 0.338745 0.153685 0.295105
v 0.338898 0.270645 0.296082
v 0.339142 0.056519 0.414154
v 0.339630 0.196865 0.304932
v 0.339783 0.183746 0.274506
v 0.341583 0.258553 0.255768
v 0.341705 0.276245 0.268005
v 0.341705 0.279297 0.303528
v 0.342133 0.016861 0.390930
v 0.342163 0.255569 -0.327026
v 0.342316 0.163374 0.306885
v 0.343628 0.237724 0.240875
v 0.344025 0.259117 0.275787
v 0.344757 0.226646 0.262054
v 0.345001 0.247414 -0.325134
v 0.345093 0.268356 0.263489
v 0.345184 0.160252 0.266876
v 0.345215 0.140925 0.272583
v 0.346222 0.085991 0.303864
v 0.346252 0.082737 0.415863
v 0.346283 0.006546 0.367157
v 0.346344 0.261520 0.289001
v 0.346558 0.186138 0.260712
v 0.348083 0.159340 0.303375
v 0.348419 0.249619 -0.293457
v 0.348999 0.240692 0.291565
v 0.348999 0.022446 0.314209
v 0.349152 0.148481 -0.309021
v 0.349243 0.222466 -0.310730
v 0.349274 0.131066 0.319885
v 0.349365 0.254204 0.249069
v 0.349762 0.114708 0.390564
v 0.349976 0.153630 0.265411
v 0.350494 0.216476 0.291931
v 0.350494 0.263443 0.315643
v 0.350830 0.167673 0.292236
v 0.351318 0.122965 0.366608
v 0.351624 0.173702 0.309937
v 0.351898 0.114073 0.323364
v 0.352753 0.252792 0.261993
v 0.352783 0.257858 -0.314758
v 0.353027 0.203865 -0.340759
v 0.353485 0.167765 0.319824
v 0.353546 0.152330 0.318451
v 0.353546 0.245308 -0.340546
v 0.355469 0.149427 -0.336029
v 0.355652 0.254242 0.231400
v 0.356659 0.031807 0.414642
v 0.357208 0.154464 0.286102
v 0.357239 0.273544 0.284485
v 0.358032 0.228050 0.252502
v 0.358459 0.256943 -0.294434
v 0.358459 0.007935 0.385895
v 0.358612 0.227936 -0.277191
v 0.358704 0.227768 -0.335236
v 0.358978 0.155181 0.262390
v 0.359222 0.260376 0.265045
v 0.359314 0.163681 0.291718
v 0.359375 0.120550 0.327667
v 0.359619 0.258812 0.309662
v 0.359894 0.175949 0.254211
v 0.360504 0.248245 0.332947
v 0.360626 0.107800 0.405731
v 0.360748 0.248932 0.218170
v 0.361084 0.057869 0.294281
v 0.361176 0.280396 0.302307
v 0.361267 0.127186 0.345093
v 0.361603 0.258743 0.338837
v 0.362122 0.185654 -0.330078
v 0.362457 0.227455 0.218262
v 0.362701 0.182487 0.335144
v 0.362793 0.178268 0.341461
v 0.362915 0.133540 0.287933
v 0.363037 0.173065 -0.292572
v 0.363495 0.211609 -0.327881
v 0.363556 0.004440 0.331360
v 0.363739 0.059883 0.424835
v 0.363831 0.140098 0.284515
v 0.363953 0.172562 0.284790
v 0.363983 0.120543 0.317230
v 0.365051 0.153926 0.327087
v 0.365417 0.219437 0.281311
v 0.365479 0.031128 0.301514
v 0.365692 0.272659 0.328400
v 0.365845 0.167885 0.306519
v 0.366974 0.173332 0.299683
v 0.367676 0.218910 0.346222
v 0.367706 0.167501 -0.284393
v 0.367859 0.249199 -0.265106
v 0.367889 0.142686 0.299744
v 0.368042 0.222900 -0.283875
v 0.368561 0.209160 0.352783
v 0.369324 0.177692 0.325806
v 0.369415 0.239433 0.274658
v 0.369476 0.151639 0.295776
v 0.370178 0.174740 0.345978
v 0.370850 0.086353 0.423004
v 0.371277 0.233177 0.198700
v 0.371582 0.226517 -0.258636
v 0.371765 0.097256 0.303650
v 0.371887 0.164139 0.241699
v 0.372009 0.000000 0.364990
v 0.372223 0.036888 0.420624
v 0.373260 0.245514 -0.317505
v 0.373474 0.257835 0.268585
v 0.374084 0.127359 0.375732
v 0.374420 0.197853 0.273102
v 0.374573 0.175755 0.230423
v 0.374573 0.110020 0.310089
v 0.374573 0.000717 0.345734
v 0.374969 0.254509 0.233414
v 0.375031 0.235588 0.337372
v 0.375092 0.238068 0.354767
v 0.375122 0.204353 0.357941
v 0.375305 0.083050 0.293671
v 0.375366 0.122295 0.307587
v 0.375702 0.164314 -0.313416
v 0.375946 0.173332 0.326202
v 0.376221 0.224213 -0.314789
v 0.376526 0.248695 -0.251068
v 0.376740 0.253830 0.204041
v 0.377228 0.164711 0.334991
v 0.377655 0.251945 0.345947
v 0.377869 0.157684 0.289703
v 0.377960 0.196194 -0.313324
v 0.378113 0.258476 0.325775
v 0.378693 0.199924 0.338226
v 0.378784 0.141022 0.297272
v 0.378937 0.257095 -0.278534
v 0.379089 0.152964 0.231522
v 0.379639 0.222023 -0.271362
v 0.379700 0.117781 0.318146
v 0.380005 0.185673 -0.271240
v 0.380035 0.010269 0.319885
v 0.380524 0.148701 -0.270599
v 0.380554 0.150238 0.299927
v 0.380554 0.246475 -0.283447
v 0.380829 0.213943 0.264771
v 0.380829 0.046234 0.293640
v 0.381470 0.245476 0.183670
v 0.381805 0.208038 0.253082
v 0.382721 0.251595 0.214249
v 0.382843 0.182507 0.341187
v 0.383423 0.197750 0.353485
v 0.384308 0.224854 0.343048
v 0.384369 0.242737 0.253784
v 0.384644 0.111282 0.405396
v 0.384827 0.155160 0.262146
v 0.384979 0.015564 0.399872
v 0.385315 0.253708 0.232681
v 0.385529 0.227798 0.351807
v 0.385559 0.229408 -0.229233
v 0.385681 0.148903 -0.300507
v 0.386047 0.258072 0.249313
v 0.386414 0.257339 -0.252563
v 0.386536 0.126669 0.298248
v 0.386688 0.169596 0.207504
v 0.387665 0.143946 0.294220
v 0.387939 0.056854 0.426636
v 0.387970 0.128981 0.349396
v 0.388519 0.169106 -0.300323
v 0.388519 0.175941 0.197357
v 0.388580 0.174316 0.258850
v 0.388947 0.132086 0.305389
v 0.390198 0.222679 0.192001
v 0.390900 0.153212 0.205383
v 0.391693 0.224541 0.166687
v 0.392426 0.167763 -0.252594
v 0.392670 0.226212 -0.219406
v 0.393188 0.229202 0.157257
v 0.393555 0.255264 0.250397
v 0.393982 0.256180 -0.252014
v 0.394012 0.090725 0.302429
v 0.395569 0.149618 -0.283325
v 0.395599 0.215698 0.253265
v 0.396362 0.237366 0.248749
v 0.396759 0.221840 -0.247635
v 0.396820 0.247650 -0.210861
v 0.397339 0.250938 0.166351
v 0.398041 0.223022 -0.287720
v 0.398254 0.027710 0.408112
v 0.398376 0.180969 0.254303
v 0.398743 0.169107 0.252502
v 0.398834 0.249939 0.185165
v 0.399200 0.162174 -0.284241
v 0.400208 0.154059 0.178650
v 0.400269 0.244873 -0.284485
v 0.400330 0.221939 0.174683
v 0.400726 0.239624 0.144089
v 0.400787 0.245430 -0.248245
v 0.401245 0.120209 0.331818
v 0.401550 0.153878 0.244217
v 0.401764 0.166399 -0.235413
v 0.402435 0.032837 0.413361
v 0.402588 0.225655 -0.195847
v 0.402924 0.035133 0.395660
v 0.403839 0.041107 0.302612
v 0.404053 0.010956 0.385895
v 0.404144 0.120495 0.380829
v 0.404449 0.161444 0.251129
v 0.404480 0.152672 0.211258
v 0.404480 0.007248 0.350525
v 0.405029 0.211998 0.244980
v 0.405090 0.149099 -0.230682
v 0.405884 0.104515 0.404968
v 0.406372 0.063271 0.299011
v 0.406555 0.091785 0.414642
v 0.406708 0.068703 0.421143
v 0.406769 0.159044 0.167694
v 0.406891 0.257263 -0.220398
v 0.407867 0.174389 -0.221527
v 0.408386 0.151761 0.191208
v 0.408508 0.247375 -0.180923
v 0.408661 0.219078 0.156647
v 0.408997 0.224136 0.117943
v 0.409515 0.170322 -0.270538
v 0.409668 0.251625 0.211395
v 0.409698 0.213058 -0.271027
v 0.409882 0.247345 -0.263794
v 0.410370 0.026024 0.405396
v 0.410400 0.246483 0.140121
v 0.410431 0.133670 0.192535
v 0.410828 0.225914 -0.170624
v 0.410950 0.153776 -0.268311
v 0.410980 0.250214 0.187180
v 0.411469 0.242615 0.116318
v 0.411835 0.108513 0.322418
v 0.412292 0.172901 0.149124
v 0.412476 0.274445 0.186691
v 0.412628 0.021927 0.322998
v 0.412781 0.239609 -0.162369
v 0.414276 0.234207 0.102936
v 0.414307 0.188919 0.243820
v 0.414520 0.042221 0.413971
v 0.415314 0.212463 0.145630
v 0.415314 0.243050 -0.262360
v 0.415863 0.248238 0.148849
v 0.416595 0.219711 0.102570
v 0.416962 0.248795 0.169525
v 0.417053 0.220085 0.135574
v 0.417175 0.250389 0.192184
v 0.417328 0.196369 -0.206375
v 0.417389 0.172508 0.134842
v 0.417725 0.269257 0.143814
v 0.417847 0.222099 -0.200592
v 0.417908 0.046188 0.396484
v 0.418060 0.149333 0.159180
v 0.418152 0.242012 -0.218124
v 0.418365 0.252014 -0.162430
v 0.418488 0.156308 0.199615
v 0.418671 0.155728 0.217438
v 0.418762 0.211624 0.238510
v 0.418945 0.193008 -0.255463
v 0.419250 0.248016 -0.237076
v 0.419556 0.268845 0.155396
v 0.419647 0.228531 -0.253998
v 0.419769 0.094162 0.318939
v 0.419922 0.150609 0.142395
v 0.420593 0.254829 -0.193756
v 0.420990 0.149405 -0.248962
v 0.421021 0.240372 0.232864
v 0.421173 0.255699 0.229492
v 0.421265 0.224823 -0.144867
v 0.421356 0.133231 0.152161
v 0.421570 0.171459 0.241364
v 0.421600 0.230591 -0.128235
v 0.421753 0.249138 -0.143082
v 0.421936 0.042061 0.402740
v 0.422241 0.113575 0.353790
v 0.422333 0.165871 -0.191025
v 0.423309 0.223457 0.074677
v 0.423431 0.169405 0.127945
v 0.423492 0.217278 0.128571
v 0.423798 0.027176 0.396759
v 0.424377 0.254425 0.160034
v 0.424683 0.055771 0.384094
v 0.424957 0.015610 0.371307
v 0.425171 0.045349 0.316010
v 0.426147 0.222969 -0.163528
v 0.426147 0.083191 0.371887
v 0.426392 0.226212 -0.112625
v 0.426483 0.256027 -0.164703
v 0.426636 0.165596 -0.238907
v 0.426666 0.248039 -0.118866
v 0.426910 0.246010 0.122910
v 0.427277 0.019440 0.350494
v 0.427612 0.096321 0.391724
v 0.427704 0.052658 0.381409
v 0.427734 0.146264 0.158447
v 0.427795 0.251411 0.195099
v 0.427826 0.105679 0.373932
v 0.428040 0.046524 0.367371
v 0.428497 0.232750 0.091072
v 0.428528 0.067871 0.315186
v 0.428589 0.149328 -0.174591
v 0.428589 0.131377 0.126450
v 0.429504 0.063248 0.355499
v 0.429810 0.227463 0.021122
v 0.430115 0.224289 0.228882
v 0.430206 0.241203 -0.185715
v 0.430237 0.227592 -0.086746
v 0.430573 0.195370 -0.230743
v 0.430695 0.271912 0.124435
v 0.430878 0.155534 0.233765
v 0.431213 0.155108 0.112564
v 0.431366 0.220261 0.032368
v 0.431366 0.242561 -0.078621
v 0.431549 0.147879 -0.223068
v 0.431793 0.265572 0.110069
v 0.431946 0.238136 0.030947
v 0.431976 0.169470 0.107903
v 0.432190 0.260635 0.119232
v 0.432251 0.201202 -0.165573
v 0.432281 0.228073 -0.057064
v 0.432495 0.221565 -0.097862
v 0.432831 0.191620 0.229141
v 0.432861 0.230492 -0.230026
v 0.432983 0.199127 0.153336
v 0.432983 0.256821 -0.142532
v 0.433044 0.148495 0.151993
v 0.433167 0.221481 -0.012181
v 0.433258 0.218613 0.106445
v 0.433289 0.156982 0.158478
v 0.433319 0.238548 0.050274
v 0.433350 0.092190 0.337891
v 0.433807 0.243034 -0.232895
v 0.433929 0.173420 0.092842
v 0.434113 0.242844 0.106461
v 0.434265 0.172508 0.229614
v 0.434357 0.165024 -0.222717
v 0.434357 0.218079 0.074013
v 0.434418 0.240631 -0.018438
v 0.434753 0.071587 0.398010
v 0.434998 0.253319 0.152924
v 0.435608 0.169521 -0.148132
v 0.435638 0.247231 -0.047779
v 0.435699 0.223198 -0.046379
v 0.435760 0.242828 -0.163147
v 0.436127 0.211334 0.150436
v 0.436157 0.239090 0.217712
v 0.436249 0.273682 0.148804
v 0.436279 0.150447 0.199982
v 0.436310 0.202236 -0.225143
v 0.436523 0.219894 0.093834
v 0.436676 0.057220 0.391724
v 0.436859 0.220642 -0.140320
v 0.437286 0.232414 0.091980
v 0.437408 0.145114 0.116936
v 0.437714 0.198620 -0.216232
v 0.437714 0.255692 0.197449
v 0.437744 0.254639 -0.121483
v 0.437958 0.222137 0.158966
v 0.438019 0.244751 0.009816
v 0.438293 0.151160 0.221619
v 0.438324 0.253700 -0.098869
v 0.438354 0.087681 0.371216
v 0.438751 0.150324 -0.137970
v 0.439178 0.133392 0.198380
v 0.439362 0.190941 0.082054
v 0.439667 0.170092 0.063431
v 0.439819 0.212852 0.062531
v 0.439819 0.052185 0.382355
v 0.439880 0.043236 0.343658
v 0.440186 0.134506 0.100647
v 0.440613 0.149102 0.169083
v 0.440704 0.251854 0.118492
v 0.441010 0.130167 0.186676
v 0.441193 0.152796 0.086685
v 0.441315 0.042397 0.368134
v 0.441437 0.153795 0.056072
v 0.441528 0.246880 -0.185593
v 0.441803 0.077080 0.348450
v 0.441833 0.274673 0.192810
v 0.441895 0.192585 0.216736
v 0.442444 0.236618 0.078392
v 0.442810 0.167149 -0.120201
v 0.443085 0.217964 -0.107079
v 0.443298 0.203575 -0.128525
v 0.443481 0.150692 -0.200546
v 0.443512 0.259575 0.079742
v 0.443634 0.067268 0.352966
v 0.444000 0.247360 -0.019234
v 0.444031 0.254631 0.201752
v 0.444092 0.174011 0.212494
v 0.444122 0.204422 -0.117409
v 0.444427 0.149843 0.183899
v 0.444611 0.250359 -0.054276
v 0.444672 0.224243 -0.205933
v 0.444824 0.184116 0.167664
v 0.445038 0.163101 0.209335
v 0.445190 0.247154 -0.204391
v 0.445282 0.261490 0.109886
v 0.445465 0.241432 -0.125381
v 0.445587 0.268768 0.082344
v 0.446625 0.167397 0.024372
v 0.446686 0.169739 -0.093971
v 0.446777 0.129300 0.131805
v 0.447052 0.174202 0.012534
v 0.447235 0.175259 -0.049210
v 0.447357 0.216095 0.026478
v 0.447937 0.212448 0.175674
v 0.448120 0.218750 -0.028427
v 0.448151 0.197174 -0.095192
v 0.448242 0.207878 0.204544
v 0.448303 0.167013 -0.075676
v 0.448334 0.169659 -0.020267
v 0.448730 0.168549 -0.039711
v 0.448853 0.246651 -0.159073
v 0.448883 0.149639 0.048977
v 0.448883 0.220909 -0.071854
v 0.449097 0.269073 0.048244
v 0.449310 0.234695 0.176270
v 0.449554 0.254097 0.178879
v 0.449646 0.213387 -0.058571
v 0.449707 0.150047 -0.085640
v 0.449921 0.167791 -0.010436
v 0.450348 0.150503 -0.006609
v 0.450500 0.200310 -0.188522
v 0.450592 0.171534 0.181564
v 0.450775 0.233398 0.191208
v 0.451111 0.244240 -0.082222
v 0.451324 0.195415 0.188065
v 0.451355 0.237808 -0.126251
v 0.451385 0.147717 -0.169495
v 0.451416 0.216187 -0.007800
v 0.451691 0.189739 -0.179962
v 0.451691 0.130546 0.036358
v 0.451721 0.251328 -0.068336
v 0.451782 0.147760 0.012444
v 0.451965 0.147714 -0.063988
v 0.452057 0.133087 -0.058556
v 0.452240 0.147446 0.122116
v 0.452545 0.258331 -0.060596
v 0.453430 0.239525 0.030981
v 0.453552 0.161854 -0.174057
v 0.453552 0.244156 -0.060276
v 0.453674 0.230721 -0.182938
v 0.454132 0.243423 -0.038849
v 0.454224 0.261002 -0.047935
v 0.454254 0.253578 0.153305
v 0.454376 0.147913 0.154648
v 0.454926 0.242401 -0.010724
v 0.455017 0.137086 0.114487
v 0.455078 0.263840 0.027164
v 0.455109 0.249741 0.122482
v 0.455658 0.145999 -0.028614
v 0.455963 0.273499 0.001162
v 0.456116 0.273285 -0.066147
v 0.456421 0.270859 -0.036388
v 0.456512 0.253166 0.009411
v 0.456543 0.162136 -0.160004
v 0.456543 0.240433 -0.014098
v 0.456573 0.257980 -0.027302
v 0.456573 0.271194 0.045597
v 0.456696 0.247818 0.023750
v 0.456848 0.182251 -0.167419
v 0.456879 0.126940 -0.002750
v 0.457397 0.131396 -0.023476
v 0.457611 0.267776 -0.080589
v 0.457977 0.273056 0.131195
v 0.458130 0.221741 -0.171539
v 0.458923 0.128574 -0.073952
v 0.459167 0.139054 0.152161
v 0.459442 0.197701 -0.155716
v 0.459686 0.246826 -0.118210
v 0.459961 0.261589 0.149948
v 0.460571 0.143622 0.014379
v 0.461548 0.148516 -0.141068
v 0.461609 0.131831 0.135178
v 0.462158 0.270020 0.137695
v 0.462921 0.248711 0.126587
v 0.463013 0.130016 0.091621
v 0.463348 0.247353 -0.087219
v 0.463654 0.245689 -0.162079
v 0.464417 0.146129 -0.085297
v 0.464417 0.151216 0.123642
v 0.464630 0.225906 -0.149521
v 0.465027 0.155236 0.110542
v 0.465027 0.188805 -0.133179
v 0.465027 0.236755 0.107430
v 0.465210 0.262146 0.106178
v 0.465424 0.167459 -0.134308
v 0.465698 0.147007 -0.012726
v 0.466125 0.136859 0.106430
v 0.467163 0.195503 -0.122803
v 0.467194 0.127047 -0.027922
v 0.467224 0.166071 -0.123360
v 0.467255 0.147545 -0.115837
v 0.467987 0.273560 -0.055630
v 0.468750 0.245552 -0.085335
v 0.468842 0.232048 0.103470
v 0.469238 0.228622 -0.130508
v 0.469696 0.128222 0.034107
v 0.470093 0.163816 0.095345
v 0.470398 0.204926 -0.091393
v 0.470703 0.247215 -0.018818
v 0.471130 0.268387 0.062759
v 0.471252 0.192837 -0.114822
v 0.471375 0.247215 -0.018505
v 0.471527 0.139323 0.017984
v 0.471832 0.161543 -0.092247
v 0.472290 0.149964 -0.084076
v 0.472534 0.228363 -0.097115
v 0.473816 0.217995 -0.010836
v 0.474182 0.223366 -0.084274
v 0.474243 0.227501 -0.112617
v 0.474457 0.161743 -0.006116
v 0.474609 0.185009 -0.102486
v 0.474701 0.169109 -0.017004
v 0.474701 0.245850 -0.118225
v 0.474915 0.243141 -0.006894
v 0.474915 0.249092 0.019997
v 0.475708 0.185013 -0.012782
v 0.476227 0.243324 -0.053787
v 0.476410 0.273636 -0.068054
v 0.476440 0.132275 0.037579
v 0.476807 0.238625 0.038387
v 0.476990 0.248337 -0.040634
v 0.477722 0.156080 0.032562
v 0.477875 0.234787 -0.013811
v 0.478424 0.263382 0.031872
v 0.479248 0.247185 -0.057968
v 0.480743 0.231514 0.045467
v 0.481140 0.125422 -0.000919
v 0.482300 0.146427 -0.025805
v 0.482300 0.130190 0.012230
v 0.482513 0.249756 -0.018612
v 0.483215 0.159811 0.030615
v 0.483612 0.250633 0.015919
v 0.484283 0.273499 0.008105
v 0.486115 0.221985 -0.001362
v 0.486267 0.250084 -0.056736
v 0.487091 0.242798 -0.024412
v 0.487793 0.159302 -0.000802
v 0.487823 0.239235 0.007920
v 0.488251 0.146825 -0.056099
v 0.488373 0.149005 0.001766
v 0.489166 0.219696 -0.020630
v 0.489532 0.253029 -0.003467
v 0.490082 0.144201 -0.003422
v 0.490570 0.265945 0.000221
v 0.490814 0.140285 -0.080162
v 0.490875 0.175251 -0.026047
v 0.491058 0.182167 -0.081413
v 0.491089 0.167336 -0.058731
v 0.491241 0.160412 -0.029510
v 0.492035 0.131338 -0.010277
v 0.492310 0.242157 -0.058743
v 0.493286 0.225395 -0.057129
v 0.493927 0.193104 -0.024429
v 0.495056 0.128571 -0.070938
v 0.495361 0.172962 -0.046375
v 0.495483 0.259315 -0.078514
v 0.495789 0.140412 -0.051331
v 0.496063 0.271744 -0.068634
v 0.497040 0.242966 -0.041546
v 0.497803 0.212723 -0.044613
v 0.498138 0.266327 -0.048031
v 0.498383 0.253059 -0.061295
v 0.498810 0.149263 -0.075157
v 0.499420 0.149369 -0.063637
v 0.499725 0.137014 -0.066536
v 0.500000 0.253510 -0.071938
v -0.000457 0.231125 -0.449341
v -0.002104 0.222801 -0.459442
v -0.003554 0.245628 -0.485962
v -0.003614 0.251694 -0.450073
v -0.004598 0.164473 -0.484589
v -0.004627 0.263985 0.467224
v -0.004644 0.213463 0.460175
v -0.005121 0.145833 -0.473572
v -0.006162 0.153296 0.462921
v -0.007084 0.243057 0.447296
v -0.010511 0.208267 -0.483643
v -0.011283 0.174072 0.485809
v -0.013129 0.262779 0.445435
v -0.013923 0.154637 0.483704
v -0.014713 0.221443 0.485535
v -0.015654 0.228828 -0.484039
v -0.016771 0.262840 0.484772
v -0.017355 0.146527 -0.457367
v -0.017542 0.189583 -0.458221
v -0.021725 0.167318 -0.484711
v -0.022562 0.249435 -0.448486
v -0.023993 0.246780 0.484375
v -0.024494 0.257614 0.443024
v -0.025078 0.179646 0.460236
v -0.027824 0.247009 -0.469452
v -0.028717 0.179550 0.486328
v -0.028744 0.240616 0.457153
v -0.030294 0.148118 -0.481812
v -0.031464 0.265236 0.472229
v -0.034431 0.223732 -0.457489
v -0.036068 0.175285 -0.457428
v -0.036068 0.200718 -0.482452
v -0.036938 0.239494 0.485718
v -0.039886 0.262039 0.485016
v -0.040623 0.154065 0.481628
v -0.041142 0.224030 -0.482605
v -0.041389 0.231224 -0.447937
v -0.043728 0.253525 -0.464935
v -0.044937 0.265594 0.446014
v -0.046917 0.212608 0.484802
v -0.048290 0.153942 0.460205
v -0.049332 0.252563 -0.449799
v -0.049625 0.189941 0.457672
v -0.050240 0.173725 0.484650
v -0.050495 0.244316 0.443420
v -0.051071 0.146464 -0.478577
v -0.052822 0.244392 -0.481598
v -0.053692 0.170307 -0.480957
v -0.055084 0.268356 0.458435
v -0.059341 0.239784 0.454773
v -0.059757 0.259415 0.438843
v -0.061138 0.188717 -0.455200
v -0.061253 0.229813 -0.479218
v -0.062958 0.247620 0.481445
v -0.064651 0.161564 -0.453247
v -0.065887 0.152591 0.465790
v -0.067787 0.223274 -0.454315
v -0.068611 0.243179 -0.443268
v -0.068642 0.154867 0.481354
v -0.072052 0.181484 0.454742
v -0.075439 0.264717 0.468964
v -0.077568 0.263557 0.461334
v -0.078278 0.238022 0.481506
v -0.078423 0.179199 0.482208
v -0.079460 0.238564 0.452057
v -0.079819 0.146820 -0.451019
v -0.080177 0.265564 0.442291
v -0.080345 0.261169 0.479340
v -0.080368 0.246727 -0.463379
v -0.081993 0.227570 -0.477020
v -0.082466 0.252899 -0.459076
v -0.083748 0.251770 -0.445740
v -0.085091 0.231171 -0.441345
v -0.085114 0.168802 -0.476288
v -0.085876 0.202782 -0.475464
v -0.086143 0.244606 -0.476624
v -0.087883 0.168592 0.452240
v -0.088501 0.224556 -0.450684
v -0.089752 0.220627 0.450073
v -0.091011 0.244331 0.436401
v -0.094376 0.245712 0.477112
v -0.096344 0.165686 -0.449371
v -0.096985 0.157782 0.451965
v -0.097580 0.166874 0.478546
v -0.099808 0.268448 0.452728
v -0.099846 0.257637 0.430756
v -0.101685 0.152933 0.473358
v -0.101761 0.161079 -0.471680
v -0.102859 0.216034 0.477051
v -0.103241 0.246063 -0.437683
v -0.104240 0.266144 0.437653
v -0.106735 0.252464 -0.444672
v -0.108574 0.200714 -0.469971
v -0.109230 0.153596 0.450928
v -0.109650 0.217110 0.448212
v -0.110832 0.185482 0.446838
v -0.113487 0.223885 -0.470428
v -0.119179 0.224037 -0.443970
v -0.120621 0.244286 0.472351
v -0.121819 0.167454 -0.467010
v -0.122612 0.154364 0.473236
v -0.122955 0.187294 0.473633
v -0.124489 0.245918 -0.468445
v -0.124756 0.262566 0.451202
v -0.125916 0.237373 0.441406
v -0.125931 0.174778 0.444611
v -0.126450 0.146878 -0.440979
v -0.126678 0.230972 -0.432587
v -0.126816 0.146214 -0.464294
v -0.126907 0.225731 -0.466248
v -0.126938 0.268066 0.444611
v -0.127884 0.247139 -0.451233
v -0.127991 0.262360 0.469788
v -0.130600 0.263138 0.426544
v -0.131500 0.171373 0.470978
v -0.134552 0.160282 -0.462250
v -0.139252 0.252090 -0.444153
v -0.139999 0.265388 0.455872
v -0.141342 0.243584 -0.464478
v -0.142487 0.249245 -0.430603
v -0.143265 0.242783 0.423981
v -0.143631 0.258041 0.419708
v -0.145859 0.222633 -0.437592
v -0.146896 0.189522 -0.458984
v -0.148407 0.214134 0.466278
v -0.148987 0.228363 -0.460480
v -0.149536 0.211533 -0.458038
v -0.150330 0.153487 0.439240
v -0.151642 0.153867 0.464325
v -0.153168 0.232140 -0.424774
v -0.153824 0.167068 -0.433258
v -0.154068 0.245956 -0.455872
v -0.157379 0.241974 0.463104
v -0.159363 0.263893 0.419922
v -0.159515 0.177155 0.463409
v -0.160599 0.169706 0.434021
v -0.161423 0.267990 0.434845
v -0.161926 0.262436 0.458435
v -0.162155 0.237534 0.431519
v -0.164825 0.246819 0.458679
v -0.167984 0.167868 -0.451904
v -0.169266 0.263603 0.438293
v -0.170090 0.146327 -0.427460
v -0.170227 0.242653 -0.452301
v -0.170670 0.216721 0.459015
v -0.171814 0.145746 -0.449341
v -0.171951 0.222626 -0.427155
v -0.172073 0.247131 -0.438171
v -0.172165 0.245872 -0.418762
v -0.174805 0.159773 -0.447968
v -0.175461 0.251427 -0.429840
v -0.175507 0.173706 -0.425049
v -0.179077 0.238342 0.424438
v -0.179672 0.181324 0.456268
v -0.179718 0.154347 0.454315
v -0.179855 0.194290 -0.446259
v -0.180908 0.259041 0.406372
v -0.183975 0.165516 -0.422791
v -0.187485 0.214119 -0.421753
v -0.189163 0.263382 0.449280
v -0.189438 0.265358 0.412506
v -0.189651 0.217201 0.451874
v -0.191452 0.177155 0.422852
v -0.191635 0.242874 0.404907
v -0.192825 0.226692 -0.442169
v -0.196106 0.266556 0.423248
v -0.196381 0.152219 0.421173
v -0.199249 0.198341 0.417816
v -0.199921 0.165419 -0.439697
v -0.200638 0.245171 -0.438660
v -0.200867 0.185040 0.447571
v -0.200867 0.222519 -0.414429
v -0.202133 0.241745 -0.405029
v -0.203201 0.166468 -0.413239
v -0.206100 0.189606 -0.436554
v -0.207031 0.237068 0.413666
v -0.207550 0.153422 0.442474
v -0.208389 0.230865 -0.403015
v -0.210968 0.245415 0.440369
v -0.211060 0.250671 -0.414642
v -0.212448 0.156761 0.411957
v -0.213272 0.189819 -0.409241
v -0.214462 0.260719 0.439178
v -0.214676 0.220757 -0.432343
v -0.216034 0.161695 -0.431549
v -0.217072 0.206161 0.439056
v -0.217407 0.146587 -0.430267
v -0.219254 0.263039 0.418671
v -0.220276 0.148302 -0.405396
v -0.220459 0.264580 0.397766
v -0.221497 0.237823 0.405457
v -0.221924 0.177593 0.407990
v -0.223358 0.228485 -0.427246
v -0.223892 0.186241 -0.426849
v -0.223969 0.256813 0.385864
v -0.224731 0.151626 -0.428894
v -0.224945 0.178860 0.435730
v -0.226212 0.243889 -0.426483
v -0.227936 0.246056 -0.394470
v -0.231689 0.241417 0.385712
v -0.232391 0.222092 -0.398499
v -0.232437 0.245140 0.430145
v -0.235229 0.204727 0.429779
v -0.237457 0.173214 0.399597
v -0.240005 0.230225 -0.386230
v -0.240112 0.161989 -0.419556
v -0.240189 0.238472 0.397400
v -0.241608 0.147403 -0.392975
v -0.243561 0.147858 -0.417877
v -0.244125 0.244942 -0.418457
v -0.246002 0.247154 -0.402893
v -0.246063 0.219833 -0.416504
v -0.246277 0.204849 -0.391449
v -0.246689 0.152298 0.395996
v -0.247009 0.261467 0.421509
v -0.247696 0.264511 0.394684
v -0.248550 0.259384 0.372192
v -0.249512 0.190472 -0.413879
v -0.250671 0.151949 0.418701
v -0.256561 0.198029 0.387695
v -0.258698 0.240776 0.370880
v -0.258728 0.161541 -0.408478
v -0.259918 0.205399 0.415527
v -0.259979 0.167791 -0.383087
v -0.260895 0.236229 0.415222
v -0.261017 0.231087 -0.407532
v -0.263031 0.236496 0.381531
v -0.264404 0.175945 0.413116
v -0.268921 0.230865 -0.366699
v -0.269318 0.264175 0.377075
v -0.269531 0.148037 -0.375732
v -0.270721 0.246414 -0.368500
v -0.271240 0.245842 -0.398712
v -0.274689 0.151996 0.375641
v -0.275330 0.245087 0.403839
v -0.275879 0.222237 -0.397583
v -0.277283 0.259109 0.351654
v -0.277863 0.167843 -0.397217
v -0.280487 0.222748 -0.367523
v -0.280609 0.259590 0.401703
v -0.281189 0.218971 0.370819
v -0.284943 0.164595 -0.364288
v -0.285461 0.249062 -0.366333
v -0.287109 0.173012 0.365723
v -0.290649 0.235413 0.395660
v -0.292847 0.237328 0.360046
v -0.292999 0.230255 -0.349518
v -0.293671 0.151585 0.392548
v -0.295135 0.244019 -0.383362
v -0.295441 0.247215 -0.350922
v -0.297913 0.247597 0.336609
v -0.298065 0.228737 -0.380615
v -0.298126 0.262192 0.362946
v -0.299255 0.147895 -0.379517
v -0.302795 0.186314 0.385651
v -0.303345 0.163567 -0.376160
v -0.303741 0.258423 0.333466
v -0.303772 0.222427 -0.349701
v -0.303772 0.241295 0.384247
v -0.304382 0.147912 -0.350037
v -0.304962 0.152353 0.352020
v -0.307159 0.240433 0.333588
v -0.310822 0.236282 0.346619
v -0.310822 0.242432 -0.371521
v -0.311829 0.177872 -0.342651
v -0.312592 0.262260 0.340057
v -0.313110 0.174156 0.376007
v -0.313141 0.179226 0.344025
v -0.313232 0.243774 -0.334381
v -0.315674 0.260033 0.374878
v -0.316040 0.249115 -0.340851
v -0.318451 0.236435 0.373962
v -0.318512 0.228958 -0.364166
v -0.321777 0.229149 -0.325500
v -0.322418 0.151007 0.367645
v -0.323029 0.222351 -0.333740
v -0.323120 0.167864 -0.334045
v -0.323608 0.161308 -0.360291
v -0.325989 0.235802 0.332275
v -0.326385 0.209023 0.365784
v -0.326477 0.244087 0.365448
v -0.328918 0.252945 0.309570
v -0.329468 0.148395 -0.356140
v -0.329468 0.171740 -0.356720
v -0.331268 0.175583 0.327942
v -0.331421 0.147808 -0.326996
v -0.332916 0.259911 0.311981
v -0.334442 0.262215 0.329468
v -0.334747 0.185253 -0.324951
v -0.334778 0.241707 -0.312500
v -0.337463 0.198925 0.355865
v -0.337860 0.164574 0.355347
v -0.339417 0.237564 0.355347
v -0.341522 0.234322 0.317688
v -0.342224 0.196857 -0.344604
v -0.342560 0.248566 -0.314545
v -0.343262 0.221939 -0.313171
v -0.344788 0.152116 0.315918
v -0.344849 0.163521 -0.313873
v -0.344910 0.259575 0.349274
v -0.345337 0.243416 -0.343018
v -0.345581 0.259323 0.331726
v -0.346313 0.223740 -0.341705
v -0.346313 0.241791 0.294312
v -0.346893 0.167908 -0.341644
v -0.347809 0.150522 0.343445
v -0.348328 0.181255 0.310455
v -0.350464 0.231857 -0.294647
v -0.354645 0.256126 0.285858
v -0.357758 0.168659 -0.300507
v -0.357788 0.203888 0.335571
v -0.358887 0.248611 -0.291168
v -0.359070 0.174671 0.301086
v -0.359406 0.148876 -0.297668
v -0.359711 0.162497 -0.327606
v -0.360382 0.194031 -0.327881
v -0.361206 0.241722 0.331024
v -0.363129 0.231255 -0.323975
v -0.363556 0.222511 -0.293579
v -0.364014 0.154096 0.329590
v -0.364105 0.260017 0.283844
v -0.364746 0.259918 0.321198
v -0.366333 0.174164 0.328125
v -0.366394 0.170227 0.291962
v -0.366852 0.234077 0.289551
v -0.366882 0.258301 0.326202
v -0.367065 0.225342 -0.321716
v -0.369568 0.243759 -0.320068
v -0.370728 0.148081 -0.317902
v -0.373596 0.239433 0.265747
v -0.374939 0.256180 0.265137
v -0.376038 0.165651 -0.312805
v -0.377319 0.229675 -0.264252
v -0.378082 0.249313 -0.272522
v -0.380188 0.231094 0.310730
v -0.380280 0.241875 -0.259308
v -0.380768 0.230873 0.274078
v -0.380890 0.220497 -0.274078
v -0.381500 0.244881 -0.303833
v -0.381561 0.152186 0.275970
v -0.382446 0.194927 -0.304688
v -0.382477 0.174980 0.309906
v -0.384644 0.172447 0.271881
v -0.384674 0.148288 -0.269073
v -0.386292 0.256950 0.302460
v -0.390961 0.210114 0.297729
v -0.391541 0.228134 -0.291992
v -0.392090 0.241440 0.240433
v -0.393005 0.246117 -0.244034
v -0.393066 0.173714 0.259277
v -0.393524 0.154737 0.296783
v -0.394318 0.168228 -0.253448
v -0.394562 0.233185 0.257324
v -0.395569 0.257065 0.241928
v -0.396545 0.172810 -0.289734
v -0.396576 0.148331 -0.285980
v -0.397156 0.240181 0.287720
v -0.397797 0.249405 -0.249802
v -0.397858 0.243340 -0.285065
v -0.398560 0.163839 -0.285187
v -0.399536 0.238632 -0.228989
v -0.399811 0.258049 0.284760
v -0.401886 0.257851 0.262146
v -0.401917 0.201099 -0.278992
v -0.402740 0.223083 -0.239227
v -0.404236 0.200447 0.281677
v -0.404602 0.176693 0.242889
v -0.405426 0.170979 0.282410
v -0.406067 0.148705 -0.238403
v -0.407043 0.254066 0.222534
v -0.408508 0.227692 -0.268402
v -0.408813 0.151453 0.238281
v -0.408936 0.229271 -0.216446
v -0.409149 0.235321 0.220001
v -0.409210 0.173359 -0.232239
v -0.409546 0.185890 -0.270020
v -0.410645 0.150357 0.267029
v -0.412201 0.244492 0.209747
v -0.413422 0.242340 -0.206650
v -0.414612 0.256805 0.219772
v -0.415497 0.248901 -0.215256
v -0.417725 0.155118 0.265533
v -0.417938 0.218147 -0.214600
v -0.418274 0.227364 0.260742
v -0.419373 0.224602 -0.253967
v -0.419739 0.169315 -0.212006
v -0.420990 0.199436 0.256958
v -0.422607 0.239876 0.250732
v -0.423889 0.255119 0.252960
v -0.424835 0.223152 -0.199554
v -0.426422 0.171257 0.208191
v -0.426453 0.148870 -0.244949
v -0.426819 0.171730 -0.199966
v -0.427307 0.231339 0.203766
v -0.427399 0.243515 -0.241058
v -0.428589 0.255646 0.195007
v -0.429230 0.170610 0.248001
v -0.429321 0.189068 -0.239502
v -0.429626 0.164267 -0.192642
v -0.429657 0.230049 -0.235809
v -0.430389 0.249092 -0.189987
v -0.430634 0.231285 0.242554
v -0.430695 0.170437 0.198441
v -0.431976 0.228851 -0.170944
v -0.432526 0.152394 0.196655
v -0.433228 0.252106 0.175735
v -0.433655 0.220016 0.194977
v -0.434418 0.169424 0.236435
v -0.434509 0.234711 0.171936
v -0.434540 0.180088 0.188782
v -0.435059 0.148880 -0.184601
v -0.435883 0.243279 -0.160904
v -0.437347 0.245842 0.162628
v -0.437683 0.170164 -0.176025
v -0.438110 0.254265 0.227066
v -0.438263 0.222351 -0.221298
v -0.438324 0.148079 -0.221481
v -0.439056 0.230171 0.179993
v -0.439270 0.220901 -0.172897
v -0.439453 0.249802 -0.170959
v -0.440460 0.180443 0.179443
v -0.440887 0.232681 0.223389
v -0.440948 0.150607 0.216156
v -0.441711 0.230263 -0.142487
v -0.441742 0.170078 -0.219345
v -0.443604 0.254921 0.168869
v -0.444489 0.149222 -0.165619
v -0.445709 0.249123 0.215027
v -0.445953 0.207954 0.216888
v -0.446228 0.151895 0.216354
v -0.446503 0.230751 -0.202286
v -0.446655 0.177944 0.167313
v -0.446747 0.248840 -0.153580
v -0.446930 0.230682 0.161758
v -0.447296 0.171776 0.217758
v -0.448425 0.243752 -0.201233
v -0.449249 0.173206 -0.151413
v -0.449341 0.194225 -0.200607
v -0.449402 0.173573 0.156387
v -0.449463 0.244926 -0.122963
v -0.449890 0.254105 0.145859
v -0.450470 0.174820 0.208542
v -0.451752 0.247604 0.125946
v -0.451813 0.152112 0.153885
v -0.452423 0.219345 0.153183
v -0.453217 0.229721 -0.106873
v -0.453278 0.229446 0.144516
v -0.453430 0.222031 -0.139252
v -0.455475 0.148136 -0.188629
v -0.455566 0.234848 0.112946
v -0.455994 0.149882 -0.136444
v -0.457245 0.223869 -0.185654
v -0.457611 0.174244 0.131943
v -0.457825 0.227638 0.135406
v -0.458160 0.252846 0.185562
v -0.458527 0.248146 -0.142929
v -0.458710 0.243111 -0.092064
v -0.459106 0.249062 -0.113319
v -0.459351 0.163282 -0.181122
v -0.459625 0.233681 0.188507
v -0.460693 0.239250 0.181808
v -0.460815 0.253838 0.122360
v -0.461243 0.244255 0.091354
v -0.462067 0.157370 0.188644
v -0.462158 0.224281 -0.110268
v -0.462799 0.174088 -0.115196
v -0.463379 0.152013 0.114906
v -0.463440 0.150485 0.172821
v -0.463623 0.197216 -0.171753
v -0.464508 0.171251 0.106453
v -0.464600 0.169554 -0.104271
v -0.464752 0.206909 0.178345
v -0.465057 0.228180 0.104462
v -0.465179 0.150599 -0.105896
v -0.465576 0.230423 -0.062645
v -0.465759 0.252029 0.091743
v -0.466370 0.243629 -0.060776
v -0.466919 0.204773 -0.100212
v -0.468018 0.172014 0.171890
v -0.468445 0.229874 -0.157700
v -0.468658 0.249466 -0.086082
v -0.468842 0.231178 0.165298
v -0.468872 0.227882 0.082222
v -0.468933 0.250740 0.165039
v -0.469666 0.166920 -0.088882
v -0.469910 0.224396 -0.075584
v -0.469910 0.242828 -0.157776
v -0.470093 0.233032 0.047749
v -0.470886 0.248642 -0.066437
v -0.471222 0.250999 0.074532
v -0.471710 0.152074 0.075722
v -0.471954 0.174240 0.069420
v -0.472473 0.244331 0.030188
v -0.472473 0.246185 -0.024359
v -0.472595 0.180241 0.161606
v -0.472717 0.199364 -0.153687
v -0.472870 0.231400 0.001407
v -0.472992 0.244392 0.008490
v -0.473145 0.250046 0.052605
v -0.473175 0.165932 -0.152924
v -0.473907 0.227058 0.057331
v -0.474243 0.244423 -0.139282
v -0.474640 0.151000 -0.064407
v -0.474915 0.225029 -0.039722
v -0.475098 0.173874 0.039677
v -0.475189 0.249588 0.146759
v -0.475433 0.224632 0.047291
v -0.475494 0.151912 0.048668
v -0.475494 0.171625 -0.043694
v -0.475647 0.207130 -0.142654
v -0.476166 0.226822 0.020435
v -0.476257 0.150215 0.141403
v -0.476257 0.226143 -0.010559
v -0.476562 0.171206 0.010020
v -0.476746 0.173447 -0.009614
v -0.476959 0.170431 0.143051
v -0.477020 0.151500 0.016148
v -0.477295 0.147941 -0.135468
v -0.477356 0.236145 0.135757
v -0.477478 0.151854 -0.023129
v -0.477539 0.219582 0.005017
v -0.478607 0.231544 0.137009
v -0.478729 0.250198 0.025318
v -0.479767 0.249123 -0.038937
v -0.479828 0.243286 -0.120804
v -0.479889 0.211456 0.135117
v -0.482147 0.172829 0.126740
v -0.482819 0.150073 0.115082
v -0.482971 0.249512 0.109718
v -0.483124 0.171329 -0.126724
v -0.483185 0.224289 -0.120895
v -0.483368 0.248817 -0.006277
v -0.486755 0.231415 -0.098640
v -0.487762 0.169685 -0.111969
v -0.488007 0.163483 -0.105354
v -0.488983 0.154623 0.092529
v -0.489288 0.247261 0.090149
v -0.489716 0.179485 0.101219
v -0.490112 0.228012 0.090736
v -0.490112 0.234680 0.078171
v -0.490234 0.217766 -0.096596
v -0.490417 0.243439 -0.082710
v -0.490845 0.149425 0.068031
v -0.490936 0.148498 -0.090034
v -0.492249 0.168089 -0.082458
v -0.492340 0.166950 0.085022
v -0.492340 0.222664 -0.081810
v -0.492584 0.173141 -0.092491
v -0.494354 0.168114 0.063957
v -0.494568 0.243614 -0.061619
v -0.494812 0.149718 0.048950
v -0.494812 0.199360 0.068298
v -0.496490 0.246407 0.050373
v -0.496521 0.149227 -0.017107
v -0.496674 0.227341 0.051289
v -0.496765 0.191441 -0.057053
v -0.496887 0.229935 -0.043930
v -0.496918 0.206413 0.041321
v -0.497650 0.151636 -0.045574
v -0.497955 0.232277 0.019804
v -0.498108 0.170414 0.019892
v -0.498291 0.242737 -0.034676
v -0.498383 0.165266 -0.013811
v -0.498444 0.158144 0.031940
v -0.498871 0.165907 -0.026159
v -0.498871 0.209549 0.030432
v -0.499329 0.199745 0.007061
v -0.499359 0.244476 0.026115
v -0.499390 0.227119 -0.013821
v -0.499481 0.244392 0.000686
v -0.499512 0.196384 -0.020231
v -0.500000 0.174980 -0.006980
vt 0.317383 0.282959
vt 0.323975 0.297363
vt 0.305420 0.295410
vt 0.306885 0.321777
vt 0.353760 0.294678
vt 0.333740 0.321533
vt 0.350342 0.302490
vt 0.347656 0.348877
vt 0.362793 0.324951
vt 0.370361 0.312256
vt 0.372559 0.347168
vt 0.394043 0.280029
vt 0.351562 0.281738
vt 0.355713 0.264893
vt 0.321045 0.263916
vt 0.387939 0.263428
vt 0.287354 0.267578
vt 0.415771 0.275635
vt 0.421631 0.293457
vt 0.400879 0.313477
vt 0.270264 0.285156
vt 0.257568 0.267578
vt 0.238281 0.286133
vt 0.264648 0.296143
vt 0.243408 0.299072
vt 0.289795 0.300781
vt 0.270752 0.304688
vt 0.261719 0.353027
vt 0.239746 0.353760
vt 0.286377 0.325195
vt 0.291504 0.347412
vt 0.253174 0.364502
vt 0.315430 0.347656
vt 0.312012 0.352783
vt 0.290771 0.364014
vt 0.318604 0.363281
vt 0.355957 0.361328
vt 0.273193 0.382080
vt 0.254639 0.386475
vt 0.239746 0.382324
vt 0.305908 0.383057
vt 0.275391 0.389160
vt 0.253906 0.400879
vt 0.302979 0.391357
vt 0.285645 0.401611
vt 0.332275 0.385498
vt 0.335449 0.363770
vt 0.400391 0.360107
vt 0.405273 0.347900
vt 0.387695 0.343994
vt 0.418945 0.340820
vt 0.355225 0.381348
vt 0.380859 0.377686
vt 0.413330 0.380371
vt 0.383057 0.384277
vt 0.364746 0.389160
vt 0.396729 0.390625
vt 0.418701 0.387939
vt 0.409668 0.398926
vt 0.360596 0.399658
vt 0.322510 0.400146
vt 0.389893 0.407227
vt 0.427734 0.405029
vt 0.414307 0.410156
vt 0.418945 0.450928
vt 0.399902 0.448486
vt 0.392090 0.470459
vt 0.429688 0.453857
vt 0.375977 0.454346
vt 0.359375 0.472168
vt 0.352783 0.411865
vt 0.324463 0.455811
vt 0.327393 0.472168
vt 0.331055 0.410645
vt 0.304199 0.459229
vt 0.289551 0.473389
vt 0.305176 0.410400
vt 0.292480 0.440674
vt 0.279785 0.455078
vt 0.259277 0.471924
vt 0.281250 0.409424
vt 0.270264 0.446777
vt 0.260742 0.409668
vt 0.236328 0.408691
vt 0.479492 0.686768
vt 0.464844 0.687744
vt 0.468018 0.676514
vt 0.467529 0.702637
vt 0.433838 0.677979
vt 0.444092 0.690918
vt 0.447266 0.671387
vt 0.473389 0.628174
vt 0.448975 0.631104
vt 0.424316 0.647705
vt 0.432617 0.625732
vt 0.469727 0.616455
vt 0.418213 0.687012
vt 0.427734 0.700684
vt 0.402588 0.673584
vt 0.419678 0.615234
vt 0.403809 0.687988
vt 0.382812 0.687500
vt 0.421143 0.669434
vt 0.416504 0.626465
vt 0.403076 0.644531
vt 0.395020 0.667236
vt 0.377441 0.673096
vt 0.387939 0.646240
vt 0.396484 0.626221
vt 0.403076 0.618652
vt 0.362305 0.701660
vt 0.398193 0.614746
vt 0.363525 0.624756
vt 0.383057 0.628662
vt 0.367188 0.649658
vt 0.342773 0.705322
vt 0.354980 0.711914
vt 0.357666 0.630127
vt 0.331787 0.622559
vt 0.341309 0.655762
vt 0.312988 0.655273
vt 0.349121 0.670166
vt 0.328369 0.714355
vt 0.343506 0.710205
vt 0.331299 0.714355
vt 0.336670 0.727051
vt 0.368652 0.714844
vt 0.347168 0.727783
vt 0.402344 0.711182
vt 0.374756 0.719238
vt 0.355469 0.734375
vt 0.328125 0.742676
vt 0.378418 0.728027
vt 0.421631 0.715088
vt 0.402832 0.724121
vt 0.409668 0.730469
vt 0.434326 0.725098
vt 0.458252 0.708984
vt 0.480713 0.706543
vt 0.481445 0.717773
vt 0.459717 0.720459
vt 0.467529 0.727539
vt 0.453613 0.601318
vt 0.485596 0.600830
vt 0.467529 0.588623
vt 0.468750 0.546875
vt 0.429199 0.599365
vt 0.446045 0.585693
vt 0.436768 0.557129
vt 0.410889 0.599121
vt 0.426514 0.543457
vt 0.436768 0.536621
vt 0.410645 0.532471
vt 0.411133 0.567871
vt 0.406006 0.541992
vt 0.399902 0.583252
vt 0.370605 0.592529
vt 0.393799 0.545898
vt 0.383057 0.537109
vt 0.384033 0.580811
vt 0.378906 0.573486
vt 0.366943 0.527100
vt 0.382568 0.518311
vt 0.359131 0.513428
vt 0.341553 0.523926
vt 0.354004 0.533936
vt 0.333740 0.532227
vt 0.336670 0.592773
vt 0.361084 0.574951
vt 0.326172 0.611816
vt 0.361328 0.614258
vt 0.817383 0.889893
vt 0.829346 0.911865
vt 0.815430 0.912842
vt 0.861816 0.916748
vt 0.839844 0.927490
vt 0.804688 0.892334
vt 0.800781 0.930420
vt 0.794434 0.897461
vt 0.789307 0.901855
vt 0.757324 0.898682
vt 0.795654 0.923828
vt 0.789795 0.910645
vt 0.759277 0.909424
vt 0.791748 0.885742
vt 0.760254 0.883545
vt 0.753418 0.883789
vt 0.805420 0.879150
vt 0.790527 0.869873
vt 0.760010 0.861816
vt 0.751953 0.866211
vt 0.805176 0.859619
vt 0.753418 0.840576
vt 0.760254 0.841309
vt 0.791748 0.843018
vt 0.820068 0.854004
vt 0.807129 0.838867
vt 0.795410 0.836426
vt 0.754150 0.812012
vt 0.745361 0.830566
vt 0.746094 0.810303
vt 0.755371 0.771729
vt 0.756592 0.798584
vt 0.773193 0.833984
vt 0.760742 0.818848
vt 0.798096 0.826660
vt 0.790039 0.801514
vt 0.798340 0.787109
vt 0.804688 0.812256
vt 0.808594 0.780029
vt 0.819336 0.824463
vt 0.815430 0.796387
vt 0.848389 0.804688
vt 0.831787 0.785889
vt 0.850586 0.781494
vt 0.831055 0.834717
vt 0.832764 0.820068
vt 0.866943 0.821533
vt 0.836670 0.825928
vt 0.872803 0.798096
vt 0.872314 0.779053
vt 0.865234 0.830322
vt 0.873779 0.834717
vt 0.834717 0.839111
vt 0.868408 0.847656
vt 0.835205 0.848633
vt 0.830566 0.865967
vt 0.856689 0.861328
vt 0.869873 0.873047
vt 0.851318 0.868164
vt 0.827148 0.885254
vt 0.848877 0.880615
vt 0.864746 0.891602
vt 0.845459 0.900635
vt 0.867920 0.904297
vt 0.865723 0.927490
vt 0.873779 0.931641
vt 0.876221 0.903809
vt 0.889160 0.922119
vt 0.878174 0.873535
vt 0.889893 0.903320
vt 0.895020 0.918457
vt 0.891113 0.890381
vt 0.897705 0.885986
vt 0.906006 0.894287
vt 0.902344 0.926025
vt 0.909424 0.912842
vt 0.906494 0.874512
vt 0.909180 0.848633
vt 0.893066 0.876465
vt 0.898682 0.858154
vt 0.901855 0.838135
vt 0.888672 0.867432
vt 0.879883 0.861816
vt 0.894775 0.850098
vt 0.894775 0.831787
vt 0.880127 0.849609
vt 0.901855 0.817139
vt 0.882080 0.825195
vt 0.883301 0.811768
vt 0.882812 0.794678
vt 0.896729 0.800537
vt 0.897217 0.818604
vt 0.903809 0.793213
vt 0.188965 0.432129
vt 0.202148 0.463623
vt 0.183838 0.450684
vt 0.170654 0.458252
vt 0.171631 0.465576
vt 0.178467 0.468750
vt 0.169922 0.440918
vt 0.154785 0.453125
vt 0.168701 0.475098
vt 0.184814 0.481934
vt 0.144775 0.456299
vt 0.160156 0.429199
vt 0.172363 0.419922
vt 0.206299 0.438721
vt 0.204834 0.429199
vt 0.186035 0.418457
vt 0.194824 0.412109
vt 0.213135 0.420410
vt 0.207764 0.411865
vt 0.172363 0.411621
vt 0.190430 0.401611
vt 0.197998 0.396484
vt 0.228760 0.420166
vt 0.178711 0.400146
vt 0.178467 0.394287
vt 0.171631 0.381592
vt 0.160400 0.403320
vt 0.164062 0.389404
vt 0.145264 0.373047
vt 0.156006 0.367188
vt 0.151855 0.383545
vt 0.141846 0.401367
vt 0.139160 0.391113
vt 0.143066 0.376953
vt 0.128906 0.383789
vt 0.136230 0.361328
vt 0.144775 0.359619
vt 0.128418 0.349121
vt 0.126465 0.368164
vt 0.126953 0.361084
vt 0.109375 0.334229
vt 0.124023 0.344727
vt 0.116943 0.336182
vt 0.108643 0.345459
vt 0.114502 0.357910
vt 0.102051 0.350342
vt 0.098389 0.366943
vt 0.108643 0.373047
vt 0.110840 0.383545
vt 0.085938 0.366943
vt 0.093018 0.376953
vt 0.071533 0.406006
vt 0.078369 0.385498
vt 0.108887 0.385742
vt 0.080078 0.405273
vt 0.133057 0.401123
vt 0.104004 0.396973
vt 0.087158 0.416016
vt 0.057861 0.408447
vt 0.081543 0.429932
vt 0.062012 0.423584
vt 0.097656 0.420166
vt 0.066162 0.436523
vt 0.113525 0.424072
vt 0.096191 0.437256
vt 0.088623 0.446533
vt 0.051758 0.447266
vt 0.043457 0.445312
vt 0.059082 0.447754
vt 0.041504 0.477783
vt 0.073242 0.454346
vt 0.051514 0.474609
vt 0.054443 0.482178
vt 0.060547 0.485107
vt 0.089844 0.463623
vt 0.077393 0.496094
vt 0.090088 0.501709
vt 0.112061 0.460693
vt 0.110107 0.474609
vt 0.104492 0.507080
vt 0.104248 0.511230
vt 0.126221 0.481201
vt 0.107422 0.506104
vt 0.121094 0.514648
vt 0.129883 0.523438
vt 0.127441 0.466797
vt 0.121826 0.452881
vt 0.145264 0.475586
vt 0.137939 0.523193
vt 0.153809 0.531006
vt 0.166016 0.487061
vt 0.131592 0.515381
vt 0.152588 0.494873
vt 0.142822 0.488037
vt 0.133057 0.456543
vt 0.117920 0.437500
vt 0.110107 0.441895
vt 0.130371 0.441895
vt 0.136475 0.423096
vt 0.153320 0.427734
vt 0.154053 0.413574
vt 0.859619 0.159668
vt 0.870361 0.175049
vt 0.862061 0.180664
vt 0.856934 0.172852
vt 0.835449 0.166260
vt 0.821045 0.179199
vt 0.821289 0.170654
vt 0.833008 0.151855
vt 0.854004 0.149414
vt 0.817383 0.150879
vt 0.808350 0.178711
vt 0.810791 0.189209
vt 0.806885 0.154297
vt 0.798584 0.183594
vt 0.814697 0.137939
vt 0.798096 0.152832
vt 0.794678 0.191162
vt 0.805176 0.133545
vt 0.817139 0.125244
vt 0.812256 0.109619
vt 0.793701 0.154785
vt 0.789307 0.171875
vt 0.785889 0.157959
vt 0.782227 0.135742
vt 0.791016 0.130615
vt 0.787109 0.101807
vt 0.794189 0.120117
vt 0.787354 0.086670
vt 0.801025 0.103271
vt 0.791748 0.067871
vt 0.779785 0.041260
vt 0.801514 0.066162
vt 0.810547 0.075684
vt 0.810547 0.057861
vt 0.830322 0.066406
vt 0.845703 0.071777
vt 0.844971 0.054688
vt 0.875244 0.056152
vt 0.849121 0.085205
vt 0.871094 0.070557
vt 0.877930 0.076416
vt 0.824951 0.105225
vt 0.867432 0.086426
vt 0.852783 0.098877
vt 0.851807 0.109619
vt 0.831299 0.120605
vt 0.864014 0.114258
vt 0.851074 0.129883
vt 0.866211 0.127197
vt 0.872314 0.098877
vt 0.881348 0.107666
vt 0.881592 0.146729
vt 0.884766 0.176270
vt 0.885498 0.073730
vt 0.883301 0.039551
vt 0.894287 0.155518
vt 0.932129 0.166016
vt 0.890625 0.137207
vt 0.930176 0.146729
vt 0.939941 0.171387
vt 0.928955 0.135010
vt 0.899170 0.119141
vt 0.907715 0.135010
vt 0.937500 0.145020
vt 0.929443 0.118164
vt 0.936768 0.119385
vt 0.947754 0.155518
vt 0.952148 0.180176
vt 0.954102 0.156250
vt 0.951416 0.142578
vt 0.944580 0.134277
vt 0.949707 0.121338
vt 0.947754 0.107178
vt 0.958252 0.088135
vt 0.935791 0.093750
vt 0.948730 0.095459
vt 0.928955 0.098145
vt 0.949463 0.076172
vt 0.956787 0.070312
vt 0.963623 0.058838
vt 0.965820 0.074463
vt 0.972412 0.040527
vt 0.950439 0.048340
vt 0.948730 0.058594
vt 0.939697 0.073242
vt 0.930908 0.083740
vt 0.934082 0.059814
vt 0.898193 0.064209
vt 0.898438 0.074951
vt 0.912354 0.098389
vt 0.908203 0.107666
vt 0.890137 0.095947
vt 0.657471 0.071777
vt 0.649658 0.033447
vt 0.661133 0.051270
vt 0.664551 0.079590
vt 0.674805 0.051758
vt 0.664551 0.102783
vt 0.674805 0.078857
vt 0.651123 0.107178
vt 0.674561 0.111084
vt 0.649170 0.074463
vt 0.642578 0.039062
vt 0.631592 0.052490
vt 0.632568 0.069336
vt 0.597412 0.067871
vt 0.634521 0.078613
vt 0.599854 0.085693
vt 0.636963 0.085205
vt 0.633789 0.106689
vt 0.591064 0.076904
vt 0.590088 0.049316
vt 0.577881 0.062744
vt 0.641357 0.119629
vt 0.580566 0.072754
vt 0.573730 0.067139
vt 0.601074 0.114746
vt 0.593018 0.111816
vt 0.582520 0.093506
vt 0.576172 0.089111
vt 0.565186 0.077881
vt 0.566650 0.050537
vt 0.560303 0.070557
vt 0.552002 0.080811
vt 0.566650 0.035156
vt 0.559082 0.110107
vt 0.565674 0.103027
vt 0.565430 0.128906
vt 0.574707 0.116943
vt 0.566406 0.157227
vt 0.573486 0.157959
vt 0.580078 0.123047
vt 0.580078 0.155762
vt 0.576660 0.182861
vt 0.590820 0.167480
vt 0.592041 0.139648
vt 0.598877 0.163086
vt 0.597656 0.182129
vt 0.600830 0.135498
vt 0.645752 0.172852
vt 0.634277 0.163818
vt 0.631348 0.147461
vt 0.648926 0.165771
vt 0.639160 0.139893
vt 0.633789 0.130127
vt 0.650146 0.136963
vt 0.665771 0.126953
vt 0.666260 0.148193
vt 0.659668 0.180176
vt 0.678467 0.131348
vt 0.678955 0.167725
vt 0.676270 0.181885
vt 0.706787 0.165039
vt 0.708496 0.176025
vt 0.677246 0.155762
vt 0.681396 0.141113
vt 0.716064 0.156738
vt 0.698975 0.147217
vt 0.706787 0.133789
vt 0.727051 0.152588
vt 0.729248 0.174561
vt 0.716064 0.138184
vt 0.716064 0.117432
vt 0.680176 0.117188
vt 0.728271 0.128662
vt 0.731445 0.157959
vt 0.732178 0.186035
vt 0.739746 0.167480
vt 0.704834 0.106934
vt 0.694336 0.093506
vt 0.715576 0.095947
vt 0.714111 0.075684
vt 0.696045 0.069580
vt 0.676514 0.068848
vt 0.703125 0.054932
vt 0.689697 0.039307
vt 0.710693 0.047852
vt 0.718750 0.069580
vt 0.712891 0.034424
vt 0.724854 0.044922
vt 0.727051 0.080078
vt 0.728516 0.044678
vt 0.730957 0.074463
vt 0.726807 0.099609
vt 0.729004 0.114258
vt 0.739990 0.105225
vt 0.738770 0.136963
vt 0.745117 0.126709
vt 0.745605 0.155029
vt 0.745850 0.177490
vt 0.750977 0.187256
vt 0.752686 0.156250
vt 0.603760 0.572510
vt 0.598389 0.583252
vt 0.594482 0.572021
vt 0.638672 0.596680
vt 0.634277 0.601318
vt 0.639893 0.586914
vt 0.615234 0.565430
vt 0.647705 0.581055
vt 0.611328 0.552246
vt 0.661621 0.586670
vt 0.652588 0.618408
vt 0.668457 0.614746
vt 0.677002 0.583984
vt 0.678223 0.610840
vt 0.677734 0.548340
vt 0.651855 0.571777
vt 0.662842 0.537354
vt 0.670410 0.523193
vt 0.690186 0.515137
vt 0.626221 0.509277
vt 0.607666 0.532471
vt 0.674805 0.513428
vt 0.596436 0.537109
vt 0.582520 0.575195
vt 0.621338 0.491211
vt 0.633301 0.494141
vt 0.683105 0.496094
vt 0.706299 0.484131
vt 0.636963 0.478516
vt 0.684814 0.487305
vt 0.710449 0.467285
vt 0.688232 0.477295
vt 0.648438 0.455811
vt 0.631836 0.462158
vt 0.652588 0.430176
vt 0.631836 0.443115
vt 0.619141 0.465088
vt 0.625977 0.440918
vt 0.609375 0.485107
vt 0.611572 0.468994
vt 0.612305 0.429443
vt 0.621338 0.428955
vt 0.602051 0.441406
vt 0.598877 0.438232
vt 0.607666 0.417969
vt 0.588623 0.427490
vt 0.590332 0.458984
vt 0.572998 0.466553
vt 0.584961 0.474365
vt 0.588135 0.490967
vt 0.571777 0.501221
vt 0.597412 0.505859
vt 0.586182 0.525146
vt 0.609863 0.511719
vt 0.592529 0.522949
vt 0.581787 0.546143
vt 0.581299 0.562988
vt 0.573975 0.570801
vt 0.562744 0.554199
vt 0.556152 0.568848
vt 0.565186 0.524658
vt 0.556641 0.535645
vt 0.539062 0.553467
vt 0.557373 0.499023
vt 0.527832 0.565674
vt 0.512939 0.561035
vt 0.543213 0.518555
vt 0.534180 0.549805
vt 0.478516 0.533447
vt 0.483154 0.554443
vt 0.521973 0.520508
vt 0.497803 0.520996
vt 0.483398 0.508301
vt 0.497559 0.512207
vt 0.479980 0.505615
vt 0.502930 0.495361
vt 0.542480 0.501221
vt 0.507324 0.485596
vt 0.503174 0.463135
vt 0.530029 0.482910
vt 0.551758 0.487549
vt 0.542236 0.462402
vt 0.498047 0.457764
vt 0.477783 0.470703
vt 0.481689 0.440674
vt 0.489990 0.399902
vt 0.521240 0.389404
vt 0.520996 0.454102
vt 0.514893 0.437012
vt 0.522949 0.406738
vt 0.538330 0.384766
vt 0.553223 0.450195
vt 0.532715 0.430420
vt 0.538086 0.412842
vt 0.565186 0.412598
vt 0.570068 0.442139
vt 0.586426 0.405762
vt 0.631104 0.776855
vt 0.601807 0.761719
vt 0.626221 0.760254
vt 0.654541 0.758545
vt 0.608154 0.740234
vt 0.633545 0.749268
vt 0.659180 0.747070
vt 0.666992 0.776367
vt 0.674072 0.761475
vt 0.652588 0.739014
vt 0.654785 0.725586
vt 0.670898 0.735596
vt 0.686523 0.766357
vt 0.668213 0.704834
vt 0.687012 0.729980
vt 0.696045 0.745850
vt 0.694336 0.761475
vt 0.705811 0.765381
vt 0.704102 0.743652
vt 0.711426 0.764160
vt 0.716553 0.743652
vt 0.701172 0.719971
vt 0.710449 0.737793
vt 0.710938 0.679199
vt 0.687744 0.706055
vt 0.698975 0.694824
vt 0.699951 0.674072
vt 0.684326 0.686279
vt 0.715576 0.650391
vt 0.706543 0.640381
vt 0.728516 0.625244
vt 0.698486 0.643066
vt 0.701660 0.623047
vt 0.689697 0.619385
vt 0.692627 0.666992
vt 0.687256 0.642578
vt 0.683594 0.622559
vt 0.680908 0.656982
vt 0.669434 0.630859
vt 0.668701 0.675537
vt 0.667725 0.648926
vt 0.657471 0.700684
vt 0.656006 0.664551
vt 0.655762 0.646973
vt 0.636230 0.629639
vt 0.610840 0.621094
vt 0.612793 0.638184
vt 0.590332 0.626221
vt 0.627441 0.651611
vt 0.589355 0.645996
vt 0.572021 0.641357
vt 0.606689 0.658691
vt 0.626465 0.666260
vt 0.583984 0.681885
vt 0.607178 0.691650
vt 0.628174 0.686768
vt 0.650635 0.688232
vt 0.649414 0.712646
vt 0.616943 0.728760
vt 0.590820 0.720703
vt 0.590820 0.747314
vt 0.590332 0.768799
vt 0.572266 0.747314
vt 0.576172 0.779297
vt 0.564697 0.768799
vt 0.572754 0.715332
vt 0.569580 0.686768
vt 0.555176 0.754639
vt 0.513916 0.766113
vt 0.512451 0.778564
vt 0.516846 0.752197
vt 0.506348 0.755615
vt 0.514404 0.736084
vt 0.558594 0.729004
vt 0.527832 0.723877
vt 0.507324 0.709961
vt 0.503418 0.685303
vt 0.516602 0.708252
vt 0.514160 0.688232
vt 0.540283 0.699951
vt 0.512451 0.669922
vt 0.552246 0.681641
vt 0.501221 0.649902
vt 0.563232 0.658691
vt 0.550049 0.667480
vt 0.514893 0.655762
vt 0.498047 0.627197
vt 0.485107 0.621582
vt 0.504883 0.634521
vt 0.539062 0.648193
vt 0.554932 0.621338
vt 0.553223 0.640869
vt 0.383301 0.172119
vt 0.384033 0.206299
vt 0.372070 0.179932
vt 0.400879 0.186768
vt 0.324463 0.194336
vt 0.325195 0.181641
vt 0.325195 0.155518
vt 0.315918 0.170410
vt 0.368408 0.154785
vt 0.314209 0.133301
vt 0.323730 0.122803
vt 0.321777 0.108643
vt 0.336182 0.129639
vt 0.356934 0.101074
vt 0.339111 0.143555
vt 0.361084 0.144287
vt 0.321533 0.087402
vt 0.379883 0.134033
vt 0.383057 0.142578
vt 0.372314 0.127930
vt 0.363037 0.116699
vt 0.382080 0.099854
vt 0.362305 0.086426
vt 0.337158 0.075439
vt 0.320557 0.065430
vt 0.362549 0.068115
vt 0.378662 0.070801
vt 0.377197 0.053467
vt 0.393799 0.073486
vt 0.395508 0.092041
vt 0.387939 0.111084
vt 0.409668 0.094238
vt 0.405273 0.067627
vt 0.397949 0.108398
vt 0.394287 0.131592
vt 0.412109 0.079102
vt 0.399414 0.145264
vt 0.407227 0.127197
vt 0.399658 0.166260
vt 0.414795 0.113037
vt 0.436035 0.089355
vt 0.416016 0.170898
vt 0.419434 0.185547
vt 0.411133 0.151123
vt 0.443604 0.178223
vt 0.421875 0.144287
vt 0.441162 0.161865
vt 0.476562 0.191162
vt 0.441162 0.129395
vt 0.460693 0.167725
vt 0.455566 0.111572
vt 0.461426 0.141602
vt 0.464355 0.173584
vt 0.475098 0.171387
vt 0.487305 0.179932
vt 0.474121 0.146729
vt 0.461914 0.123047
vt 0.472168 0.112793
vt 0.462158 0.101074
vt 0.481445 0.157471
vt 0.485107 0.112061
vt 0.456299 0.083008
vt 0.471436 0.084717
vt 0.487793 0.147949
vt 0.489746 0.114746
vt 0.492432 0.175537
vt 0.461670 0.074219
vt 0.490967 0.082031
vt 0.472168 0.068604
vt 0.469971 0.052979
vt 0.499512 0.065186
vt 0.439941 0.066650
vt 0.452637 0.053467
vt 0.496338 0.099854
vt 0.505615 0.062988
vt 0.513916 0.074707
vt 0.493408 0.130859
vt 0.506348 0.094971
vt 0.493164 0.150635
vt 0.502930 0.177246
vt 0.503662 0.119385
vt 0.502441 0.137207
vt 0.504883 0.156982
vt 0.508545 0.166992
vt 0.508057 0.194336
vt 0.510498 0.135986
vt 0.519531 0.166748
vt 0.516357 0.202637
vt 0.520264 0.129639
vt 0.510986 0.106201
vt 0.522461 0.101318
vt 0.531494 0.106689
vt 0.515869 0.083008
vt 0.517334 0.057373
vt 0.527344 0.071533
vt 0.526123 0.050781
vt 0.533691 0.085449
vt 0.533936 0.052734
vt 0.337891 0.986816
vt 0.313965 0.985107
vt 0.338135 0.950928
vt 0.343262 0.968750
vt 0.281250 0.986328
vt 0.266602 0.973633
vt 0.313232 0.966553
vt 0.315918 0.945801
vt 0.326416 0.911377
vt 0.264160 0.967285
vt 0.265625 0.991699
vt 0.276367 0.953857
vt 0.260010 0.941406
vt 0.332520 0.874268
vt 0.345947 0.880127
vt 0.322754 0.914795
vt 0.303467 0.930176
vt 0.250977 0.942871
vt 0.247559 0.980957
vt 0.316162 0.884766
vt 0.317627 0.868652
vt 0.293213 0.914307
vt 0.270508 0.913330
vt 0.312256 0.907471
vt 0.310303 0.895508
vt 0.270996 0.891113
vt 0.259521 0.918213
vt 0.269287 0.860107
vt 0.309570 0.857910
vt 0.263184 0.863037
vt 0.263184 0.891113
vt 0.257324 0.880615
vt 0.252197 0.860596
vt 0.249756 0.875977
vt 0.243408 0.855957
vt 0.247314 0.895752
vt 0.244141 0.916992
vt 0.235352 0.898682
vt 0.239502 0.933105
vt 0.242432 0.960938
vt 0.233643 0.950195
vt 0.229492 0.965088
vt 0.221680 0.981934
vt 0.229004 0.936768
vt 0.225586 0.957275
vt 0.217285 0.969482
vt 0.220947 0.979736
vt 0.221680 0.943848
vt 0.213135 0.973145
vt 0.216064 0.928955
vt 0.222900 0.916260
vt 0.221191 0.900146
vt 0.227539 0.897461
vt 0.233887 0.876709
vt 0.229248 0.870605
vt 0.235840 0.841309
vt 0.224854 0.846924
vt 0.218994 0.874756
vt 0.213867 0.855469
vt 0.206299 0.887207
vt 0.210449 0.893066
vt 0.198730 0.890137
vt 0.052002 0.656250
vt 0.050049 0.630859
vt 0.063232 0.629639
vt 0.053223 0.612549
vt 0.065918 0.658447
vt 0.068115 0.597900
vt 0.067139 0.571533
vt 0.077393 0.635742
vt 0.117188 0.664307
vt 0.073486 0.608398
vt 0.084717 0.612061
vt 0.100586 0.625244
vt 0.125977 0.651611
vt 0.114258 0.682129
vt 0.135254 0.663818
vt 0.078125 0.587402
vt 0.080322 0.569092
vt 0.072266 0.543701
vt 0.090576 0.531494
vt 0.093750 0.572754
vt 0.102539 0.545654
vt 0.093018 0.594482
vt 0.107178 0.613770
vt 0.114990 0.587158
vt 0.129883 0.637939
vt 0.116211 0.598877
vt 0.135742 0.621094
vt 0.137207 0.646729
vt 0.146729 0.623291
vt 0.147217 0.604248
vt 0.142090 0.596924
vt 0.143799 0.653564
vt 0.146240 0.671875
vt 0.155762 0.646240
vt 0.148682 0.637695
vt 0.153076 0.631348
vt 0.170654 0.630127
vt 0.126709 0.575195
vt 0.117188 0.569092
vt 0.123535 0.553955
vt 0.142578 0.575439
vt 0.154297 0.549316
vt 0.133301 0.544678
vt 0.107910 0.526367
vt 0.942871 0.583984
vt 0.890869 0.608398
vt 0.906738 0.591309
vt 0.881836 0.584473
vt 0.889893 0.619385
vt 0.896484 0.554688
vt 0.877686 0.541992
vt 0.869873 0.568604
vt 0.859619 0.605225
vt 0.876465 0.513184
vt 0.858398 0.529297
vt 0.858643 0.575684
vt 0.843018 0.583984
vt 0.840820 0.600342
vt 0.840088 0.611328
vt 0.797607 0.600098
vt 0.797363 0.621094
vt 0.782471 0.617920
vt 0.769287 0.596436
vt 0.797119 0.582520
vt 0.781006 0.556885
vt 0.853760 0.548584
vt 0.827637 0.546143
vt 0.846680 0.529785
vt 0.846924 0.515625
vt 0.820068 0.529053
vt 0.795898 0.529541
vt 0.811768 0.503174
vt 0.857422 0.497070
vt 0.790771 0.498047
vt 0.780029 0.532715
vt 0.772461 0.568604
vt 0.758545 0.580322
vt 0.757812 0.617920
vt 0.750244 0.605469
vt 0.749268 0.590088
vt 0.768311 0.531250
vt 0.751953 0.565674
vt 0.739990 0.582764
vt 0.719971 0.611328
vt 0.730957 0.585693
vt 0.730469 0.568604
vt 0.744385 0.555664
vt 0.741455 0.548340
vt 0.758057 0.532959
vt 0.745361 0.530762
vt 0.748047 0.503906
vt 0.738037 0.512939
vt 0.731689 0.485352
vt 0.739746 0.480469
vt 0.718750 0.468506
vt 0.756348 0.503906
vt 0.751221 0.492432
vt 0.745361 0.462891
vt 0.755127 0.464355
vt 0.762451 0.500000
vt 0.776855 0.479980
vt 0.776855 0.504395
vt 0.792969 0.476074
vt 0.769775 0.456543
vt 0.803711 0.490967
vt 0.814941 0.474609
vt 0.834717 0.461670
vt 0.825684 0.491211
vt 0.841553 0.473633
vt 0.855469 0.462891
vt 0.850830 0.451416
vt 0.876465 0.485107
vt 0.873779 0.448730
vt 0.892090 0.461426
vt 0.896484 0.468262
vt 0.937744 0.456055
vt 0.893066 0.504883
vt 0.934082 0.482666
vt 0.937500 0.519287
vt 0.945312 0.484619
vt 0.948242 0.456055
vt 0.963867 0.475098
vt 0.965820 0.503174
vt 0.948730 0.515869
vt 0.967041 0.517578
vt 0.953125 0.533691
vt 0.971191 0.535400
vt 0.965576 0.556152
vt 0.943604 0.540771
vt 0.954102 0.565186
vt 0.972656 0.576660
vt 0.959229 0.591797
vt 0.879395 0.633545
vt 0.866455 0.648438
vt 0.836182 0.638672
vt 0.836670 0.651611
vt 0.882324 0.663086
vt 0.895508 0.645752
vt 0.825928 0.639404
vt 0.841553 0.672607
vt 0.899170 0.682129
vt 0.823730 0.658447
vt 0.884521 0.679199
vt 0.911133 0.645264
vt 0.911621 0.633301
vt 0.920898 0.641113
vt 0.933350 0.620605
vt 0.929932 0.631104
vt 0.974609 0.615967
vt 0.917725 0.658447
vt 0.968262 0.639160
vt 0.984863 0.637695
vt 0.916504 0.674561
vt 0.930176 0.680176
vt 0.934814 0.652832
vt 0.917969 0.695557
vt 0.964355 0.655518
vt 0.950439 0.667725
vt 0.977051 0.669678
vt 0.988037 0.662842
vt 0.994873 0.659424
vt 0.988281 0.686768
vt 0.991699 0.714844
vt 0.979492 0.688965
vt 0.953125 0.686035
vt 0.930908 0.693604
vt 0.957031 0.692627
vt 0.978271 0.729736
vt 0.991211 0.747070
vt 0.970215 0.711426
vt 0.953125 0.699219
vt 0.925049 0.713623
vt 0.956787 0.730957
vt 0.917969 0.739746
vt 0.930420 0.737549
vt 0.950928 0.738037
vt 0.916748 0.763916
vt 0.899658 0.759766
vt 0.902832 0.729492
vt 0.885010 0.750000
vt 0.886963 0.716553
vt 0.885986 0.771240
vt 0.857422 0.765625
vt 0.836182 0.758057
vt 0.877930 0.690674
vt 0.862061 0.706299
vt 0.857666 0.740234
vt 0.842041 0.712158
vt 0.828369 0.708496
vt 0.833252 0.736328
vt 0.825439 0.751221
vt 0.828369 0.770020
vt 0.821045 0.763184
vt 0.823975 0.729492
vt 0.810303 0.754395
vt 0.807617 0.769531
vt 0.814453 0.737305
vt 0.811035 0.719971
vt 0.805664 0.739014
vt 0.800049 0.756592
vt 0.798584 0.771484
vt 0.788818 0.771729
vt 0.798828 0.741211
vt 0.787598 0.747559
vt 0.783691 0.772949
vt 0.784180 0.732422
vt 0.798340 0.695557
vt 0.794922 0.719238
vt 0.774170 0.752197
vt 0.774902 0.778809
vt 0.760254 0.755371
vt 0.773682 0.732422
vt 0.764160 0.722168
vt 0.784180 0.701904
vt 0.775391 0.690918
vt 0.774414 0.669434
vt 0.785400 0.675049
vt 0.761963 0.633301
vt 0.766113 0.658203
vt 0.785889 0.643311
vt 0.792969 0.668945
vt 0.794434 0.645264
vt 0.797363 0.665283
vt 0.810303 0.697021
vt 0.808350 0.643799
vt 0.791748 0.634521
vt 0.805908 0.661621
vt 0.809570 0.629150
vt 0.821045 0.679443
vt 0.824951 0.687012
vt 0.976074 0.761475
vt 1.000000 0.773926
vt 0.972168 0.745361
vt 0.947266 0.773682
vt 0.977295 0.777344
vt 0.954590 0.756592
vt 0.930908 0.770020
vt 0.946045 0.747559
vt 0.930420 0.749023
vt 0.477051 0.832275
vt 0.504639 0.852051
vt 0.479004 0.852051
vt 0.461914 0.858643
vt 0.454834 0.852783
vt 0.462402 0.843018
vt 0.479248 0.889404
vt 0.435547 0.855469
vt 0.432861 0.875732
vt 0.425049 0.859375
vt 0.420898 0.849121
vt 0.415039 0.854736
vt 0.426514 0.845459
vt 0.408203 0.838623
vt 0.377930 0.889404
vt 0.399658 0.859375
vt 0.387207 0.857178
vt 0.402832 0.846191
vt 0.388428 0.833740
vt 0.384277 0.843506
vt 0.374268 0.847168
vt 0.364746 0.852783
vt 0.364014 0.871338
vt 0.370605 0.834717
vt 0.358643 0.836426
vt 0.340332 0.841553
vt 0.341064 0.861816
vt 0.365723 0.825684
vt 0.323730 0.840820
vt 0.332275 0.820801
vt 0.377686 0.823730
vt 0.382812 0.808350
vt 0.370361 0.810547
vt 0.316162 0.812012
vt 0.396729 0.807373
vt 0.378174 0.805420
vt 0.321289 0.764404
vt 0.375732 0.779541
vt 0.399170 0.784180
vt 0.379395 0.770020
vt 0.404541 0.793945
vt 0.404053 0.772949
vt 0.395752 0.758301
vt 0.401367 0.757812
vt 0.418457 0.767090
vt 0.408203 0.751465
vt 0.418701 0.743408
vt 0.427490 0.763916
vt 0.422852 0.784180
vt 0.427002 0.802734
vt 0.433594 0.795410
vt 0.451904 0.828857
vt 0.451660 0.814941
vt 0.445557 0.789551
vt 0.464844 0.816406
vt 0.440430 0.770508
vt 0.422607 0.738281
vt 0.469971 0.785156
vt 0.484375 0.820312
vt 0.489990 0.832520
vt 0.477295 0.790527
vt 0.500244 0.777588
vt 0.034668 0.945557
vt 0.049805 0.947021
vt 0.049316 0.964600
vt 0.062744 0.952881
vt 0.062744 0.960449
vt 0.077637 0.950928
vt 0.059082 0.983398
vt 0.082764 0.959229
vt 0.106445 0.955811
vt 0.081299 0.965820
vt 0.076416 0.976562
vt 0.102539 0.991699
vt 0.053223 0.991455
vt 0.089844 0.985596
vt 0.106934 0.982910
vt 0.103271 0.971191
vt 0.113770 0.969971
vt 0.118164 0.949707
vt 0.125977 0.243408
vt 0.137207 0.230957
vt 0.137695 0.254883
vt 0.125732 0.262695
vt 0.099609 0.253418
vt 0.098877 0.246094
vt 0.085449 0.242188
vt 0.091309 0.263428
vt 0.077637 0.260254
vt 0.107422 0.268311
vt 0.096924 0.290527
vt 0.133057 0.277100
vt 0.135010 0.292725
vt 0.104980 0.299072
vt 0.083496 0.271484
vt 0.091064 0.322021
vt 0.118164 0.323975
vt 0.083252 0.307617
vt 0.078125 0.278809
vt 0.078369 0.300293
vt 0.082764 0.333252
vt 0.093506 0.332520
vt 0.055908 0.332764
vt 0.079346 0.357178
vt 0.070801 0.355469
vt 0.063721 0.305176
vt 0.065674 0.283203
vt 0.052979 0.271240
vt 0.061279 0.256348
vt 0.068604 0.251465
vt 0.051758 0.255859
vt 0.937256 0.829834
vt 0.932861 0.839111
vt 0.912354 0.806885
vt 0.952881 0.853027
vt 0.939697 0.819092
vt 0.951172 0.855957
vt 0.938477 0.862061
vt 0.939209 0.874023
vt 0.929199 0.905762
vt 0.912842 0.935059
vt 0.969482 0.869873
vt 0.924072 0.932617
vt 0.973389 0.874512
vt 0.985596 0.869629
vt 0.976318 0.853760
vt 0.975342 0.845459
vt 0.988525 0.845215
vt 0.982910 0.841064
vt 0.963135 0.843750
vt 0.986084 0.839111
vt 0.942871 0.815430
vt 0.963867 0.827881
vt 0.951660 0.810303
vt 0.034424 0.511230
vt 0.022705 0.500488
vt 0.049072 0.505127
vt 0.010254 0.539795
vt 0.041504 0.515137
vt 0.027588 0.548584
vt 0.067139 0.527344
vt 0.093018 0.518555
vt 0.056885 0.528076
vt 0.049072 0.563477
vt 0.020996 0.562012
vt 0.048096 0.576416
vt 0.686279 0.009521
vt 0.757080 0.005127
vt 0.691406 0.018555
vt 0.753662 0.018066
vt 0.735840 0.028809
vt 0.749512 0.023682
vt 0.753418 0.031006
vt 0.744629 0.043213
vt 0.747314 0.069580
vt 0.404785 0.017822
vt 0.393799 0.000000
vt 0.413330 0.000732
vt 0.428467 0.019287
vt 0.417480 0.029785
vt 0.439697 0.023926
vt 0.442383 0.018311
vt 0.450195 0.024902
vt 0.413574 0.052979
vt 0.417969 0.038818
vt 0.405518 0.032471
vt 0.396240 0.026855
vt 0.402344 0.041016
vt 0.396240 0.057617
vt 0.410645 0.040039
vt 0.418701 0.877930
vt 0.406494 0.913086
vt 0.400146 0.907227
vt 0.398438 0.935547
vt 0.407227 0.937012
vt 0.401367 0.957031
vt 0.414062 0.967041
vt 0.408691 0.972900
vt 0.406006 0.988525
vt 0.391113 0.972900
vt 0.387451 0.943848
vt 0.364746 0.953369
vt 0.364502 0.939453
vt 0.377686 0.934570
vt 0.372803 0.921143
vt 0.388428 0.938721
vt 0.356445 0.910889
vt 0.391602 0.919434
vt 0.375977 0.912109
vt 0.372803 0.910156
vt 0.367920 0.898438
vt 0.386719 0.900146
vt 0.391357 0.894531
vt 0.300049 0.053467
vt 0.310303 0.059082
vt 0.293945 0.061768
vt 0.287598 0.056396
vt 0.301514 0.039307
vt 0.306396 0.022461
vt 0.261963 0.009277
vt 0.254395 0.040039
vt 0.291748 0.045654
vt 0.278809 0.047852
vt 0.272217 0.052246
vt 0.088135 0.018799
vt 0.103760 0.003906
vt 0.104004 0.021240
vt 0.054443 0.037354
vt 0.058594 0.027344
vt 0.045410 0.020508
vt 0.057861 0.014648
vt 0.096436 0.005371
vt 0.046387 0.012695
vt 0.023438 0.021973
vt 0.041992 0.003174
vt 0.686279 0.972412
vt 0.708496 0.998535
vt 0.689941 0.981445
vt 0.695312 0.997559
vt 0.652588 0.988281
vt 0.658203 0.970947
vt 0.642090 0.989502
vt 0.679199 0.957764
vt 0.705322 0.961182
vt 0.701660 0.932617
vt 0.650391 0.951416
vt 0.663574 0.946777
vt 0.641846 0.954834
vt 0.620605 0.931396
vt 0.048096 0.093994
vt 0.058105 0.076660
vt 0.080322 0.092529
vt 0.042480 0.047852
vt 0.079590 0.079102
vt 0.077148 0.102539
vt 0.045898 0.109131
vt 0.059082 0.120605
vt 0.090332 0.109131
vt 0.091064 0.116455
vt 0.052002 0.142334
vt 0.094971 0.097412
vt 0.104248 0.111572
vt 0.099609 0.074951
vt 0.102783 0.061035
vt 0.114258 0.071777
vt 0.004150 0.316895
vt 0.010742 0.326416
vt 0.001221 0.330811
vt 0.348633 0.041992
vt 0.338867 0.062256
vt 0.342041 0.042480
vt 0.344482 0.023438
vt 0.322266 0.030029
vt 0.330322 0.009521
vt 0.360107 0.022705
vt 0.357666 0.028320
vt 0.387451 0.025146
vt 0.368896 0.031494
vt 0.362549 0.047607
vt 0.381104 0.037598
vt 0.350586 0.053467
vt 0.003662 0.574463
vt 0.002197 0.558105
vt 0.004883 0.549805
vt 0.319336 0.594727
vt 0.303223 0.591064
vt 0.307617 0.588135
vt 0.280762 0.578613
vt 0.301514 0.572510
vt 0.325439 0.574707
vt 0.280518 0.585205
vt 0.275391 0.598145
vt 0.310547 0.611572
vt 0.263184 0.599121
vt 0.270508 0.560547
vt 0.252686 0.590088
vt 0.254395 0.575439
vt 0.237793 0.586914
vt 0.260010 0.568115
vt 0.245605 0.572754
vt 0.254395 0.607178
vt 0.251953 0.563965
vt 0.254639 0.550049
vt 0.268311 0.543701
vt 0.324463 0.554688
vt 0.322998 0.545898
vt 0.254150 0.536377
vt 0.272217 0.542236
vt 0.240723 0.545166
vt 0.237305 0.525635
vt 0.284912 0.482422
vt 0.238770 0.538574
vt 0.237549 0.567871
vt 0.200439 0.533936
vt 0.222412 0.556152
vt 0.221436 0.572021
vt 0.228516 0.460938
vt 0.231445 0.517090
vt 0.211914 0.566895
vt 0.206299 0.577148
vt 0.193604 0.555908
vt 0.195557 0.577881
vt 0.212646 0.587891
vt 0.216797 0.594238
vt 0.232178 0.602051
vt 0.241455 0.611328
vt 0.243652 0.627686
vt 0.227783 0.615967
vt 0.208984 0.601807
vt 0.190674 0.589111
vt 0.177979 0.575195
vt 0.161377 0.582520
vt 0.181641 0.565918
vt 0.175781 0.602539
vt 0.178223 0.558105
vt 0.177979 0.545898
vt 0.183838 0.533691
vt 0.197510 0.613281
vt 0.163330 0.616455
vt 0.191406 0.619141
vt 0.204834 0.518799
vt 0.182129 0.527832
vt 0.179688 0.634521
vt 0.190430 0.628418
vt 0.202148 0.631348
vt 0.219971 0.629883
vt 0.212891 0.635742
vt 0.233154 0.639404
vt 0.239746 0.642822
vt 0.221436 0.636230
vt 0.229980 0.669434
vt 0.218262 0.505615
vt 0.220703 0.485840
vt 0.213867 0.482422
vt 0.206543 0.495117
vt 0.195801 0.508057
vt 0.187988 0.493652
vt 0.185791 0.512451
vt 0.170410 0.518066
vt 0.176758 0.496826
vt 0.104736 0.218994
vt 0.120605 0.174561
vt 0.125488 0.220947
vt 0.127441 0.184082
vt 0.132568 0.222656
vt 0.147705 0.215332
vt 0.139404 0.169678
vt 0.124512 0.167236
vt 0.119629 0.158447
vt 0.132080 0.156738
vt 0.107910 0.167236
vt 0.101562 0.177246
vt 0.099609 0.221191
vt 0.051758 0.179443
vt 0.110107 0.136475
vt 0.106689 0.157959
vt 0.116211 0.145996
vt 0.126465 0.144775
vt 0.137939 0.144043
vt 0.117188 0.109131
vt 0.115479 0.098877
vt 0.137939 0.097656
vt 0.119141 0.089355
vt 0.140137 0.085693
vt 0.132812 0.082031
vt 0.032959 0.186279
vt 0.092041 0.231445
vt 0.039551 0.228271
vt 0.028564 0.183594
vt 0.750977 0.929199
vt 0.739014 0.907959
vt 0.757812 0.926025
vt 0.740967 0.928955
vt 0.767822 0.944580
vt 0.765625 0.927734
vt 0.751465 0.942871
vt 0.721680 0.963135
vt 0.752441 0.950195
vt 0.725830 0.971436
vt 0.759277 0.958740
vt 0.734131 0.976562
vt 0.735107 0.986084
vt 0.774170 0.989014
vt 0.735107 1.000000
vt 0.779297 0.964111
vt 0.780762 0.937500
vt 0.805664 0.951172
vt 0.779785 0.949707
vt 0.798828 0.960449
vt 0.789307 0.962891
vt 0.808594 0.972168
vt 0.092285 0.751465
vt 0.096436 0.774414
vt 0.084473 0.763184
vt 0.055664 0.756104
vt 0.032715 0.778320
vt 0.020996 0.764160
vt 0.041748 0.745605
vt 0.062500 0.734375
vt 0.028076 0.727539
vt 0.049805 0.671631
vt 0.017334 0.709473
vt 0.035400 0.661865
vt 0.119873 0.695557
vt 0.100830 0.746094
vt 0.137451 0.698730
vt 0.120605 0.768555
vt 0.028564 0.402588
vt 0.005615 0.410889
vt 0.009521 0.398438
vt 0.024902 0.390137
vt 0.009521 0.386475
vt 0.052490 0.396240
vt 0.048584 0.374268
vt 0.021484 0.376953
vt 0.000000 0.373291
vt 0.013916 0.361084
vt 0.069824 0.375732
vt 0.052246 0.365723
vt 0.058594 0.360352
vt 0.038818 0.352051
vt 0.024658 0.362061
vt 0.026123 0.346680
vt 0.004639 0.348389
vt 0.010254 0.340332
vt 0.031250 0.331055
vt 0.485596 0.329102
vt 0.480225 0.345947
vt 0.464111 0.322510
vt 0.513672 0.331055
vt 0.513916 0.350586
vt 0.486816 0.361572
vt 0.505371 0.315918
vt 0.447510 0.344238
vt 0.478516 0.402588
vt 0.467041 0.367188
vt 0.554199 0.297363
vt 0.435303 0.343262
vt 0.448242 0.371826
vt 0.425781 0.375488
vt 0.428467 0.350342
vt 0.428711 0.328369
vt 0.444336 0.319824
vt 0.425049 0.311523
vt 0.435303 0.299805
vt 0.444092 0.299072
vt 0.430420 0.274170
vt 0.459961 0.296631
vt 0.459473 0.285400
vt 0.454346 0.259033
vt 0.445312 0.236816
vt 0.481445 0.290527
vt 0.483643 0.260254
vt 0.503418 0.235107
vt 0.497314 0.202393
vt 0.518066 0.226807
vt 0.496094 0.303711
vt 0.500732 0.285889
vt 0.519287 0.262695
vt 0.523193 0.276855
vt 0.525635 0.291016
vt 0.538330 0.273193
vt 0.538086 0.295898
vt 0.553955 0.272705
vt 0.567627 0.263916
vt 0.575439 0.278076
vt 0.583496 0.262939
vt 0.556641 0.261475
vt 0.541260 0.224854
vt 0.533936 0.194824
vt 0.562012 0.232666
vt 0.544678 0.198975
vt 0.572998 0.213379
vt 0.566406 0.190430
vt 0.574951 0.197510
vt 0.592041 0.209717
vt 0.577881 0.951416
vt 0.596680 0.964355
vt 0.568359 0.986816
vt 0.590332 0.945557
vt 0.557129 0.979736
vt 0.559082 0.992432
vt 0.532227 0.993652
vt 0.611084 0.936279
vt 0.599121 0.915771
vt 0.571777 0.915771
vt 0.562744 0.944580
vt 0.538086 0.973389
vt 0.513672 0.990723
vt 0.548584 0.948242
vt 0.513916 0.969482
vt 0.531982 0.949219
vt 0.558350 0.921875
vt 0.496826 0.968262
vt 0.491699 0.981201
vt 0.515869 0.937012
vt 0.526123 0.919922
vt 0.503174 0.919922
vt 0.481934 0.951904
vt 0.559814 0.903076
vt 0.523682 0.904053
vt 0.488281 0.899902
vt 0.489014 0.889893
vt 0.565918 0.896729
vt 0.559814 0.880859
vt 0.492432 0.878662
vt 0.593506 0.883545
vt 0.588379 0.897705
vt 0.613770 0.875732
vt 0.621338 0.904541
vt 0.684814 0.857666
vt 0.681152 0.875732
vt 0.677734 0.872803
vt 0.678711 0.878662
vt 0.669678 0.871338
vt 0.692383 0.907471
vt 0.701416 0.913574
vt 0.724609 0.934814
vt 0.674072 0.898438
vt 0.677246 0.927734
vt 0.662598 0.919922
vt 0.721924 0.779785
vt 0.679199 0.855713
vt 0.656494 0.873291
vt 0.643311 0.863525
vt 0.641602 0.871094
vt 0.623535 0.873291
vt 0.635742 0.879883
vt 0.634033 0.888672
vt 0.659180 0.889648
vt 0.630127 0.904297
vt 0.654297 0.907227
vt 0.638672 0.915527
vt 0.644531 0.933105
vt 0.761475 0.268066
vt 0.723877 0.285645
vt 0.730713 0.246826
vt 0.759766 0.235596
vt 0.729248 0.217773
vt 0.704102 0.238037
vt 0.695557 0.260498
vt 0.681641 0.224365
vt 0.692139 0.193848
vt 0.664551 0.250000
vt 0.642334 0.208008
vt 0.622314 0.188477
vt 0.601074 0.228027
vt 0.641113 0.234619
vt 0.615479 0.248779
vt 0.599365 0.279785
vt 0.633057 0.265869
vt 0.656494 0.275879
vt 0.633301 0.290527
vt 0.606689 0.324951
vt 0.693359 0.301758
vt 0.652100 0.308838
vt 0.629150 0.348389
vt 0.609375 0.367432
vt 0.675537 0.314209
vt 0.625000 0.382080
vt 0.631592 0.420410
vt 0.650146 0.372559
vt 0.659668 0.411621
vt 0.708496 0.321533
vt 0.672852 0.348633
vt 0.676025 0.378174
vt 0.695557 0.405029
vt 0.709961 0.362305
vt 0.701172 0.429443
vt 0.719482 0.432861
vt 0.715576 0.455322
vt 0.769043 0.445068
vt 0.752441 0.400146
vt 0.732178 0.383301
vt 0.742432 0.354736
vt 0.756592 0.426025
vt 0.799072 0.404541
vt 0.806152 0.417969
vt 0.781738 0.400635
vt 0.796143 0.359131
vt 0.767090 0.362549
vt 0.794678 0.327393
vt 0.756836 0.325928
vt 0.739502 0.305908
vt 0.769287 0.302979
vt 0.795898 0.286133
vt 0.808350 0.317383
vt 0.178223 0.894775
vt 0.146973 0.897705
vt 0.153809 0.866943
vt 0.139648 0.842529
vt 0.114746 0.851318
vt 0.120605 0.874268
vt 0.105957 0.906250
vt 0.131592 0.930664
vt 0.091553 0.939941
vt 0.084717 0.852539
vt 0.104492 0.843018
vt 0.096680 0.885498
vt 0.074219 0.904053
vt 0.045654 0.936035
vt 0.043701 0.897217
vt 0.102295 0.829102
vt 0.065186 0.876465
vt 0.041504 0.859619
vt 0.058350 0.830322
vt 0.092041 0.812988
vt 0.061768 0.803711
vt 0.065430 0.783936
vt 0.874756 0.963379
vt 0.886963 0.963867
vt 0.887939 0.974609
vt 0.903564 0.963623
vt 0.879395 0.941162
vt 0.865234 0.948486
vt 0.865234 0.958740
vt 0.850830 0.940430
vt 0.830078 0.952393
vt 0.835693 0.946045
vt 0.818115 0.942139
vt 0.823730 0.949951
vt 0.930176 0.947754
vt 0.900879 0.945068
vt 0.944336 0.941650
vt 0.925293 0.963867
vt 0.940186 0.971191
vt 0.969727 0.979736
vt 0.956543 0.940674
vt 0.963623 0.922607
vt 0.978271 0.909912
vt 0.956787 0.920654
vt 0.994873 0.883789
vt 0.968750 0.907471
vt 0.976318 0.891357
vt 0.424316 0.900879
vt 0.439453 0.888428
vt 0.445557 0.906006
vt 0.429443 0.929688
vt 0.451172 0.903076
vt 0.446045 0.878906
vt 0.449707 0.921387
vt 0.435791 0.940674
vt 0.427002 0.961914
vt 0.443359 0.951172
vt 0.455811 0.967285
vt 0.458984 0.955566
vt 0.468262 0.929688
vt 0.458008 0.915283
vt 0.464600 0.906982
vt 0.468018 0.914307
vt 0.673096 0.841797
vt 0.637207 0.845215
vt 0.660645 0.828125
vt 0.642822 0.828613
vt 0.646973 0.822021
vt 0.603516 0.831299
vt 0.599854 0.846191
vt 0.628418 0.826172
vt 0.641602 0.817383
vt 0.655518 0.812256
vt 0.674072 0.807373
vt 0.661133 0.791992
vt 0.647217 0.809326
vt 0.638184 0.807373
vt 0.651855 0.796387
vt 0.615234 0.814941
vt 0.617676 0.807373
vt 0.589355 0.799805
vt 0.602783 0.792480
vt 0.604492 0.822998
vt 0.566162 0.806885
vt 0.568359 0.820312
vt 0.529053 0.789307
vt 0.567383 0.833252
vt 0.537109 0.820557
vt 0.520020 0.816406
vt 0.504639 0.788574
vt 0.499023 0.819824
vt 0.538330 0.839355
vt 0.567383 0.847168
vt 0.589355 0.867432
vt 0.572998 0.862061
vt 0.534180 0.848145
vt 0.517578 0.848633
vt 0.551758 0.867432
vt 0.530518 0.870117
vt 0.282471 0.123047
vt 0.278320 0.088135
vt 0.293945 0.093018
vt 0.296143 0.117432
vt 0.312744 0.094238
vt 0.305908 0.070557
vt 0.293945 0.078125
vt 0.285156 0.073730
vt 0.246826 0.069824
vt 0.261963 0.060303
vt 0.237061 0.053955
vt 0.216064 0.062012
vt 0.204102 0.054199
vt 0.241455 0.078369
vt 0.266602 0.105469
vt 0.226318 0.083252
vt 0.193115 0.073975
vt 0.191406 0.049805
vt 0.222656 0.093262
vt 0.271240 0.143066
vt 0.274658 0.160400
vt 0.241699 0.113770
vt 0.260986 0.156982
vt 0.215576 0.128174
vt 0.190674 0.100098
vt 0.178955 0.084717
vt 0.175537 0.068848
vt 0.163086 0.091553
vt 0.176025 0.096680
vt 0.170898 0.111816
vt 0.146729 0.103760
vt 0.190430 0.129639
vt 0.153076 0.125244
vt 0.208252 0.147705
vt 0.187012 0.148193
vt 0.229492 0.167480
vt 0.212158 0.169678
vt 0.252686 0.189941
vt 0.259033 0.202148
vt 0.273682 0.199951
vt 0.284668 0.172363
vt 0.297119 0.168945
vt 0.292969 0.188477
vt 0.300293 0.181885
vt 0.198975 0.242188
vt 0.192871 0.281738
vt 0.185059 0.253662
vt 0.171631 0.272461
vt 0.195312 0.214844
vt 0.221436 0.202637
vt 0.229248 0.184814
vt 0.230957 0.228271
vt 0.179199 0.217529
vt 0.180176 0.181885
vt 0.166992 0.171387
vt 0.223877 0.253906
vt 0.262451 0.214844
vt 0.267090 0.239990
vt 0.214844 0.289551
vt 0.208252 0.304688
vt 0.190674 0.301514
vt 0.216553 0.336182
vt 0.194092 0.330811
vt 0.167480 0.286621
vt 0.183105 0.320068
vt 0.191895 0.347656
vt 0.170166 0.324707
vt 0.169922 0.307129
vt 0.151367 0.314453
vt 0.147705 0.303955
vt 0.129639 0.318115
vt 0.152832 0.294189
vt 0.133789 0.310059
vt 0.145020 0.286133
vt 0.156494 0.275635
vt 0.145264 0.271973
vt 0.165771 0.235596
vt 0.157715 0.223633
vt 0.155762 0.188721
vt 0.153076 0.161377
vt 0.161621 0.170654
vt 0.152588 0.914062
vt 0.176758 0.925537
vt 0.148438 0.925537
vt 0.189453 0.898926
vt 0.186768 0.911133
vt 0.199951 0.903320
vt 0.197754 0.924561
vt 0.200928 0.951416
vt 0.168945 0.943115
vt 0.195801 0.964600
vt 0.149902 0.946289
vt 0.169434 0.958008
vt 0.152588 0.977539
vt 0.126953 0.957031
vt 0.129150 0.975098
vt 0.859131 0.427002
vt 0.834961 0.438232
vt 0.847900 0.415771
vt 0.853760 0.441162
vt 0.908691 0.436523
vt 0.868896 0.415771
vt 0.893311 0.421631
vt 0.864990 0.366211
vt 0.843018 0.374268
vt 0.906982 0.408936
vt 0.928467 0.414795
vt 0.814697 0.351318
vt 0.944336 0.430908
vt 0.938965 0.440186
vt 0.987305 0.427490
vt 0.958984 0.447510
vt 0.990234 0.441162
vt 0.973145 0.458984
vt 0.961182 0.415283
vt 0.988281 0.410889
vt 0.985352 0.403076
vt 0.969238 0.404053
vt 0.936768 0.403564
vt 0.968262 0.348877
vt 0.981689 0.357178
vt 0.993896 0.346680
vt 0.984863 0.328125
vt 0.956299 0.355225
vt 0.947021 0.328125
vt 0.936279 0.358398
vt 0.913574 0.364990
vt 0.921875 0.341309
vt 0.900879 0.335693
vt 0.887207 0.363037
vt 0.882324 0.337646
vt 0.965332 0.309570
vt 0.997803 0.318115
vt 0.926758 0.312500
vt 0.980957 0.306152
vt 0.894531 0.316895
vt 0.864502 0.339600
vt 0.968018 0.292236
vt 0.990723 0.292969
vt 0.947998 0.301514
vt 0.917725 0.299316
vt 0.934814 0.288330
vt 0.957764 0.254639
vt 0.981689 0.253174
vt 0.974609 0.225098
vt 0.927002 0.258057
vt 0.943115 0.237061
vt 0.936523 0.226318
vt 0.962158 0.211670
vt 0.946533 0.207520
vt 0.912842 0.230469
vt 0.890137 0.216309
vt 0.912109 0.204102
vt 0.933594 0.190674
vt 0.910889 0.189209
vt 0.901855 0.242432
vt 0.887207 0.234863
vt 0.880371 0.204346
vt 0.879395 0.190430
vt 0.864258 0.219727
vt 0.850098 0.207520
vt 0.824707 0.201660
vt 0.830078 0.188721
vt 0.842041 0.217285
vt 0.824219 0.214111
vt 0.852051 0.230957
vt 0.807861 0.213379
vt 0.848145 0.239258
vt 0.810059 0.238770
vt 0.867676 0.238525
vt 0.887939 0.255371
vt 0.865967 0.258301
vt 0.889893 0.276611
vt 0.873779 0.300781
vt 0.859375 0.293213
vt 0.866455 0.318848
vt 0.817871 0.306396
vt 0.846924 0.323975
vt 0.827881 0.323486
vt 0.844727 0.309082
vt 0.817383 0.316895
vt 0.838867 0.295166
vt 0.817627 0.285889
vt 0.835938 0.267334
vt 0.831787 0.241943
vt 0.823486 0.262695
vt 0.809814 0.261963
vt 0.179688 0.041748
vt 0.189941 0.003174
vt 0.204102 0.015869
vt 0.200439 0.039551
vt 0.164307 0.020996
vt 0.161377 0.062256
vt 0.149658 0.045410
vt 0.152588 0.079834
vt 0.148193 0.022217
vt 0.137451 0.041504
vt 0.133545 0.003174
vt 0.119629 0.032471
vt 0.112793 0.006348
vt 0.260010 0.703369
vt 0.258057 0.684570
vt 0.299561 0.709961
vt 0.292480 0.731445
vt 0.310791 0.743408
vt 0.227539 0.703857
vt 0.211914 0.677490
vt 0.282715 0.736816
vt 0.297119 0.750000
vt 0.296143 0.793945
vt 0.306641 0.802002
vt 0.303711 0.819580
vt 0.288818 0.770752
vt 0.293213 0.811523
vt 0.284912 0.795166
vt 0.279053 0.826416
vt 0.268066 0.846924
vt 0.258789 0.822266
vt 0.237793 0.828125
vt 0.281006 0.765381
vt 0.271240 0.787109
vt 0.252930 0.794434
vt 0.273926 0.751709
vt 0.246826 0.724609
vt 0.241943 0.751709
vt 0.202637 0.725586
vt 0.217529 0.768066
vt 0.222168 0.803955
vt 0.211182 0.822266
vt 0.195312 0.842041
vt 0.202881 0.779053
vt 0.180908 0.802734
vt 0.182129 0.762207
vt 0.145996 0.822510
vt 0.158936 0.850830
vt 0.147461 0.784668
vt 0.145752 0.737793
vt 0.168457 0.735596
vt 0.161133 0.697998
vt 0.186279 0.702637
s 1
usemtl tripo_mat_03431851-4ff1-46a1-a6ba-705235b3d4e5
f 1255/1 1258/2 1241/3
f 1241/3 1258/2 1242/4
f 1258/2 1255/1 1286/5
f 1258/2 1286/5 1267/6
f 1258/2 1267/6 1242/4
f 1267/6 1286/5 1281/7
f 1267/6 1281/7 1273/8
f 1281/7 1286/5 1290/9
f 1281/7 1290/9 1273/8
f 1290/9 1286/5 1302/10
f 1290/9 1302/10 1297/11
f 1290/9 1297/11 1273/8
f 1302/10 1286/5 1318/12
f 1302/10 1318/12 1297/11
f 1318/12 1286/5 1282/13
f 1282/13 1286/5 1255/1
f 1318/12 1282/13 1270/14
f 1270/14 1282/13 1255/1
f 1270/14 1255/1 1240/15
f 1318/12 1270/14 1295/16
f 1240/15 1255/1 1212/17
f 1318/12 1295/16 1343/18
f 1318/12 1343/18 1351/19
f 1318/12 1351/19 1324/20
f 1318/12 1324/20 1297/11
f 1212/17 1255/1 1209/21
f 1212/17 1209/21 1186/22
f 1209/21 1255/1 1241/3
f 1186/22 1209/21 1180/23
f 1180/23 1209/21 1204/24
f 1204/24 1209/21 1241/3
f 1180/23 1204/24 1182/25
f 1204/24 1241/3 1231/26
f 1231/26 1241/3 1242/4
f 1182/25 1204/24 1210/27
f 1210/27 1204/24 1231/26
f 1182/25 1210/27 1199/28
f 1182/25 1199/28 1178/29
f 1210/27 1231/26 1221/30
f 1221/30 1231/26 1242/4
f 1210/27 1221/30 1199/28
f 1221/30 1242/4 1229/31
f 1221/30 1229/31 1199/28
f 1178/29 1199/28 1190/32
f 1229/31 1242/4 1253/33
f 1253/33 1242/4 1267/6
f 1253/33 1267/6 1273/8
f 1229/31 1253/33 1244/34
f 1229/31 1244/34 1199/28
f 1244/34 1253/33 1273/8
f 1190/32 1199/28 1227/35
f 1227/35 1199/28 1244/34
f 1244/34 1273/8 1254/36
f 1244/34 1254/36 1227/35
f 1254/36 1273/8 1285/37
f 1190/32 1227/35 1197/38
f 1190/32 1197/38 1176/39
f 1190/32 1176/39 1169/40
f 1197/38 1227/35 1222/41
f 1222/41 1227/35 1254/36
f 1176/39 1197/38 1195/42
f 1195/42 1197/38 1222/41
f 1176/39 1195/42 1173/43
f 1297/11 1285/37 1273/8
f 1195/42 1222/41 1216/44
f 1173/43 1195/42 1200/45
f 1200/45 1195/42 1216/44
f 1216/44 1222/41 1238/46
f 1238/46 1222/41 1254/36
f 1265/47 1254/36 1285/37
f 1254/36 1265/47 1238/46
f 1321/48 1285/37 1297/11
f 1321/48 1297/11 1326/49
f 1326/49 1297/11 1311/50
f 1311/50 1297/11 1324/20
f 1311/50 1324/20 1326/49
f 1326/49 1324/20 1342/51
f 1260/52 1265/47 1285/37
f 1265/47 1260/52 1238/46
f 1284/53 1285/37 1321/48
f 1285/37 1284/53 1260/52
f 1284/53 1321/48 1307/54
f 1260/52 1284/53 1275/55
f 1275/55 1284/53 1307/54
f 1238/46 1260/52 1262/56
f 1262/56 1260/52 1275/55
f 1275/55 1307/54 1287/57
f 1275/55 1287/57 1262/56
f 1287/57 1307/54 1305/58
f 1287/57 1305/58 1299/59
f 1262/56 1287/57 1259/60
f 1262/56 1259/60 1238/46
f 1259/60 1287/57 1299/59
f 1238/46 1259/60 1234/61
f 1238/46 1234/61 1216/44
f 1216/44 1234/61 1200/45
f 1259/60 1299/59 1291/62
f 1291/62 1299/59 1316/63
f 1291/62 1316/63 1309/64
f 1312/65 1301/66 1309/64
f 1309/64 1301/66 1291/62
f 1291/62 1301/66 1295/67
f 1295/67 1301/66 1319/68
f 1291/62 1295/67 1278/69
f 1278/69 1295/67 1270/70
f 1291/62 1278/69 1264/71
f 1264/71 1278/69 1270/70
f 1291/62 1264/71 1259/60
f 1264/71 1270/70 1236/72
f 1236/72 1270/70 1240/73
f 1259/60 1264/71 1245/74
f 1245/74 1264/71 1236/72
f 1259/60 1245/74 1234/61
f 1236/72 1240/73 1225/75
f 1236/72 1225/75 1245/74
f 1225/75 1240/73 1212/76
f 1234/61 1245/74 1223/77
f 1223/77 1245/74 1225/75
f 1234/61 1223/77 1200/45
f 1223/77 1225/75 1215/78
f 1225/75 1212/76 1203/79
f 1225/75 1203/79 1215/78
f 1203/79 1212/76 1186/80
f 1223/77 1215/78 1202/81
f 1202/81 1215/78 1203/79
f 1223/77 1202/81 1200/45
f 1203/79 1186/80 1191/82
f 1203/79 1191/82 1202/81
f 1191/82 1186/80 1184/83
f 1191/82 1184/83 1202/81
f 1202/81 1184/83 1200/45
f 1184/83 1186/80 1165/84
f 1200/45 1184/83 1173/43
f 1173/43 1184/83 1165/84
f 1190/85 1175/86 1178/87
f 1175/86 1190/85 1169/88
f 1178/87 1175/86 1152/89
f 1152/89 1175/86 1159/90
f 1159/90 1175/86 1169/88
f 1178/87 1152/89 1162/91
f 1178/87 1162/91 1182/92
f 1182/92 1162/91 1164/93
f 1164/93 1162/91 1144/94
f 1144/94 1162/91 1152/89
f 1182/92 1164/93 1148/95
f 1148/95 1164/93 1144/94
f 1182/92 1148/95 1180/96
f 1136/97 1152/89 1159/90
f 1136/97 1159/90 1137/98
f 1137/98 1159/90 1169/88
f 1152/89 1136/97 1119/99
f 1180/96 1148/95 1135/100
f 1136/97 1137/98 1124/101
f 1136/97 1124/101 1119/99
f 1124/101 1137/98 1096/102
f 1124/101 1096/102 1119/99
f 1152/89 1119/99 1138/103
f 1152/89 1138/103 1144/94
f 1132/104 1148/95 1144/94
f 1148/95 1132/104 1135/100
f 1144/94 1138/103 1120/105
f 1144/94 1120/105 1132/104
f 1138/103 1119/99 1110/106
f 1138/103 1110/106 1120/105
f 1110/106 1119/99 1091/107
f 1091/107 1119/99 1096/102
f 1120/105 1110/106 1101/108
f 1101/108 1110/106 1091/107
f 1132/104 1120/105 1111/109
f 1111/109 1120/105 1101/108
f 1132/104 1111/109 1122/110
f 1132/104 1122/110 1135/100
f 1091/107 1096/102 1070/111
f 1135/100 1122/110 1113/112
f 1122/110 1111/109 1076/113
f 1122/110 1076/113 1113/112
f 1111/109 1101/108 1095/114
f 1111/109 1095/114 1076/113
f 1082/115 1101/108 1091/107
f 1101/108 1082/115 1095/114
f 1052/116 1091/107 1070/111
f 1091/107 1052/116 1082/115
f 1058/117 1070/111 1096/102
f 1070/111 1058/117 1052/116
f 1067/118 1076/113 1095/114
f 1067/118 1095/114 1082/115
f 1076/113 1067/118 1042/119
f 1067/118 1082/115 1050/120
f 1067/118 1050/120 1042/119
f 1042/119 1050/120 1026/121
f 1050/120 1082/115 1053/122
f 1050/120 1053/122 1026/121
f 1053/122 1082/115 1052/116
f 1026/121 1053/122 1036/123
f 1036/123 1053/122 1052/116
f 1036/123 1052/116 1045/124
f 1045/124 1052/116 1058/117
f 1045/124 1058/117 1029/125
f 1029/125 1058/117 1038/126
f 1038/126 1058/117 1074/127
f 1074/127 1058/117 1096/102
f 1038/126 1074/127 1043/128
f 1074/127 1096/102 1137/98
f 1074/127 1137/98 1106/129
f 1106/129 1137/98 1169/88
f 1043/128 1074/127 1077/130
f 1077/130 1074/127 1106/129
f 1043/128 1077/130 1046/131
f 1043/128 1046/131 1018/132
f 1046/131 1077/130 1075/133
f 1075/133 1077/130 1106/129
f 1106/129 1169/88 1125/134
f 1106/129 1125/134 1075/133
f 1075/133 1125/134 1099/135
f 1075/133 1099/135 1104/136
f 1104/136 1099/135 1125/134
f 1104/136 1125/134 1131/137
f 1125/134 1169/88 1158/138
f 1158/138 1169/88 1176/139
f 1158/138 1176/139 1173/140
f 1125/134 1158/138 1155/141
f 1125/134 1155/141 1131/137
f 1155/141 1158/138 1173/140
f 1131/137 1155/141 1165/142
f 1165/142 1155/141 1173/140
f 1157/143 1180/96 1135/100
f 1180/96 1157/143 1186/144
f 1186/144 1157/143 1168/145
f 1186/144 1168/145 1165/146
f 1165/146 1168/145 1157/143
f 1157/143 1135/100 1134/147
f 1134/147 1135/100 1113/112
f 1165/146 1157/143 1150/148
f 1150/148 1157/143 1134/147
f 1165/146 1150/148 1139/149
f 1150/148 1134/147 1115/150
f 1115/150 1134/147 1113/112
f 1150/148 1115/150 1139/149
f 1165/146 1139/149 1127/151
f 1127/151 1139/149 1115/150
f 1165/146 1127/151 1131/152
f 1131/152 1127/151 1104/153
f 1127/151 1115/150 1108/154
f 1104/153 1127/151 1098/155
f 1098/155 1127/151 1108/154
f 1108/154 1115/150 1100/156
f 1108/154 1100/156 1098/155
f 1100/156 1115/150 1069/157
f 1069/157 1115/150 1113/112
f 1098/155 1100/156 1085/158
f 1104/153 1098/155 1073/159
f 1073/159 1098/155 1085/158
f 1085/158 1100/156 1084/160
f 1084/160 1100/156 1069/157
f 1073/159 1085/158 1078/161
f 1078/161 1085/158 1084/160
f 1104/153 1073/159 1056/162
f 1104/153 1056/162 1075/163
f 1075/163 1056/162 1046/164
f 1046/164 1056/162 1034/165
f 1056/162 1073/159 1049/166
f 1056/162 1049/166 1034/165
f 1049/166 1073/159 1078/161
f 1034/165 1049/166 1024/167
f 1024/167 1049/166 1033/168
f 1049/166 1078/161 1057/169
f 1057/169 1078/161 1084/160
f 1049/166 1057/169 1033/168
f 1057/169 1084/160 1069/157
f 1057/169 1069/157 1033/168
f 1033/168 1069/157 1035/170
f 1035/170 1069/157 1072/171
f 1072/171 1069/157 1113/112
f 1035/170 1072/171 1042/119
f 1072/171 1113/112 1076/113
f 1072/171 1076/113 1042/119
f 1375/172 1351/173 1343/174
f 1342/175 1324/176 1351/173
f 1375/172 1343/174 1337/177
f 1337/177 1343/174 1295/178
f 1337/177 1295/178 1325/179
f 1325/179 1295/178 1319/180
f 1337/177 1325/179 1316/181
f 1316/181 1325/179 1319/180
f 1301/182 1312/183 1319/180
f 1319/180 1312/183 1316/181
f 1316/181 1312/183 1309/184
f 1337/177 1316/181 1340/185
f 1340/185 1316/181 1345/186
f 1345/186 1316/181 1330/187
f 1337/177 1340/185 1353/188
f 1337/177 1353/188 1375/172
f 1340/185 1345/186 1363/189
f 1340/185 1363/189 1353/188
f 1345/186 1330/187 1374/190
f 1345/186 1374/190 1363/189
f 1374/190 1330/187 1350/191
f 1353/188 1363/189 1377/192
f 1377/192 1363/189 1374/190
f 1353/188 1377/192 1375/172
f 1374/190 1350/191 1372/193
f 1374/190 1372/193 1391/194
f 1377/192 1374/190 1392/195
f 1392/195 1374/190 1391/194
f 1375/172 1377/192 1444/196
f 1377/192 1392/195 1400/197
f 1377/192 1400/197 1444/196
f 1392/195 1391/194 1397/198
f 1392/195 1397/198 1400/197
f 1401/199 1391/194 1372/193
f 1401/199 1372/193 1383/200
f 1401/199 1383/200 1403/201
f 1401/199 1403/201 1423/202
f 1401/199 1423/202 1430/203
f 1397/198 1391/194 1404/204
f 1391/194 1401/199 1412/205
f 1412/205 1401/199 1430/203
f 1391/194 1412/205 1404/204
f 1397/198 1404/204 1411/206
f 1411/206 1404/204 1412/205
f 1397/198 1411/206 1400/197
f 1412/205 1430/203 1435/207
f 1412/205 1435/207 1411/206
f 1435/207 1430/203 1446/208
f 1411/206 1435/207 1429/209
f 1429/209 1435/207 1446/208
f 1411/206 1429/209 1400/197
f 1429/209 1446/208 1480/210
f 1400/197 1429/209 1470/211
f 1470/211 1429/209 1480/210
f 1470/211 1480/210 1485/212
f 1400/197 1470/211 1444/196
f 1470/211 1485/212 1482/213
f 1482/213 1485/212 1491/214
f 1482/213 1491/214 1497/215
f 1444/196 1470/211 1461/216
f 1470/211 1482/213 1471/217
f 1470/211 1471/217 1461/216
f 1471/217 1482/213 1473/218
f 1461/216 1471/217 1474/219
f 1474/219 1471/217 1473/218
f 1473/218 1482/213 1483/220
f 1483/220 1482/213 1495/221
f 1474/219 1473/218 1467/222
f 1474/219 1467/222 1461/216
f 1473/218 1483/220 1459/223
f 1473/218 1459/223 1467/222
f 1461/216 1467/222 1460/224
f 1460/224 1467/222 1457/225
f 1457/225 1467/222 1459/223
f 1461/216 1460/224 1456/226
f 1456/226 1460/224 1457/225
f 1461/216 1456/226 1444/196
f 1444/196 1456/226 1426/227
f 1444/196 1426/227 1375/172
f 1456/226 1457/225 1436/228
f 1456/226 1436/228 1426/227
f 1436/228 1457/225 1406/229
f 1406/229 1457/225 1459/223
f 1426/227 1436/228 1422/230
f 1422/230 1436/228 1406/229
f 1375/172 1426/227 1385/231
f 1426/227 1422/230 1395/232
f 1426/227 1395/232 1385/231
f 1395/232 1422/230 1406/229
f 1375/172 1385/231 1351/173
f 1385/231 1395/232 1378/233
f 1378/233 1395/232 1406/229
f 1351/173 1385/231 1364/234
f 1364/234 1385/231 1378/233
f 1351/173 1364/234 1342/175
f 1364/234 1378/233 1357/235
f 1364/234 1357/235 1342/175
f 1357/235 1378/233 1406/229
f 1342/175 1357/235 1326/236
f 1326/236 1357/235 1321/237
f 1321/237 1357/235 1362/238
f 1321/237 1362/238 1307/239
f 1357/235 1406/229 1413/240
f 1357/235 1413/240 1362/238
f 1307/239 1362/238 1327/241
f 1307/239 1327/241 1305/242
f 1327/241 1362/238 1346/243
f 1346/243 1362/238 1413/240
f 1305/242 1327/241 1338/244
f 1338/244 1327/241 1346/243
f 1305/242 1338/244 1330/245
f 1305/242 1330/245 1299/246
f 1299/246 1330/245 1316/247
f 1330/245 1338/244 1350/248
f 1350/248 1338/244 1372/249
f 1338/244 1346/243 1359/250
f 1359/250 1346/243 1413/240
f 1372/249 1338/244 1366/251
f 1366/251 1338/244 1359/250
f 1372/249 1366/251 1383/252
f 1359/250 1413/240 1382/253
f 1359/250 1382/253 1366/251
f 1382/253 1413/240 1428/254
f 1428/254 1413/240 1406/229
f 1366/251 1382/253 1384/255
f 1384/255 1382/253 1428/254
f 1366/251 1384/255 1383/252
f 1428/254 1406/229 1459/223
f 1383/252 1384/255 1407/256
f 1384/255 1428/254 1451/257
f 1451/257 1428/254 1459/223
f 1384/255 1451/257 1407/256
f 1383/252 1407/256 1403/258
f 1451/257 1459/223 1468/259
f 1451/257 1468/259 1407/256
f 1468/259 1459/223 1476/260
f 1476/260 1459/223 1483/220
f 1476/260 1483/220 1488/261
f 1476/260 1488/261 1450/262
f 1403/258 1407/256 1415/263
f 1415/263 1407/256 1468/259
f 1415/263 1468/259 1476/260
f 1415/263 1476/260 1450/262
f 1403/258 1415/263 1420/264
f 1420/264 1415/263 1450/262
f 1495/265 1482/266 1497/267
f 1495/265 1497/267 1498/268
f 1498/268 1497/267 1489/269
f 1489/269 1497/267 1491/270
f 1495/265 1498/268 1493/271
f 1498/268 1489/269 1487/272
f 1498/268 1487/272 1493/271
f 1489/269 1491/270 1480/273
f 1480/273 1491/270 1485/274
f 1487/272 1489/269 1490/275
f 1490/275 1489/269 1480/273
f 1493/271 1487/272 1492/276
f 1492/276 1487/272 1490/275
f 1486/277 1495/265 1493/271
f 1486/277 1493/271 1492/276
f 1495/265 1486/277 1483/278
f 1483/278 1486/277 1488/279
f 1488/279 1486/277 1496/280
f 1488/279 1496/280 1458/281
f 1488/279 1458/281 1450/282
f 1450/282 1458/281 1420/283
f 1458/281 1496/280 1494/284
f 1494/284 1496/280 1486/277
f 1420/283 1458/281 1424/285
f 1420/283 1424/285 1423/286
f 1420/283 1423/286 1403/287
f 1424/285 1458/281 1449/288
f 1449/288 1458/281 1494/284
f 1423/286 1424/285 1419/289
f 1419/289 1424/285 1449/288
f 1423/286 1419/289 1414/290
f 1449/288 1494/284 1479/291
f 1479/291 1494/284 1486/277
f 1419/289 1449/288 1425/292
f 1419/289 1425/292 1414/290
f 1425/292 1449/288 1479/291
f 1414/290 1425/292 1389/293
f 1414/290 1389/293 1409/294
f 1425/292 1479/291 1416/295
f 1425/292 1416/295 1389/293
f 1479/291 1486/277 1466/296
f 1416/295 1479/291 1463/297
f 1463/297 1479/291 1466/296
f 1416/295 1463/297 1402/298
f 1416/295 1402/298 1389/293
f 1402/298 1463/297 1455/299
f 1376/300 1409/294 1389/293
f 1409/294 1376/300 1399/301
f 1399/301 1376/300 1380/302
f 1389/293 1402/298 1388/303
f 1388/303 1402/298 1455/299
f 1376/300 1389/293 1369/304
f 1369/304 1389/293 1388/303
f 1380/302 1376/300 1335/305
f 1335/305 1376/300 1369/304
f 1380/302 1335/305 1373/306
f 1373/306 1335/305 1360/307
f 1335/305 1369/304 1339/308
f 1339/308 1369/304 1367/309
f 1367/309 1369/304 1388/303
f 1339/308 1367/309 1352/310
f 1352/310 1367/309 1410/311
f 1367/309 1388/303 1432/312
f 1367/309 1432/312 1410/311
f 1432/312 1388/303 1455/299
f 1410/311 1432/312 1445/313
f 1445/313 1432/312 1455/299
f 1410/311 1445/313 1387/314
f 1445/313 1455/299 1463/297
f 1387/314 1445/313 1408/315
f 1445/313 1463/297 1466/296
f 1405/316 1398/317 1408/315
f 1408/315 1445/313 1448/318
f 1405/316 1408/315 1421/319
f 1421/319 1408/315 1448/318
f 1445/313 1466/296 1465/320
f 1445/313 1465/320 1448/318
f 1421/319 1448/318 1452/321
f 1405/316 1421/319 1442/322
f 1442/322 1421/319 1452/321
f 1405/316 1442/322 1390/323
f 1390/323 1442/322 1438/324
f 1390/323 1438/324 1394/325
f 1442/322 1452/321 1453/326
f 1453/326 1452/321 1448/318
f 1442/322 1453/326 1438/324
f 1394/325 1438/324 1370/327
f 1453/326 1448/318 1464/328
f 1464/328 1448/318 1465/320
f 1438/324 1453/326 1454/329
f 1454/329 1453/326 1464/328
f 1370/327 1438/324 1393/330
f 1393/330 1438/324 1454/329
f 1358/331 1347/332 1370/327
f 1358/331 1370/327 1365/333
f 1358/331 1365/333 1360/334
f 1370/327 1393/330 1379/335
f 1370/327 1379/335 1365/333
f 1360/334 1365/333 1371/336
f 1360/334 1371/336 1373/337
f 1373/337 1371/336 1365/333
f 1373/337 1365/333 1380/338
f 1380/338 1365/333 1379/335
f 1380/338 1379/335 1393/330
f 1380/338 1393/330 1396/339
f 1380/338 1396/339 1399/340
f 1399/340 1396/339 1409/341
f 1396/339 1393/330 1417/342
f 1417/342 1393/330 1454/329
f 1409/341 1396/339 1418/343
f 1418/343 1396/339 1417/342
f 1409/341 1418/343 1427/344
f 1409/341 1427/344 1414/345
f 1418/343 1417/342 1431/346
f 1418/343 1431/346 1427/344
f 1414/345 1427/344 1433/347
f 1433/347 1427/344 1431/346
f 1414/345 1433/347 1437/348
f 1437/348 1433/347 1431/346
f 1414/345 1437/348 1423/349
f 1431/346 1417/342 1434/350
f 1434/350 1417/342 1469/351
f 1469/351 1417/342 1454/329
f 1431/346 1434/350 1443/352
f 1431/346 1443/352 1437/348
f 1443/352 1434/350 1469/351
f 1423/349 1437/348 1439/353
f 1423/349 1439/353 1430/354
f 1430/354 1439/353 1446/355
f 1439/353 1437/348 1447/356
f 1446/355 1439/353 1441/357
f 1441/357 1439/353 1447/356
f 1447/356 1437/348 1440/358
f 1447/356 1440/358 1441/357
f 1441/357 1440/358 1446/355
f 1440/358 1437/348 1443/352
f 1440/358 1443/352 1446/355
f 1446/355 1443/352 1480/273
f 1480/273 1443/352 1477/359
f 1477/359 1443/352 1469/351
f 1480/273 1477/359 1490/275
f 1477/359 1469/351 1472/360
f 1477/359 1472/360 1490/275
f 1472/360 1469/351 1462/361
f 1462/361 1469/351 1454/329
f 1462/361 1454/329 1464/328
f 1462/361 1464/328 1465/320
f 1462/361 1465/320 1472/360
f 1490/275 1472/360 1475/362
f 1472/360 1465/320 1478/363
f 1472/360 1478/363 1475/362
f 1478/363 1465/320 1466/296
f 1490/275 1475/362 1484/364
f 1484/364 1475/362 1478/363
f 1490/275 1484/364 1492/276
f 1478/363 1466/296 1481/365
f 1478/363 1481/365 1484/364
f 1484/364 1481/365 1492/276
f 1481/365 1466/296 1486/277
f 1481/365 1486/277 1492/276
f 1014/366 1035/367 1042/368
f 1014/366 1042/368 1026/369
f 1014/366 1026/369 1019/370
f 1019/370 1026/369 1036/371
f 1019/370 1036/371 1023/372
f 1014/366 1019/370 1001/373
f 1001/373 1019/370 1023/372
f 1035/367 1014/366 1000/374
f 1000/374 1014/366 1001/373
f 1023/372 1036/371 996/375
f 1023/372 996/375 1001/373
f 996/375 1036/371 1029/376
f 1029/376 1036/371 1045/377
f 996/375 1029/376 1002/378
f 1002/378 1029/376 1038/379
f 996/375 1002/378 979/380
f 996/375 979/380 1001/373
f 1002/378 1038/379 995/381
f 995/381 1038/379 1043/382
f 979/380 1002/378 973/383
f 973/383 1002/378 995/381
f 1001/373 979/380 962/384
f 979/380 973/383 942/385
f 979/380 942/385 962/384
f 995/381 1043/382 997/386
f 997/386 1043/382 1018/387
f 997/386 1018/387 998/388
f 997/386 998/388 968/389
f 997/386 968/389 964/390
f 997/386 964/390 995/381
f 964/390 968/389 6/391
f 995/381 964/390 951/392
f 951/392 964/390 6/391
f 995/381 951/392 973/383
f 951/392 6/391 19/393
f 973/383 951/392 929/394
f 929/394 951/392 19/393
f 973/383 929/394 942/385
f 929/394 19/393 45/395
f 45/395 19/393 87/396
f 929/394 45/395 46/397
f 929/394 46/397 30/398
f 929/394 30/398 942/385
f 57/399 39/400 30/398
f 30/398 39/400 33/401
f 33/401 39/400 56/402
f 33/401 56/402 53/403
f 30/398 33/401 11/404
f 30/398 11/404 942/385
f 33/401 53/403 31/405
f 33/401 31/405 11/404
f 31/405 53/403 24/406
f 942/385 11/404 937/407
f 942/385 937/407 962/384
f 11/404 31/405 10/408
f 10/408 31/405 24/406
f 937/407 11/404 931/409
f 931/409 11/404 10/408
f 937/407 931/409 946/410
f 962/384 937/407 958/411
f 958/411 937/407 946/410
f 962/384 958/411 1001/373
f 946/410 931/409 954/412
f 954/412 931/409 10/408
f 946/410 954/412 958/411
f 1001/373 958/411 974/413
f 974/413 958/411 954/412
f 1001/373 974/413 1000/374
f 1000/374 974/413 972/414
f 972/414 974/413 954/412
f 1000/374 972/414 1035/367
f 954/412 10/408 934/415
f 934/415 10/408 24/406
f 972/414 954/412 944/416
f 944/416 954/412 934/415
f 1035/367 972/414 992/417
f 992/417 972/414 944/416
f 1035/367 992/417 1033/418
f 934/415 24/406 27/419
f 27/419 24/406 75/420
f 934/415 27/419 944/416
f 1033/418 992/417 1008/421
f 1033/418 1008/421 1024/422
f 992/417 944/416 981/423
f 992/417 981/423 1008/421
f 1024/422 1008/421 1004/424
f 1024/422 1004/424 1034/425
f 1008/421 981/423 983/426
f 1008/421 983/426 1004/424
f 981/423 944/416 957/427
f 983/426 981/423 978/428
f 978/428 981/423 957/427
f 1004/424 983/426 999/429
f 1004/424 999/429 1034/425
f 983/426 978/428 956/430
f 956/430 978/428 957/427
f 999/429 983/426 963/431
f 963/431 983/426 956/430
f 1034/425 999/429 1016/432
f 1034/425 1016/432 1046/433
f 1046/433 1016/432 1018/434
f 1018/434 1016/432 998/435
f 1016/432 999/429 984/436
f 1016/432 984/436 998/435
f 984/436 999/429 963/431
f 998/435 984/436 968/437
f 968/437 984/436 963/431
f 968/437 963/431 947/438
f 968/437 947/438 6/439
f 947/438 963/431 927/440
f 6/439 947/438 930/441
f 930/441 947/438 927/440
f 927/440 963/431 928/442
f 928/442 963/431 956/430
f 930/441 927/440 23/443
f 6/439 930/441 29/444
f 29/444 930/441 23/443
f 6/439 29/444 40/445
f 6/439 40/445 19/446
f 19/446 40/445 67/447
f 40/445 29/444 62/448
f 62/448 29/444 49/449
f 49/449 29/444 23/443
f 49/449 23/443 32/450
f 32/450 23/443 927/440
f 32/450 927/440 928/442
f 32/450 928/442 22/451
f 32/450 22/451 59/452
f 59/452 22/451 44/453
f 44/453 22/451 28/454
f 44/453 28/454 27/419
f 27/419 28/454 22/451
f 22/451 928/442 5/455
f 22/451 5/455 27/419
f 5/455 928/442 945/456
f 945/456 928/442 956/430
f 945/456 956/430 957/427
f 5/455 945/456 3/457
f 5/455 3/457 27/419
f 3/457 945/456 957/427
f 27/419 3/457 944/416
f 944/416 3/457 957/427
f 75/458 24/459 53/460
f 75/458 53/460 92/461
f 92/461 53/460 56/462
f 75/458 92/461 118/463
f 92/461 56/462 95/464
f 75/458 118/463 120/465
f 118/463 92/461 130/466
f 130/466 92/461 95/464
f 75/458 120/465 76/467
f 75/458 76/467 27/468
f 27/468 76/467 44/469
f 44/469 76/467 65/470
f 44/469 65/470 59/471
f 65/470 76/467 82/472
f 59/471 65/470 91/473
f 91/473 65/470 82/472
f 82/472 76/467 94/474
f 82/472 94/474 91/473
f 94/474 76/467 120/465
f 94/474 120/465 123/475
f 94/474 123/475 91/473
f 59/471 91/473 72/476
f 59/471 72/476 32/477
f 32/477 72/476 49/478
f 123/475 120/465 137/479
f 49/478 72/476 66/480
f 49/478 66/480 62/481
f 91/473 123/475 132/482
f 132/482 123/475 137/479
f 122/483 72/476 91/473
f 122/483 91/473 132/482
f 66/480 72/476 101/484
f 101/484 72/476 122/483
f 62/481 66/480 93/485
f 93/485 66/480 101/484
f 62/481 93/485 77/486
f 62/481 77/486 40/487
f 40/487 77/486 67/488
f 87/489 19/490 67/488
f 87/489 67/488 121/491
f 121/491 67/488 77/486
f 121/491 77/486 112/492
f 112/492 77/486 93/485
f 121/491 112/492 147/493
f 112/492 93/485 126/494
f 112/492 126/494 147/493
f 126/494 93/485 101/484
f 147/493 126/494 183/495
f 183/495 126/494 180/496
f 126/494 101/484 134/497
f 126/494 134/497 180/496
f 134/497 101/484 122/483
f 180/496 134/497 182/498
f 180/496 182/498 216/499
f 216/499 182/498 198/500
f 182/498 134/497 161/501
f 161/501 134/497 122/483
f 182/498 161/501 198/500
f 161/501 122/483 132/482
f 198/500 161/501 196/502
f 198/500 196/502 219/503
f 161/501 132/482 158/504
f 161/501 158/504 196/502
f 219/503 196/502 203/505
f 158/504 132/482 137/479
f 203/505 196/502 194/506
f 196/502 158/504 173/507
f 196/502 173/507 194/506
f 203/505 194/506 195/508
f 194/506 173/507 164/509
f 194/506 164/509 195/508
f 164/509 173/507 158/504
f 158/504 137/479 149/510
f 158/504 149/510 164/509
f 164/509 149/510 137/479
f 164/509 137/479 159/511
f 164/509 159/511 195/508
f 159/511 137/479 120/465
f 159/511 120/465 118/463
f 159/511 118/463 150/512
f 195/508 159/511 177/513
f 177/513 159/511 150/512
f 195/508 177/513 220/514
f 150/512 118/463 130/466
f 177/513 150/512 154/515
f 154/515 150/512 130/466
f 220/514 177/513 205/516
f 220/514 205/516 217/517
f 217/517 205/516 202/518
f 217/517 202/518 209/519
f 205/516 177/513 188/520
f 205/516 188/520 202/518
f 188/520 177/513 170/521
f 170/521 177/513 154/515
f 202/518 188/520 189/522
f 202/518 189/522 209/519
f 188/520 170/521 176/523
f 188/520 176/523 189/522
f 170/521 154/515 160/524
f 170/521 160/524 176/523
f 209/519 189/522 186/525
f 209/519 186/525 213/526
f 189/522 176/523 167/527
f 167/527 176/523 160/524
f 189/522 167/527 186/525
f 160/524 154/515 141/528
f 160/524 141/528 167/527
f 141/528 154/515 140/529
f 140/529 154/515 130/466
f 186/525 167/527 153/530
f 153/530 167/527 141/528
f 191/531 213/526 186/525
f 191/531 186/525 153/530
f 213/526 191/531 230/532
f 230/532 191/531 201/533
f 140/529 130/466 125/534
f 140/529 125/534 141/528
f 125/534 130/466 110/535
f 110/535 130/466 95/464
f 141/528 125/534 113/536
f 113/536 125/534 110/535
f 110/535 95/464 88/537
f 110/535 88/537 113/536
f 88/537 95/464 83/538
f 83/538 95/464 78/539
f 78/539 95/464 56/462
f 78/539 56/462 63/540
f 78/539 63/540 83/538
f 63/540 56/462 39/541
f 63/540 39/541 57/542
f 63/540 57/542 83/538
f 83/538 57/542 88/537
f 88/537 57/542 79/543
f 88/537 79/543 113/536
f 79/543 57/542 30/544
f 79/543 30/544 46/545
f 79/543 46/545 98/546
f 79/543 98/546 113/536
f 98/546 46/545 45/547
f 98/546 45/547 87/548
f 113/536 98/546 117/549
f 117/549 98/546 87/548
f 113/536 117/549 141/528
f 117/549 87/548 139/550
f 117/549 139/550 141/528
f 139/550 87/548 121/551
f 141/528 139/550 153/530
f 153/530 139/550 121/551
f 153/530 121/551 162/552
f 153/530 162/552 191/531
f 162/552 121/551 147/553
f 191/531 162/552 201/533
f 162/552 147/553 183/554
f 162/552 183/554 201/533
f 201/533 183/554 211/555
f 211/555 183/554 224/556
f 224/556 183/554 180/557
f 1344/558 1360/559 1335/560
f 1347/561 1358/562 1360/559
f 1347/561 1360/559 1344/558
f 1347/561 1344/558 1336/563
f 1336/563 1344/558 1333/564
f 1347/561 1336/563 1329/565
f 1329/565 1336/563 1333/564
f 1333/564 1344/558 1320/566
f 1333/564 1320/566 1329/565
f 1320/566 1344/558 1335/560
f 1347/561 1329/565 1331/567
f 1347/561 1331/567 1370/568
f 1370/568 1331/567 1394/569
f 1394/569 1331/567 1349/570
f 1394/569 1349/570 1390/571
f 1349/570 1331/567 1298/572
f 1331/567 1329/565 1317/573
f 1331/567 1317/573 1298/572
f 1317/573 1329/565 1320/566
f 1298/572 1317/573 1293/574
f 1293/574 1317/573 1320/566
f 1298/572 1293/574 1276/575
f 1298/572 1276/575 1266/576
f 1293/574 1320/566 1279/577
f 1293/574 1279/577 1276/575
f 1279/577 1320/566 1300/578
f 1300/578 1320/566 1335/560
f 1266/576 1276/575 1269/579
f 1300/578 1335/560 1304/580
f 1304/580 1335/560 1339/581
f 1279/577 1300/578 1256/582
f 1276/575 1279/577 1263/583
f 1276/575 1263/583 1269/579
f 1263/583 1279/577 1256/582
f 1266/576 1269/579 1250/584
f 1250/584 1269/579 1263/583
f 1266/576 1250/584 1224/585
f 1250/584 1263/583 1251/586
f 1251/586 1263/583 1256/582
f 1224/585 1250/584 1239/587
f 1239/587 1250/584 1251/586
f 1224/585 1239/587 1211/588
f 1211/588 1239/587 1233/589
f 1211/588 1233/589 1220/590
f 1220/590 1233/589 1239/587
f 1220/590 1239/587 1251/586
f 1220/590 1251/586 1230/591
f 1230/591 1251/586 1256/582
f 1220/590 1230/591 1188/592
f 1188/592 1230/591 1208/593
f 1208/593 1230/591 1235/594
f 1208/593 1235/594 1213/595
f 1230/591 1256/582 1257/596
f 1230/591 1257/596 1235/594
f 1213/595 1235/594 1247/597
f 1247/597 1235/594 1257/596
f 1228/598 1214/599 1213/595
f 1228/598 1213/595 1248/600
f 1248/600 1213/595 1247/597
f 1228/598 1248/600 1252/601
f 1228/598 1252/601 1226/602
f 1226/602 1252/601 1243/603
f 1252/601 1248/600 1271/604
f 1271/604 1248/600 1247/597
f 1243/603 1252/601 1283/605
f 1283/605 1252/601 1271/604
f 1271/604 1247/597 1288/606
f 1271/604 1288/606 1283/605
f 1288/606 1247/597 1289/607
f 1289/607 1247/597 1257/596
f 1288/606 1289/607 1315/608
f 1288/606 1315/608 1283/605
f 1289/607 1257/596 1280/609
f 1315/608 1289/607 1306/610
f 1306/610 1289/607 1280/609
f 1280/609 1257/596 1274/611
f 1274/611 1257/596 1256/582
f 1274/611 1256/582 1300/578
f 1274/611 1300/578 1304/580
f 1280/609 1274/611 1296/612
f 1296/612 1274/611 1304/580
f 1280/609 1296/612 1306/610
f 1296/612 1304/580 1322/613
f 1296/612 1322/613 1306/610
f 1322/613 1304/580 1332/614
f 1332/614 1304/580 1339/581
f 1332/614 1339/581 1352/615
f 1332/614 1352/615 1322/613
f 1322/613 1352/615 1381/616
f 1322/613 1381/616 1306/610
f 1381/616 1352/615 1410/617
f 1306/610 1381/616 1341/618
f 1306/610 1341/618 1315/608
f 1381/616 1410/617 1354/619
f 1381/616 1354/619 1341/618
f 1354/619 1410/617 1387/620
f 1315/608 1341/618 1314/621
f 1314/621 1341/618 1354/619
f 1314/621 1354/619 1387/620
f 1315/608 1314/621 1283/605
f 1408/622 1398/623 1387/620
f 1314/621 1387/620 1348/624
f 1387/620 1398/623 1386/625
f 1387/620 1386/625 1348/624
f 1386/625 1398/623 1390/626
f 1390/626 1398/623 1405/627
f 1348/624 1386/625 1355/628
f 1386/625 1390/626 1368/629
f 1386/625 1368/629 1355/628
f 1368/629 1390/626 1356/630
f 1355/628 1368/629 1361/631
f 1361/631 1368/629 1356/630
f 1356/630 1390/626 1349/632
f 1355/628 1361/631 1334/633
f 1334/633 1361/631 1356/630
f 1328/634 1348/624 1355/628
f 1328/634 1355/628 1334/633
f 1348/624 1328/634 1314/621
f 1334/633 1356/630 1323/635
f 1334/633 1323/635 1328/634
f 1308/636 1356/630 1349/632
f 1356/630 1308/636 1323/635
f 1328/634 1323/635 1313/637
f 1313/637 1323/635 1308/636
f 1314/621 1328/634 1310/638
f 1310/638 1328/634 1313/637
f 1310/638 1313/637 1308/636
f 1314/621 1310/638 1283/605
f 1283/605 1310/638 1292/639
f 1292/639 1310/638 1308/636
f 1303/640 1308/636 1349/632
f 1303/640 1349/632 1298/641
f 1303/640 1298/641 1266/642
f 1303/640 1266/642 1224/643
f 1303/640 1224/643 1232/644
f 1292/639 1308/636 1294/645
f 1308/636 1303/640 1277/646
f 1308/636 1277/646 1294/645
f 1277/646 1303/640 1232/644
f 1294/645 1277/646 1292/639
f 1277/646 1232/644 1246/647
f 1246/647 1232/644 1218/648
f 1292/639 1277/646 1272/649
f 1292/639 1272/649 1283/605
f 1277/646 1246/647 1268/650
f 1277/646 1268/650 1272/649
f 1246/647 1218/648 1249/651
f 1246/647 1249/651 1268/650
f 1249/651 1218/648 1237/652
f 1283/605 1272/649 1261/653
f 1261/653 1272/649 1268/650
f 1261/653 1268/650 1249/651
f 1261/653 1249/651 1237/652
f 1283/605 1261/653 1243/603
f 1243/603 1261/653 1237/652
f 1243/603 1237/652 1219/654
f 1237/655 1218/656 1217/657
f 1237/655 1217/657 1219/658
f 1217/657 1218/656 1193/659
f 1219/658 1217/657 1206/660
f 1206/660 1217/657 1193/659
f 1219/658 1206/660 1207/661
f 1219/658 1207/661 1243/662
f 1243/662 1207/661 1226/663
f 1207/661 1206/660 1198/664
f 1198/664 1206/660 1193/659
f 1207/661 1198/664 1185/665
f 1185/665 1198/664 1193/659
f 1226/663 1207/661 1196/666
f 1226/663 1196/666 1228/667
f 1196/666 1207/661 1166/668
f 1166/668 1207/661 1185/665
f 1228/667 1196/666 1179/669
f 1179/669 1196/666 1166/668
f 1228/667 1179/669 1192/670
f 1228/667 1192/670 1214/671
f 1214/671 1192/670 1213/672
f 1213/672 1192/670 1183/673
f 1213/672 1183/673 1208/674
f 1208/674 1183/673 1188/675
f 1183/673 1192/670 1163/676
f 1163/676 1192/670 1179/669
f 1188/675 1183/673 1177/677
f 1177/677 1183/673 1163/676
f 1177/677 1163/676 1188/675
f 1188/675 1163/676 1126/678
f 1163/676 1179/669 1156/679
f 1156/679 1179/669 1166/668
f 1126/678 1163/676 1143/680
f 1143/680 1163/676 1156/679
f 1126/678 1143/680 1121/681
f 1143/680 1156/679 1142/682
f 1142/682 1156/679 1166/668
f 1143/680 1142/682 1121/681
f 1126/678 1121/681 1090/683
f 1090/683 1121/681 1083/684
f 1090/683 1083/684 1048/685
f 1083/684 1121/681 1087/686
f 1083/684 1087/686 1060/687
f 1060/687 1087/686 1063/688
f 1087/686 1121/681 1116/689
f 1116/689 1121/681 1142/682
f 1063/688 1087/686 1092/690
f 1092/690 1087/686 1116/689
f 1063/688 1092/690 1068/691
f 1092/690 1116/689 1114/692
f 1092/690 1114/692 1068/691
f 1114/692 1116/689 1142/682
f 1068/691 1114/692 1086/693
f 1114/692 1142/682 1141/694
f 1141/694 1142/682 1166/668
f 1086/693 1114/692 1109/695
f 1109/695 1114/692 1141/694
f 1141/694 1166/668 1161/696
f 1161/696 1166/668 1185/665
f 1109/695 1141/694 1128/697
f 1128/697 1141/694 1161/696
f 1086/693 1109/695 1105/698
f 1105/698 1109/695 1128/697
f 1086/693 1105/698 1088/699
f 1086/693 1088/699 1080/700
f 1080/700 1088/699 1097/701
f 1097/701 1088/699 1105/698
f 1080/700 1097/701 1081/702
f 1097/701 1105/698 1112/703
f 1112/703 1105/698 1128/697
f 1081/702 1097/701 1103/704
f 1081/702 1103/704 1093/705
f 1097/701 1112/703 1123/706
f 1097/701 1123/706 1103/704
s 0
f 1112/703 1128/697 1129/707
s 1
f 1112/703 1129/707 1123/706
f 1103/704 1123/706 1145/708
f 1103/704 1145/708 1093/705
f 1123/706 1129/707 1154/709
f 1123/706 1154/709 1145/708
f 1129/707 1128/697 1149/710
f 1129/707 1149/710 1154/709
f 1149/710 1128/697 1151/711
f 1151/711 1128/697 1161/696
f 1149/710 1151/711 1171/712
f 1171/712 1151/711 1161/696
f 1149/710 1171/712 1154/709
f 1171/712 1161/696 1185/665
f 1171/712 1185/665 1181/713
f 1181/713 1185/665 1193/659
f 1154/709 1171/712 1174/714
f 1174/714 1171/712 1181/713
f 1174/714 1181/713 1193/659
f 1154/709 1174/714 1145/708
f 1174/714 1193/659 1201/715
f 1201/715 1193/659 1218/656
f 1201/715 1218/656 1232/716
f 1201/715 1232/716 1187/717
f 1201/715 1187/717 1174/714
f 1187/717 1232/716 1224/718
f 1187/717 1224/718 1211/719
f 1160/720 1145/708 1174/714
f 1160/720 1174/714 1187/717
f 1145/708 1160/720 1140/721
f 1145/708 1140/721 1093/705
f 1187/717 1211/719 1194/722
f 1194/722 1211/719 1205/723
f 1205/723 1211/719 1220/724
f 1187/717 1194/722 1189/725
f 1189/725 1194/722 1205/723
f 1205/723 1220/724 1188/726
f 1205/723 1188/726 1189/725
f 1189/725 1188/726 1172/727
f 1189/725 1172/727 1187/717
f 1187/717 1172/727 1170/728
f 1187/717 1170/728 1160/720
f 1170/728 1172/727 1167/729
f 1170/728 1167/729 1160/720
f 1172/727 1188/726 1147/730
f 1147/730 1188/726 1126/731
f 1167/729 1172/727 1153/732
f 1153/732 1172/727 1147/730
f 1167/729 1153/732 1160/720
f 1147/730 1126/731 1133/733
f 1147/730 1133/733 1153/732
f 1160/720 1153/732 1146/734
f 1146/734 1153/732 1133/733
f 1160/720 1146/734 1140/721
f 1133/733 1126/731 1117/735
f 1146/734 1133/733 1130/736
f 1146/734 1130/736 1140/721
f 1130/736 1133/733 1117/735
f 1117/735 1126/731 1090/737
f 1140/721 1130/736 1107/738
f 1130/736 1117/735 1118/739
f 1130/736 1118/739 1107/738
f 1140/721 1107/738 1093/705
f 1118/739 1117/735 1102/740
f 1102/740 1117/735 1090/737
f 1118/739 1102/740 1107/738
f 1065/741 1090/737 1047/742
f 1090/737 1065/741 1079/743
f 1090/737 1079/743 1102/740
f 1107/738 1102/740 1094/744
f 1094/744 1102/740 1079/743
f 1107/738 1094/744 1093/705
f 1094/744 1079/743 1062/745
f 1089/746 1062/745 1093/705
f 1062/745 1089/746 1094/744
f 1094/744 1089/746 1093/705
f 1054/747 1093/748 1062/749
f 1093/748 1054/747 1081/750
f 1079/751 1065/752 1062/749
f 1062/749 1065/752 1031/753
f 1031/753 1065/752 1047/754
f 1054/747 1062/749 1032/755
f 1032/755 1062/749 1031/753
f 1031/753 1047/754 1006/756
f 1031/753 1006/756 991/757
f 991/757 1006/756 976/758
f 1031/753 991/757 1005/759
f 991/757 976/758 969/760
f 1032/755 1031/753 1021/761
f 1021/761 1031/753 1005/759
f 1032/755 1021/761 1022/762
f 1022/762 1021/761 1005/759
f 969/760 976/758 953/763
f 1032/755 1022/762 1009/764
f 1009/764 1022/762 1005/759
f 1032/755 1009/764 1020/765
f 1032/755 1020/765 1054/747
f 1009/764 1005/759 1003/766
f 986/767 1005/759 991/757
f 1005/759 986/767 1003/766
f 986/767 991/757 969/760
f 1009/764 1003/766 967/768
f 967/768 1003/766 986/767
f 967/768 986/767 969/760
f 1009/764 967/768 1020/765
f 950/769 969/760 953/763
f 969/760 950/769 967/768
f 950/769 953/763 933/770
f 933/770 953/763 8/771
f 950/769 933/770 2/772
f 950/769 2/772 935/773
f 950/769 935/773 967/768
f 13/774 940/775 935/773
f 967/768 935/773 961/776
f 961/776 935/773 940/775
f 967/768 961/776 982/777
f 967/768 982/777 1020/765
f 961/776 940/775 970/778
f 970/778 940/775 938/779
f 982/777 961/776 985/780
f 985/780 961/776 970/778
f 1020/765 982/777 1013/781
f 1013/781 982/777 985/780
f 970/778 938/779 952/782
f 1020/765 1013/781 1027/783
f 1013/781 985/780 1010/784
f 1013/781 1010/784 1027/783
f 1020/765 1027/783 1055/785
f 1020/765 1055/785 1054/747
f 1054/747 1055/785 1081/750
f 990/786 985/780 970/778
f 985/780 990/786 1010/784
f 990/786 970/778 966/787
f 966/787 970/778 952/782
f 1081/750 1055/785 1061/788
f 1081/750 1061/788 1080/789
f 1041/790 1055/785 1027/783
f 1055/785 1041/790 1061/788
f 1041/790 1027/783 1010/784
f 1080/789 1061/788 1071/791
f 1041/790 1010/784 1028/792
f 1061/788 1041/790 1051/793
f 1051/793 1041/790 1028/792
f 1061/788 1051/793 1071/791
f 1080/789 1071/791 1086/794
f 1028/792 1010/784 1015/795
f 1028/792 1015/795 1051/793
f 1071/791 1051/793 1059/796
f 1015/795 1010/784 989/797
f 989/797 1010/784 990/786
f 1051/793 1015/795 1025/798
f 1051/793 1025/798 1059/796
f 989/797 990/786 966/787
f 1071/791 1059/796 1066/799
f 1071/791 1066/799 1086/794
f 1066/799 1059/796 1025/798
f 1086/794 1066/799 1064/800
f 1086/794 1064/800 1068/801
f 1066/799 1025/798 1039/802
f 1066/799 1039/802 1064/800
f 1007/803 1025/798 1015/795
f 1007/803 1015/795 989/797
f 1039/802 1025/798 994/804
f 994/804 1025/798 1007/803
f 1007/803 989/797 980/805
f 1007/803 980/805 994/804
f 980/805 989/797 966/787
f 1044/806 1064/800 1039/802
f 1064/800 1044/806 1068/801
f 1039/802 994/804 987/807
f 1039/802 987/807 1044/806
f 980/805 966/787 959/808
f 987/807 994/804 960/809
f 960/809 994/804 980/805
f 1068/801 1044/806 1030/810
f 1044/806 987/807 988/811
f 1044/806 988/811 1030/810
f 1068/801 1030/810 1063/812
f 960/809 980/805 948/813
f 948/813 980/805 959/808
f 987/807 960/809 955/814
f 987/807 955/814 988/811
f 960/809 948/813 943/815
f 960/809 943/815 955/814
f 943/815 948/813 7/816
f 943/815 7/816 932/817
f 943/815 932/817 955/814
f 955/814 932/817 988/811
f 941/818 948/813 959/808
f 941/818 959/808 966/787
f 948/813 941/818 4/819
f 941/818 966/787 952/782
f 4/819 941/818 938/779
f 938/779 941/818 952/782
f 988/811 932/817 975/820
f 975/820 932/817 1/821
f 975/820 1/821 939/822
f 988/811 975/820 1011/823
f 988/811 1011/823 1030/810
f 975/820 939/822 965/824
f 1030/810 1011/823 1037/825
f 1030/810 1037/825 1063/812
f 1063/812 1037/825 1060/826
f 1011/823 975/820 993/827
f 993/827 975/820 965/824
f 1037/825 1011/823 1017/828
f 1017/828 1011/823 993/827
f 1060/826 1037/825 1040/829
f 1040/829 1037/825 1017/828
f 1060/826 1040/829 1048/830
f 1060/826 1048/830 1083/831
f 1040/829 1017/828 1012/832
f 1012/832 1017/828 993/827
f 1040/829 1012/832 1048/830
f 1048/830 1012/832 1047/833
f 1048/830 1047/833 1090/834
f 1047/833 1012/832 1006/835
f 1012/832 993/827 977/836
f 1012/832 977/836 1006/835
f 977/836 993/827 965/824
f 1006/835 977/836 971/837
f 1006/835 971/837 976/838
f 977/836 965/824 949/839
f 977/836 949/839 971/837
f 949/839 965/824 939/822
f 949/839 939/822 9/840
f 971/837 949/839 936/841
f 971/837 936/841 976/838
f 936/841 949/839 15/842
f 976/838 936/841 953/843
f 953/843 936/841 12/844
f 935/845 2/846 37/847
f 935/845 37/847 13/848
f 933/849 8/850 2/846
f 37/847 2/846 20/851
f 20/851 2/846 8/850
f 37/847 20/851 48/852
f 37/847 48/852 96/853
f 20/851 8/850 12/854
f 12/854 8/850 953/855
f 20/851 12/854 35/856
f 20/851 35/856 48/852
f 35/856 12/854 47/857
f 35/856 47/857 48/852
f 138/858 127/859 96/853
f 85/860 96/853 48/852
f 96/853 85/860 138/858
f 48/852 47/857 64/861
f 48/852 64/861 85/860
f 41/862 47/857 12/854
f 41/862 12/854 936/863
f 138/858 85/860 115/864
f 138/858 115/864 131/865
f 85/860 64/861 81/866
f 64/861 47/857 84/867
f 64/861 84/867 81/866
f 85/860 81/866 89/868
f 85/860 89/868 115/864
f 89/868 81/866 84/867
f 115/864 89/868 105/869
f 105/869 89/868 108/870
f 105/869 108/870 115/864
f 108/870 89/868 84/867
f 115/864 108/870 131/865
f 69/871 84/867 47/857
f 84/867 69/871 108/870
f 69/871 47/857 41/862
f 131/865 108/870 142/872
f 131/865 142/872 143/873
f 142/872 108/870 135/874
f 135/874 108/870 106/875
f 106/875 108/870 69/871
f 135/874 106/875 114/876
f 114/876 106/875 69/871
f 135/874 114/876 136/877
f 136/877 114/876 119/878
f 136/877 119/878 146/879
f 114/876 69/871 102/880
f 114/876 102/880 119/878
f 102/880 69/871 68/881
f 68/881 69/871 41/862
f 119/878 102/880 100/882
f 100/882 102/880 68/881
f 119/878 100/882 146/879
f 68/881 41/862 50/883
f 68/881 50/883 100/882
f 50/883 41/862 15/884
f 15/884 41/862 936/863
f 50/883 15/884 26/885
f 26/885 15/884 9/886
f 9/886 15/884 949/887
f 50/883 26/885 42/888
f 50/883 42/888 100/882
f 26/885 9/886 14/889
f 26/885 14/889 42/888
f 14/889 9/886 1/890
f 14/889 1/890 42/888
f 1/890 9/886 939/891
f 42/888 1/890 34/892
f 34/892 1/890 932/893
f 42/888 34/892 60/894
f 42/888 60/894 70/895
f 42/888 70/895 100/882
f 70/895 60/894 97/896
f 100/882 70/895 99/897
f 99/897 70/895 97/896
f 100/882 99/897 124/898
f 100/882 124/898 146/879
f 124/898 99/897 129/899
f 124/898 129/899 146/879
f 129/899 99/897 97/896
f 146/879 129/899 165/900
f 165/900 129/899 156/901
f 156/901 129/899 116/902
f 116/902 129/899 97/896
f 156/901 116/902 145/903
f 145/903 116/902 86/904
f 86/904 116/902 74/905
f 74/905 116/902 97/896
f 74/905 97/896 55/906
f 940/907 13/908 21/909
f 21/909 13/908 37/910
f 940/907 21/909 938/911
f 21/909 37/910 61/912
f 61/912 37/910 96/913
f 938/911 21/909 18/914
f 938/911 18/914 4/915
f 21/909 61/912 52/916
f 18/914 21/909 51/917
f 51/917 21/909 52/916
f 4/915 18/914 38/918
f 38/918 18/914 51/917
f 4/915 38/918 16/919
f 4/915 16/919 948/920
f 948/920 16/919 7/921
f 80/922 52/916 61/912
f 52/916 80/922 51/917
f 104/923 61/912 96/913
f 61/912 104/923 80/922
f 104/923 96/913 127/924
f 104/923 127/924 148/925
f 104/923 148/925 103/926
f 104/923 103/926 80/922
f 103/926 148/925 133/927
f 71/928 51/917 80/922
f 71/928 80/922 103/926
f 51/917 71/928 58/929
f 51/917 58/929 38/918
f 71/928 103/926 90/930
f 38/918 58/929 36/931
f 38/918 36/931 16/919
f 58/929 71/928 73/932
f 73/932 71/928 90/930
f 36/931 58/929 54/933
f 54/933 58/929 73/932
f 16/919 36/931 25/934
f 16/919 25/934 7/921
f 36/931 54/933 55/935
f 36/931 55/935 25/934
f 55/935 54/933 74/936
f 74/936 54/933 86/937
f 86/937 54/933 73/932
f 86/937 73/932 90/930
f 7/921 25/934 17/938
f 7/921 17/938 932/939
f 932/939 17/938 34/940
f 17/938 25/934 43/941
f 17/938 43/941 34/940
f 43/941 25/934 55/935
f 34/940 43/941 60/942
f 60/942 43/941 55/935
f 60/942 55/935 97/943
f 107/944 86/937 90/930
f 107/944 90/930 111/945
f 111/945 90/930 103/926
f 111/945 103/926 133/927
f 107/944 111/945 128/946
f 128/946 111/945 133/927
f 86/937 107/944 109/947
f 109/947 107/944 128/946
f 86/937 109/947 145/948
f 145/948 109/947 144/949
f 144/949 109/947 128/946
f 144/949 128/946 133/927
f 144/949 133/927 157/950
f 219/951 203/952 215/953
f 215/953 203/952 231/954
f 231/954 203/952 195/955
f 219/951 215/953 254/956
f 215/953 231/954 266/957
f 215/953 266/957 254/956
f 231/954 195/955 255/958
f 231/954 255/958 266/957
f 255/958 195/955 220/959
f 254/956 266/957 318/960
f 266/957 255/958 319/961
f 266/957 319/961 318/960
f 255/958 220/959 249/962
f 255/958 249/962 319/961
f 249/962 220/959 244/963
f 244/963 220/959 229/964
f 229/964 220/959 217/965
f 229/964 217/965 233/966
f 229/964 233/966 244/963
f 233/966 217/965 209/967
f 233/966 209/967 213/968
f 233/966 213/968 230/969
f 244/963 233/966 247/970
f 247/970 233/966 230/969
f 244/963 247/970 272/971
f 272/971 247/970 230/969
f 279/972 249/962 244/963
f 249/962 279/972 319/961
f 279/972 244/963 283/973
f 283/973 244/963 272/971
f 319/961 279/972 323/974
f 323/974 279/972 283/973
f 319/961 323/974 362/975
f 323/974 283/973 330/976
f 323/974 330/976 362/975
f 283/973 272/971 337/977
f 283/973 337/977 330/976
f 330/976 337/977 405/978
f 330/976 405/978 362/975
f 319/961 362/975 409/979
f 405/978 337/977 418/980
f 319/961 409/979 318/960
f 337/977 272/971 325/981
f 337/977 325/981 418/980
f 325/981 272/971 256/982
f 256/982 272/971 230/969
f 256/982 230/969 236/983
f 236/983 230/969 201/984
f 236/983 201/984 211/985
f 236/983 211/985 224/986
f 256/982 236/983 299/987
f 256/982 299/987 325/981
f 236/983 224/986 250/988
f 236/983 250/988 299/987
f 250/988 224/986 227/989
f 227/989 224/986 180/990
f 227/989 180/990 216/991
f 227/989 216/991 235/992
f 227/989 235/992 252/993
f 227/989 252/993 250/988
f 252/993 235/992 258/994
f 250/988 252/993 285/995
f 285/995 252/993 258/994
f 250/988 285/995 299/987
f 285/995 258/994 274/996
f 285/995 274/996 354/997
f 354/997 274/996 303/998
f 354/997 303/998 388/999
f 354/997 388/999 415/1000
f 415/1000 388/999 452/1001
f 285/995 354/997 373/1002
f 285/995 373/1002 299/987
f 354/997 415/1000 404/1003
f 354/997 404/1003 373/1002
f 404/1003 415/1000 492/1004
f 404/1003 492/1004 500/1005
f 373/1002 404/1003 378/1006
f 378/1006 404/1003 500/1005
f 373/1002 378/1006 299/987
f 378/1006 500/1005 467/1007
f 299/987 378/1006 408/1008
f 408/1008 378/1006 467/1007
f 299/987 408/1008 325/981
f 325/981 408/1008 418/980
f 418/980 408/1008 467/1007
f 418/980 467/1007 482/1009
f 482/1009 467/1007 550/1010
f 418/980 482/1009 438/1011
f 418/980 438/1011 405/978
f 438/1011 482/1009 488/1012
f 488/1012 482/1009 524/1013
f 405/978 438/1011 432/1014
f 432/1014 438/1011 488/1012
f 405/978 432/1014 362/975
f 488/1012 524/1013 480/1015
f 488/1012 480/1015 432/1014
f 432/1014 480/1015 362/975
f 362/975 480/1015 409/979
f 409/979 480/1015 516/1016
f 516/1016 480/1015 548/1017
f 409/979 516/1016 391/1018
f 391/1018 516/1016 498/1019
f 409/979 391/1018 318/960
f 391/1018 498/1019 451/1020
f 391/1018 451/1020 437/1021
f 437/1021 451/1020 454/1022
f 318/960 391/1018 341/1023
f 391/1018 437/1021 392/1024
f 392/1024 437/1021 454/1022
f 391/1018 392/1024 341/1023
f 318/960 341/1023 289/1025
f 289/1025 341/1023 392/1024
f 318/960 289/1025 254/956
f 392/1024 454/1022 363/1026
f 392/1024 363/1026 289/1025
f 363/1026 454/1022 417/1027
f 363/1026 417/1027 388/1028
f 363/1026 388/1028 303/1029
f 363/1026 303/1029 280/1030
f 363/1026 280/1030 289/1025
f 280/1030 303/1029 274/1031
f 280/1030 274/1031 260/1032
f 280/1030 260/1032 289/1025
f 260/1032 274/1031 258/1033
f 260/1032 258/1033 235/1034
f 289/1025 260/1032 263/1035
f 289/1025 263/1035 254/956
f 254/956 263/1035 219/951
f 263/1035 260/1032 232/1036
f 232/1036 260/1032 235/1034
f 263/1035 232/1036 219/951
f 232/1036 235/1034 216/1037
f 219/951 232/1036 198/1038
f 198/1038 232/1036 216/1037
f 451/1039 496/1040 454/1041
f 454/1041 496/1040 494/1042
f 496/1040 451/1039 531/1043
f 496/1040 531/1043 494/1042
f 531/1043 451/1039 498/1044
f 454/1041 494/1042 417/1045
f 494/1042 531/1043 540/1046
f 531/1043 498/1044 567/1047
f 417/1045 494/1042 462/1048
f 531/1043 567/1047 556/1049
f 531/1043 556/1049 540/1046
f 567/1047 498/1044 537/1050
f 537/1050 498/1044 516/1051
f 537/1050 516/1051 548/1052
f 480/1053 524/1054 548/1052
f 548/1052 524/1054 482/1055
f 537/1050 548/1052 587/1056
f 548/1052 482/1055 543/1057
f 543/1057 482/1055 550/1058
f 537/1050 587/1056 623/1059
f 537/1050 623/1059 567/1047
f 587/1056 548/1052 646/1060
f 587/1056 646/1060 623/1059
f 548/1052 543/1057 579/1061
f 548/1052 579/1061 646/1060
f 567/1047 623/1059 671/1062
f 671/1062 623/1059 646/1060
f 579/1061 543/1057 581/1063
f 581/1063 543/1057 550/1058
f 579/1061 581/1063 616/1064
f 579/1061 616/1064 646/1060
f 616/1064 581/1063 619/1065
f 616/1064 619/1065 646/1060
f 581/1063 550/1058 599/1066
f 581/1063 599/1066 619/1065
f 599/1066 550/1058 582/1067
f 599/1066 582/1067 689/1068
f 599/1066 689/1068 619/1065
f 689/1068 582/1067 754/1069
f 619/1065 689/1068 680/1070
f 680/1070 689/1068 754/1069
f 665/1071 646/1060 619/1065
f 665/1071 619/1065 680/1070
f 646/1060 665/1071 693/1072
f 646/1060 693/1072 671/1062
f 665/1071 680/1070 706/1073
f 665/1071 706/1073 693/1072
f 680/1070 754/1069 800/1074
f 800/1074 754/1069 837/1075
f 706/1073 680/1070 751/1076
f 751/1076 680/1070 800/1074
f 693/1072 706/1073 712/1077
f 712/1077 706/1073 751/1076
f 693/1072 712/1077 742/1078
f 742/1078 712/1077 751/1076
f 693/1072 742/1078 671/1062
f 742/1078 751/1076 781/1079
f 781/1079 751/1076 800/1074
f 671/1062 742/1078 787/1080
f 742/1078 781/1079 798/1081
f 742/1078 798/1081 787/1080
f 781/1079 800/1074 789/1082
f 781/1079 789/1082 798/1081
f 787/1080 798/1081 831/1083
f 787/1080 831/1083 720/1084
f 671/1062 787/1080 658/1085
f 658/1085 787/1080 720/1084
f 671/1062 658/1085 567/1047
f 658/1085 720/1084 698/1086
f 567/1047 658/1085 633/1087
f 633/1087 658/1085 698/1086
f 698/1086 720/1084 739/1088
f 698/1086 739/1088 741/1089
f 567/1047 633/1087 556/1049
f 698/1086 741/1089 709/1090
f 556/1049 633/1087 574/1091
f 556/1049 574/1091 540/1046
f 574/1091 633/1087 605/1092
f 633/1087 698/1086 676/1093
f 633/1087 676/1093 605/1092
f 676/1093 698/1086 709/1090
f 574/1091 605/1092 608/1094
f 608/1094 605/1092 676/1093
f 574/1091 608/1094 540/1046
f 608/1094 676/1093 709/1090
f 540/1046 608/1094 558/1095
f 608/1094 709/1090 642/1096
f 608/1094 642/1096 558/1095
f 642/1096 709/1090 626/1097
f 626/1097 709/1090 644/1098
f 626/1097 644/1098 629/1099
f 642/1096 626/1097 586/1100
f 642/1096 586/1100 558/1095
f 626/1097 629/1099 630/1101
f 630/1101 629/1099 647/1102
f 586/1100 626/1097 594/1103
f 594/1103 626/1097 630/1101
f 558/1095 586/1100 576/1104
f 576/1104 586/1100 594/1103
f 594/1103 630/1101 612/1105
f 594/1103 612/1105 576/1104
f 630/1101 647/1102 682/1106
f 682/1106 647/1102 714/1107
f 682/1106 714/1107 756/1108
f 630/1101 682/1106 645/1109
f 630/1101 645/1109 612/1105
f 682/1106 756/1108 701/1110
f 682/1106 701/1110 645/1109
f 701/1110 756/1108 786/1111
f 645/1109 701/1110 663/1112
f 663/1112 701/1110 786/1111
f 612/1105 645/1109 573/1113
f 612/1105 573/1113 576/1104
f 573/1113 645/1109 622/1114
f 622/1114 645/1109 663/1112
f 663/1112 786/1111 771/1115
f 771/1115 786/1111 828/1116
f 771/1115 828/1116 837/1117
f 771/1115 837/1117 734/1118
f 771/1115 734/1118 663/1112
f 734/1118 837/1117 754/1119
f 622/1114 663/1112 611/1120
f 611/1120 663/1112 734/1118
f 622/1114 611/1120 573/1113
f 734/1118 754/1119 617/1121
f 734/1118 617/1121 611/1120
f 617/1121 754/1119 582/1122
f 611/1120 617/1121 553/1123
f 553/1123 617/1121 582/1122
f 611/1120 553/1123 573/1113
f 467/1124 582/1122 550/1125
f 582/1122 467/1124 500/1126
f 582/1122 500/1126 553/1123
f 553/1123 500/1126 535/1127
f 553/1123 535/1127 573/1113
f 535/1127 500/1126 492/1128
f 573/1113 535/1127 518/1129
f 518/1129 535/1127 492/1128
f 573/1113 518/1129 541/1130
f 573/1113 541/1130 576/1104
f 518/1129 492/1128 452/1131
f 452/1131 492/1128 415/1132
f 576/1104 541/1130 558/1095
f 518/1129 452/1131 483/1133
f 518/1129 483/1133 541/1130
f 388/1134 417/1045 452/1131
f 452/1131 417/1045 462/1048
f 452/1131 462/1048 483/1133
f 541/1130 483/1133 515/1135
f 515/1135 483/1133 462/1048
f 532/1136 558/1095 541/1130
f 532/1136 541/1130 515/1135
f 532/1136 515/1135 462/1048
f 558/1095 532/1136 540/1046
f 532/1136 462/1048 494/1042
f 532/1136 494/1042 540/1046
f 840/1137 800/1074 837/1075
f 840/1137 837/1075 873/1138
f 800/1074 840/1137 824/1139
f 800/1074 824/1139 789/1082
f 842/1140 840/1137 855/1141
f 840/1137 842/1140 827/1142
f 840/1137 827/1142 824/1139
f 827/1142 842/1140 845/1143
f 789/1082 824/1139 819/1144
f 819/1144 824/1139 827/1142
f 789/1082 819/1144 798/1081
f 827/1142 845/1143 814/1145
f 827/1142 814/1145 819/1144
f 819/1144 814/1145 798/1081
f 814/1145 845/1143 831/1083
f 814/1145 831/1083 798/1081
f 778/1146 720/1147 851/1148
f 864/1149 865/1150 851/1148
f 851/1148 865/1150 838/1151
f 851/1148 838/1151 778/1146
f 868/1152 905/1153 865/1150
f 865/1150 905/1153 838/1151
f 907/1154 923/1155 905/1153
f 905/1153 923/1155 925/1156
f 925/1156 923/1155 924/1157
f 838/1151 905/1153 914/1158
f 914/1158 905/1153 925/1156
f 925/1156 924/1157 917/1159
f 925/1156 917/1159 914/1158
f 912/1160 908/1161 924/1157
f 908/1161 912/1160 915/1162
f 924/1157 908/1161 899/1163
f 899/1163 908/1161 915/1162
f 924/1157 899/1163 917/1159
f 917/1159 899/1163 888/1164
f 899/1163 915/1162 909/1165
f 899/1163 909/1165 888/1164
f 909/1165 915/1162 906/1166
f 906/1166 915/1162 913/1167
f 913/1167 915/1162 920/1168
f 909/1165 906/1166 872/1169
f 909/1165 872/1169 888/1164
f 906/1166 913/1167 876/1170
f 906/1166 876/1170 872/1169
f 876/1170 913/1167 867/1171
f 867/1171 913/1167 901/1172
f 872/1169 876/1170 870/1173
f 870/1173 876/1170 867/1171
f 872/1169 870/1173 888/1164
f 870/1173 867/1171 874/1174
f 870/1173 874/1174 894/1175
f 888/1164 870/1173 846/1176
f 888/1164 846/1176 903/1177
f 903/1177 846/1176 870/1173
f 888/1164 903/1177 917/1159
f 870/1173 894/1175 897/1178
f 870/1173 897/1178 903/1177
f 897/1178 894/1175 898/1179
f 917/1159 903/1177 910/1180
f 903/1177 897/1178 900/1181
f 900/1181 897/1178 898/1179
f 903/1177 900/1181 910/1180
f 900/1181 898/1179 886/1182
f 900/1181 886/1182 891/1183
f 900/1181 891/1183 910/1180
f 917/1159 910/1180 914/1158
f 910/1180 891/1183 889/1184
f 889/1184 891/1183 882/1185
f 914/1158 910/1180 887/1186
f 887/1186 910/1180 889/1184
f 889/1184 882/1185 863/1187
f 863/1187 882/1185 879/1188
f 863/1187 879/1188 856/1189
f 863/1187 856/1189 830/1190
f 863/1187 830/1190 889/1184
f 830/1190 856/1189 790/1191
f 830/1190 790/1191 772/1192
f 830/1190 772/1192 792/1193
f 889/1184 830/1190 820/1194
f 820/1194 830/1190 792/1193
f 889/1184 820/1194 887/1186
f 887/1186 820/1194 849/1195
f 887/1186 849/1195 914/1158
f 849/1195 820/1194 821/1196
f 914/1158 849/1195 825/1197
f 914/1158 825/1197 838/1151
f 849/1195 821/1196 794/1198
f 849/1195 794/1198 825/1197
f 821/1196 820/1194 809/1199
f 821/1196 809/1199 794/1198
f 809/1199 820/1194 792/1193
f 838/1151 825/1197 793/1200
f 793/1200 825/1197 794/1198
f 793/1200 794/1198 809/1199
f 838/1151 793/1200 778/1146
f 809/1199 792/1193 780/1201
f 809/1199 780/1201 793/1200
f 780/1201 792/1193 733/1202
f 793/1200 780/1201 778/1146
f 778/1146 780/1201 770/1203
f 778/1146 770/1203 768/1204
f 778/1146 768/1204 759/1205
f 768/1204 770/1203 762/1206
f 762/1206 770/1203 777/1207
f 720/1208 831/1209 851/1210
f 851/1210 831/1209 845/1211
f 851/1210 845/1211 850/1212
f 850/1212 845/1211 842/1213
f 851/1210 850/1212 864/1214
f 850/1212 842/1213 848/1215
f 848/1215 842/1213 855/1216
f 850/1212 848/1215 861/1217
f 861/1217 848/1215 855/1216
f 864/1214 850/1212 871/1218
f 871/1218 850/1212 861/1217
f 868/1219 865/1220 864/1214
f 868/1219 864/1214 858/1221
f 858/1221 864/1214 871/1218
f 868/1219 858/1221 866/1222
f 871/1218 861/1217 869/1223
f 871/1218 869/1223 858/1221
f 858/1221 869/1223 866/1222
f 869/1223 861/1217 855/1216
f 866/1222 869/1223 873/1224
f 873/1224 869/1223 855/1216
f 873/1224 855/1216 840/1225
f 739/1226 720/1227 778/1228
f 739/1226 778/1228 759/1229
f 739/1226 759/1229 748/1230
f 739/1226 748/1230 741/1231
f 741/1231 748/1230 709/1232
f 709/1232 748/1230 740/1233
f 740/1233 748/1230 759/1229
f 709/1232 740/1233 644/1234
f 740/1233 759/1229 766/1235
f 766/1235 759/1229 773/1236
f 766/1235 773/1236 740/1233
f 773/1236 759/1229 768/1237
f 762/1238 777/1239 768/1237
f 768/1237 777/1239 773/1236
f 740/1233 773/1236 678/1240
f 740/1233 678/1240 644/1234
f 773/1236 777/1239 765/1241
f 765/1241 777/1239 770/1242
f 678/1240 773/1236 700/1243
f 700/1243 773/1236 765/1241
f 644/1234 678/1240 664/1244
f 678/1240 700/1243 677/1245
f 678/1240 677/1245 664/1244
f 700/1243 765/1241 684/1246
f 684/1246 765/1241 788/1247
f 700/1243 684/1246 677/1245
f 677/1245 684/1246 695/1248
f 695/1248 684/1246 669/1249
f 695/1248 669/1249 661/1250
f 677/1245 695/1248 699/1251
f 670/1252 664/1244 677/1245
f 670/1252 677/1245 699/1251
f 664/1244 670/1252 644/1234
f 670/1252 699/1251 718/1253
f 644/1234 670/1252 647/1254
f 647/1254 670/1252 718/1253
f 644/1234 647/1254 629/1255
f 647/1254 718/1253 714/1256
f 828/1257 873/1258 837/1259
f 873/1258 828/1257 836/1260
f 836/1260 828/1257 786/1261
f 873/1258 836/1260 853/1262
f 873/1258 853/1262 866/1263
f 866/1263 853/1262 868/1264
f 868/1264 853/1262 907/1265
f 868/1264 907/1265 905/1266
f 907/1265 853/1262 916/1267
f 916/1267 853/1262 836/1260
f 907/1265 916/1267 923/1268
f 923/1268 916/1267 926/1269
f 926/1269 916/1267 918/1270
f 918/1270 916/1267 822/1271
f 822/1271 916/1267 836/1260
f 822/1271 836/1260 791/1272
f 822/1271 791/1272 796/1273
f 796/1273 791/1272 799/1274
f 791/1272 836/1260 784/1275
f 784/1275 836/1260 786/1261
f 791/1272 784/1275 750/1276
f 784/1275 786/1261 756/1277
f 750/1276 784/1275 718/1278
f 784/1275 756/1277 714/1279
f 784/1275 714/1279 718/1278
f 769/1280 770/1281 780/1282
f 770/1281 769/1280 765/1283
f 765/1283 769/1280 779/1284
f 779/1284 769/1280 780/1282
f 765/1283 779/1284 788/1285
f 779/1284 780/1282 758/1286
f 758/1286 780/1282 733/1287
f 779/1284 758/1286 761/1288
f 779/1284 761/1288 788/1285
f 761/1288 758/1286 763/1289
f 761/1288 763/1289 788/1285
f 788/1285 763/1289 684/1290
f 684/1290 763/1289 669/1291
f 923/1292 926/1293 924/1294
f 924/1294 926/1293 922/1295
f 924/1294 922/1295 912/1296
f 912/1296 922/1295 911/1297
f 912/1296 911/1297 919/1298
f 912/1296 919/1298 920/1299
f 912/1296 920/1299 915/1300
f 901/1301 913/1302 920/1303
f 901/1301 920/1303 919/1304
f 901/1301 919/1304 896/1305
f 896/1305 919/1304 895/1306
f 895/1306 919/1304 911/1307
f 895/1306 911/1307 922/1308
f 895/1306 922/1308 902/1309
f 896/1305 895/1306 890/1310
f 890/1310 895/1306 902/1309
f 901/1301 896/1305 883/1311
f 883/1311 896/1305 890/1310
f 901/1301 883/1311 867/1312
f 867/1312 883/1311 874/1313
f 894/1314 874/1313 902/1309
f 883/1311 890/1310 862/1315
f 883/1311 862/1315 874/1313
f 862/1315 890/1310 902/1309
f 862/1315 902/1309 874/1313
f 718/1316 699/1317 750/1318
f 750/1318 699/1317 745/1319
f 745/1319 699/1317 695/1320
f 745/1319 695/1320 716/1321
f 716/1321 695/1320 661/1322
f 716/1321 661/1322 673/1323
f 716/1321 673/1323 687/1324
f 716/1321 687/1324 797/1325
f 716/1321 797/1325 805/1326
f 716/1321 805/1326 745/1319
f 805/1326 797/1325 810/1327
f 805/1326 810/1327 816/1328
f 805/1326 816/1328 859/1329
f 859/1329 816/1328 881/1330
f 805/1326 859/1329 815/1331
f 805/1326 815/1331 745/1319
f 815/1331 859/1329 881/1330
f 881/1330 816/1328 802/1332
f 745/1319 815/1331 801/1333
f 801/1333 815/1331 881/1330
f 745/1319 801/1333 750/1318
f 801/1333 881/1330 877/1334
f 881/1330 802/1332 885/1335
f 881/1330 885/1335 877/1334
f 885/1335 802/1332 796/1336
f 885/1335 796/1336 799/1337
f 885/1335 799/1337 877/1334
f 877/1334 799/1337 801/1333
f 801/1333 799/1337 750/1318
f 750/1318 799/1337 791/1338
f 811/1339 822/1340 796/1341
f 811/1339 796/1341 802/1342
f 822/1340 811/1339 878/1343
f 822/1340 878/1343 918/1344
f 918/1344 878/1343 893/1345
f 893/1345 878/1343 810/1346
f 878/1343 811/1339 852/1347
f 852/1347 811/1339 802/1342
f 878/1343 852/1347 810/1346
f 852/1347 802/1342 812/1348
f 852/1347 812/1348 810/1346
f 812/1348 802/1342 816/1349
f 812/1348 816/1349 810/1346
f 921/1350 926/1351 918/1352
f 921/1350 918/1352 893/1353
f 921/1350 893/1353 904/1354
f 904/1354 893/1353 892/1355
f 926/1351 921/1350 902/1356
f 902/1356 921/1350 904/1354
f 926/1351 902/1356 922/1357
f 902/1356 904/1354 892/1355
f 902/1356 892/1355 898/1358
f 898/1358 892/1355 886/1359
f 902/1356 898/1358 894/1360
f 733/1361 792/1362 772/1363
f 790/1364 727/1365 772/1363
f 772/1363 727/1365 731/1366
f 772/1363 731/1366 733/1361
f 731/1366 727/1365 711/1367
f 733/1361 731/1366 723/1368
f 733/1361 723/1368 758/1369
f 758/1369 723/1368 724/1370
f 723/1368 731/1366 690/1371
f 723/1368 690/1371 722/1372
f 690/1371 731/1366 674/1373
f 690/1371 674/1373 707/1374
f 669/1375 763/1376 694/1377
f 758/1378 724/1379 763/1376
f 763/1376 724/1379 694/1377
f 669/1375 694/1377 634/1380
f 669/1375 634/1380 673/1381
f 673/1381 634/1380 687/1382
f 634/1380 694/1377 656/1383
f 634/1380 656/1383 687/1382
f 687/1382 656/1383 710/1384
f 687/1382 710/1384 797/1385
f 656/1383 694/1377 707/1386
f 707/1386 694/1377 724/1379
f 656/1383 707/1386 601/1387
f 707/1386 724/1379 722/1388
f 722/1388 724/1379 723/1389
f 707/1386 722/1388 690/1390
f 673/1391 661/1392 669/1393
f 875/1394 886/1395 892/1396
f 875/1394 892/1396 813/1397
f 813/1397 892/1396 893/1398
f 813/1397 893/1398 810/1399
f 813/1397 810/1399 797/1400
f 813/1397 797/1400 818/1401
f 813/1397 818/1401 875/1394
f 818/1401 797/1400 774/1402
f 818/1401 774/1402 807/1403
f 818/1401 807/1403 875/1394
f 875/1394 807/1403 884/1404
f 884/1404 807/1403 817/1405
f 875/1394 884/1404 880/1406
f 875/1407 880/1408 886/1409
f 807/1410 774/1411 817/1412
f 817/1412 774/1411 757/1413
f 817/1412 757/1413 860/1414
f 817/1412 860/1414 884/1415
f 757/1413 774/1411 743/1416
f 743/1416 774/1411 738/1417
f 743/1416 738/1417 757/1413
f 738/1417 774/1411 797/1418
f 738/1417 797/1418 710/1419
f 884/1415 860/1414 844/1420
f 844/1420 860/1414 757/1413
f 757/1413 738/1417 691/1421
f 691/1421 738/1417 710/1419
f 757/1413 691/1421 672/1422
f 691/1421 710/1419 648/1423
f 757/1413 672/1422 755/1424
f 757/1413 755/1424 844/1420
f 672/1422 691/1421 675/1425
f 672/1422 675/1425 755/1424
f 675/1425 691/1421 648/1423
f 648/1423 710/1419 656/1426
f 755/1424 675/1425 729/1427
f 755/1424 729/1427 808/1428
f 808/1428 729/1427 675/1425
f 755/1424 808/1428 844/1420
f 843/1429 884/1415 844/1420
f 843/1429 844/1420 808/1428
f 884/1415 843/1429 880/1430
f 880/1430 843/1429 886/1431
f 843/1429 808/1428 834/1432
f 843/1429 834/1432 854/1433
f 823/1434 808/1428 675/1425
f 808/1428 823/1434 834/1432
f 854/1433 834/1432 829/1435
f 854/1433 829/1435 826/1436
f 834/1432 823/1434 833/1437
f 834/1432 833/1437 829/1435
f 823/1434 675/1425 666/1438
f 666/1438 675/1425 648/1423
f 833/1437 823/1434 736/1439
f 833/1437 736/1439 829/1435
f 823/1434 666/1438 704/1440
f 823/1434 704/1440 736/1439
f 704/1440 666/1438 607/1441
f 607/1441 666/1438 648/1423
f 804/1442 829/1435 803/1443
f 704/1440 607/1441 618/1444
f 618/1444 607/1441 638/1445
f 704/1440 618/1444 592/1446
f 704/1440 592/1446 736/1439
f 618/1444 638/1445 602/1447
f 618/1444 602/1447 592/1446
f 638/1445 607/1441 600/1448
f 600/1448 607/1441 648/1423
f 638/1445 600/1448 602/1447
f 600/1448 648/1423 584/1449
f 600/1448 584/1449 602/1447
f 584/1449 648/1423 589/1450
f 589/1450 648/1423 656/1426
f 589/1450 656/1426 595/1451
f 595/1451 656/1426 601/1452
f 589/1450 595/1451 578/1453
f 578/1453 595/1451 601/1452
f 584/1449 589/1450 552/1454
f 552/1454 589/1450 578/1453
f 542/1455 602/1447 584/1449
f 542/1455 584/1449 552/1454
f 602/1447 542/1455 547/1456
f 547/1456 542/1455 484/1457
f 602/1447 547/1456 588/1458
f 542/1455 552/1454 503/1459
f 602/1447 588/1458 592/1446
f 592/1446 588/1458 604/1460
f 592/1446 604/1460 653/1461
f 592/1446 653/1461 713/1462
f 592/1446 713/1462 736/1439
f 503/1459 552/1454 533/1463
f 533/1463 552/1454 578/1453
f 503/1459 533/1463 461/1464
f 461/1464 533/1463 530/1465
f 530/1465 533/1463 578/1453
f 736/1439 713/1462 776/1466
f 736/1439 776/1466 829/1435
f 776/1466 713/1462 746/1467
f 829/1435 776/1466 803/1443
f 528/1468 530/1465 551/1469
f 551/1469 530/1465 577/1470
f 577/1470 530/1465 603/1471
f 603/1471 530/1465 578/1453
f 577/1470 603/1471 598/1472
f 603/1471 578/1453 601/1452
f 603/1471 601/1452 685/1473
f 685/1473 601/1452 707/1474
f 603/1471 685/1473 636/1475
f 685/1473 707/1474 674/1476
f 685/1473 674/1476 636/1475
f 697/1477 803/1443 776/1466
f 803/1443 697/1477 702/1478
f 702/1478 697/1477 681/1479
f 681/1479 697/1477 715/1480
f 715/1480 697/1477 775/1481
f 775/1481 697/1477 776/1466
f 715/1480 775/1481 764/1482
f 764/1482 775/1481 783/1483
f 783/1483 775/1481 776/1466
f 783/1483 776/1466 746/1467
f 783/1483 746/1467 703/1484
f 783/1483 703/1484 767/1485
f 882/1486 847/1487 879/1488
f 879/1488 847/1487 835/1489
f 879/1488 835/1489 856/1490
f 856/1490 835/1489 790/1491
f 790/1491 835/1489 727/1492
f 835/1489 847/1487 806/1493
f 835/1489 806/1493 727/1492
f 727/1492 806/1493 795/1494
f 795/1494 806/1493 847/1487
f 727/1492 795/1494 711/1495
f 841/1496 847/1487 882/1486
f 847/1487 841/1496 795/1494
f 841/1496 882/1486 857/1497
f 857/1497 882/1486 891/1498
f 857/1497 891/1498 854/1499
f 857/1497 854/1499 826/1500
f 841/1496 857/1497 839/1501
f 841/1496 839/1501 795/1494
f 839/1501 857/1497 826/1500
f 795/1494 839/1501 832/1502
f 832/1502 839/1501 826/1500
f 760/1503 711/1495 795/1494
f 760/1503 795/1494 832/1502
f 711/1495 760/1503 659/1504
f 832/1502 826/1500 730/1505
f 832/1502 730/1505 760/1503
f 760/1503 730/1505 659/1504
f 730/1505 826/1500 721/1506
f 659/1504 730/1505 585/1507
f 585/1507 730/1505 721/1506
f 585/1507 721/1506 705/1508
f 585/1507 705/1508 575/1509
f 575/1509 705/1508 613/1510
f 854/1511 891/1512 886/1513
f 854/1511 886/1513 843/1514
f 668/1515 731/1516 711/1517
f 731/1516 668/1515 674/1518
f 668/1515 711/1517 621/1519
f 621/1519 711/1517 659/1520
f 674/1518 668/1515 635/1521
f 635/1521 668/1515 621/1519
f 674/1518 635/1521 636/1522
f 636/1522 635/1521 606/1523
f 636/1522 606/1523 603/1524
f 606/1523 635/1521 591/1525
f 606/1523 591/1525 603/1524
f 591/1525 635/1521 621/1519
f 603/1524 591/1525 598/1526
f 598/1526 591/1525 577/1527
f 577/1527 591/1525 525/1528
f 577/1527 525/1528 551/1529
f 525/1528 591/1525 572/1530
f 572/1530 591/1525 621/1519
f 627/1531 621/1519 659/1520
f 627/1531 659/1520 585/1532
f 621/1519 627/1531 610/1533
f 610/1533 627/1531 585/1532
f 621/1519 610/1533 572/1530
f 610/1533 585/1532 575/1534
f 610/1533 575/1534 549/1535
f 610/1533 549/1535 572/1530
f 572/1530 549/1535 520/1536
f 520/1537 549/1538 529/1539
f 520/1537 529/1539 493/1540
f 511/1541 419/1542 493/1540
f 493/1540 419/1542 464/1543
f 493/1540 464/1543 471/1544
f 493/1540 471/1544 520/1537
f 471/1544 464/1543 424/1545
f 471/1544 424/1545 414/1546
f 471/1544 414/1546 520/1537
f 414/1546 424/1545 386/1547
f 414/1546 386/1547 377/1548
f 520/1537 414/1546 528/1549
f 520/1537 528/1549 525/1550
f 525/1550 528/1549 551/1551
f 520/1537 525/1550 572/1552
f 529/1553 549/1554 575/1555
f 529/1553 575/1555 564/1556
f 564/1556 575/1555 613/1557
f 529/1553 564/1556 493/1558
f 493/1558 564/1556 555/1559
f 564/1556 613/1557 614/1560
f 564/1556 614/1560 555/1559
f 614/1560 613/1557 705/1561
f 614/1560 705/1561 717/1562
f 614/1560 717/1562 555/1559
f 493/1558 555/1559 511/1563
f 511/1563 555/1559 563/1564
f 511/1563 563/1564 546/1565
f 546/1565 563/1564 628/1566
f 563/1564 555/1559 667/1567
f 563/1564 667/1567 628/1566
f 667/1567 555/1559 717/1562
f 628/1566 667/1567 692/1568
f 692/1568 667/1567 717/1562
f 692/1568 717/1562 753/1569
f 692/1568 753/1569 747/1570
f 692/1568 747/1570 679/1571
f 281/1572 327/1573 295/1574
f 327/1573 281/1572 276/1575
f 327/1573 276/1575 304/1576
f 327/1573 304/1576 349/1577
f 276/1575 281/1572 286/1578
f 286/1578 281/1572 295/1574
f 327/1573 349/1577 380/1579
f 327/1573 380/1579 295/1574
f 377/1580 386/1581 349/1577
f 349/1577 386/1581 380/1579
f 276/1575 286/1578 284/1582
f 380/1579 386/1581 396/1583
f 396/1583 386/1581 424/1584
f 396/1583 424/1584 464/1585
f 396/1583 464/1585 419/1586
f 380/1579 396/1583 381/1587
f 380/1579 381/1587 346/1588
f 380/1579 346/1588 295/1574
f 346/1588 381/1587 361/1589
f 346/1588 361/1589 364/1590
f 346/1588 364/1590 344/1591
f 346/1588 344/1591 295/1574
f 344/1591 364/1590 288/1592
f 295/1574 344/1591 324/1593
f 295/1574 324/1593 286/1578
f 344/1591 288/1592 333/1594
f 344/1591 333/1594 324/1593
f 333/1594 288/1592 278/1595
f 278/1595 288/1592 261/1596
f 324/1593 333/1594 368/1597
f 333/1594 278/1595 298/1598
f 333/1594 298/1598 368/1597
f 278/1595 261/1596 282/1599
f 278/1595 282/1599 298/1598
f 282/1599 261/1596 251/1600
f 282/1599 251/1600 268/1601
f 324/1593 368/1597 316/1602
f 324/1593 316/1602 286/1578
f 368/1597 298/1598 357/1603
f 368/1597 357/1603 316/1602
f 298/1598 282/1599 338/1604
f 298/1598 338/1604 357/1603
f 338/1604 282/1599 268/1601
f 357/1603 338/1604 360/1605
f 316/1602 357/1603 339/1606
f 339/1606 357/1603 360/1605
f 316/1602 339/1606 286/1578
f 360/1605 338/1604 334/1607
f 334/1607 338/1604 268/1601
f 360/1605 334/1607 339/1606
f 286/1578 339/1606 293/1608
f 293/1608 339/1606 334/1607
f 286/1578 293/1608 284/1582
f 293/1608 334/1607 310/1609
f 293/1608 310/1609 284/1582
f 284/1582 310/1609 328/1610
f 284/1582 328/1610 331/1611
f 331/1611 328/1610 355/1612
f 328/1610 310/1609 317/1613
f 317/1613 310/1609 334/1607
f 317/1613 334/1607 268/1601
f 317/1613 268/1601 271/1614
f 271/1614 268/1601 246/1615
f 317/1613 271/1614 311/1616
f 271/1614 246/1615 264/1617
f 271/1614 264/1617 311/1616
f 311/1616 264/1617 307/1618
f 307/1618 264/1617 277/1619
f 307/1618 277/1619 297/1620
f 307/1618 297/1620 326/1621
f 504/1622 470/1623 526/1624
f 470/1623 504/1622 501/1625
f 504/1622 526/1624 545/1626
f 545/1626 526/1624 546/1627
f 545/1626 546/1627 628/1628
f 445/1629 501/1625 457/1630
f 501/1625 504/1622 509/1631
f 501/1625 509/1631 457/1630
f 509/1631 504/1622 538/1632
f 538/1632 504/1622 545/1626
f 545/1626 628/1628 596/1633
f 596/1633 628/1628 692/1634
f 538/1632 545/1626 566/1635
f 596/1633 692/1634 679/1636
f 545/1626 596/1633 615/1637
f 615/1637 596/1633 679/1636
f 545/1626 615/1637 566/1635
f 538/1632 566/1635 539/1638
f 539/1638 566/1635 615/1637
f 538/1632 539/1638 509/1631
f 737/1639 679/1636 747/1640
f 615/1637 679/1636 662/1641
f 662/1641 679/1636 737/1639
f 615/1637 662/1641 624/1642
f 615/1637 624/1642 539/1638
f 662/1641 737/1639 703/1643
f 662/1641 703/1643 624/1642
f 703/1643 737/1639 767/1644
f 539/1638 624/1642 534/1645
f 539/1638 534/1645 509/1631
f 624/1642 703/1643 625/1646
f 624/1642 625/1646 534/1645
f 625/1646 703/1643 746/1647
f 625/1646 746/1647 713/1648
f 534/1645 625/1646 517/1649
f 517/1649 625/1646 713/1648
f 534/1645 517/1649 509/1631
f 517/1649 713/1648 513/1650
f 513/1650 713/1648 653/1651
f 517/1649 513/1650 420/1652
f 509/1631 517/1649 468/1653
f 468/1653 517/1649 420/1652
f 468/1653 420/1652 385/1654
f 509/1631 468/1653 457/1630
f 457/1630 468/1653 389/1655
f 804/1656 683/1657 652/1658
f 652/1658 683/1657 686/1659
f 652/1658 686/1659 728/1660
f 652/1658 728/1660 804/1656
f 686/1659 683/1657 681/1661
f 686/1659 681/1661 728/1660
f 681/1661 683/1657 702/1662
f 702/1662 683/1657 804/1656
f 702/1662 804/1656 803/1663
f 728/1660 681/1661 752/1664
f 752/1664 681/1661 715/1665
f 752/1664 715/1665 764/1666
f 829/1667 804/1656 826/1668
f 826/1668 804/1656 749/1669
f 749/1669 804/1656 728/1660
f 826/1668 749/1669 721/1670
f 721/1670 749/1669 705/1671
f 705/1671 749/1669 717/1672
f 717/1672 749/1669 753/1673
f 753/1673 749/1669 747/1674
f 749/1669 728/1660 782/1675
f 749/1669 782/1675 747/1674
f 782/1675 728/1660 752/1664
f 747/1674 782/1675 737/1676
f 782/1675 752/1664 785/1677
f 782/1675 785/1677 737/1676
f 785/1677 752/1664 764/1666
f 737/1676 785/1677 767/1678
f 785/1677 764/1666 783/1679
f 785/1677 783/1679 767/1678
f 358/1680 390/1681 309/1682
f 358/1680 309/1682 321/1683
f 321/1683 309/1682 292/1684
f 292/1684 309/1682 296/1685
f 296/1685 309/1682 347/1686
f 347/1686 309/1682 390/1681
f 292/1684 296/1685 291/1687
f 292/1684 291/1687 290/1688
f 296/1685 347/1686 335/1689
f 296/1685 335/1689 291/1687
f 290/1688 291/1687 314/1690
f 290/1688 314/1690 351/1691
f 351/1691 314/1690 366/1692
f 314/1690 291/1687 322/1693
f 322/1693 291/1687 335/1689
f 314/1690 322/1693 366/1692
f 366/1692 322/1693 359/1694
f 366/1692 359/1694 411/1695
f 359/1694 322/1693 372/1696
f 372/1696 322/1693 335/1689
f 359/1694 372/1696 411/1695
f 372/1696 335/1689 384/1697
f 384/1697 335/1689 347/1686
f 411/1695 372/1696 416/1698
f 416/1698 372/1696 384/1697
f 411/1695 416/1698 512/1699
f 384/1697 347/1686 439/1700
f 416/1698 384/1697 465/1701
f 416/1698 465/1701 512/1699
f 465/1701 384/1697 439/1700
f 439/1700 347/1686 390/1681
f 512/1699 465/1701 561/1702
f 512/1699 561/1702 583/1703
f 465/1701 439/1700 473/1704
f 583/1703 561/1702 637/1705
f 583/1703 637/1705 725/1706
f 561/1702 465/1701 640/1707
f 561/1702 640/1707 637/1705
f 725/1706 637/1705 732/1708
f 732/1708 637/1705 640/1707
f 473/1704 439/1700 497/1709
f 497/1709 439/1700 390/1681
f 565/1710 465/1701 473/1704
f 465/1701 565/1710 640/1707
f 565/1710 473/1704 497/1709
f 732/1708 640/1707 649/1711
f 649/1711 640/1707 565/1710
f 732/1708 649/1711 726/1712
f 649/1711 565/1710 593/1713
f 593/1713 565/1710 497/1709
f 649/1711 593/1713 726/1712
f 732/1708 726/1712 744/1714
f 744/1714 726/1712 735/1715
f 744/1714 735/1715 719/1716
f 719/1716 735/1715 632/1717
f 735/1715 726/1712 657/1718
f 726/1712 593/1713 641/1719
f 726/1712 641/1719 657/1718
f 641/1719 593/1713 560/1720
f 560/1720 593/1713 497/1709
f 632/1717 735/1715 688/1721
f 688/1721 735/1715 657/1718
f 632/1717 688/1721 590/1722
f 632/1717 590/1722 554/1723
f 590/1722 688/1721 620/1724
f 620/1724 688/1721 657/1718
f 590/1722 620/1724 536/1725
f 536/1725 620/1724 657/1718
f 536/1725 657/1718 569/1726
f 569/1726 657/1718 641/1719
f 569/1726 641/1719 560/1720
f 536/1725 569/1726 478/1727
f 569/1726 560/1720 502/1728
f 569/1726 502/1728 478/1727
f 502/1728 560/1720 497/1709
f 502/1728 497/1709 446/1729
f 446/1729 497/1709 390/1681
f 446/1729 390/1681 358/1680
f 502/1728 446/1729 428/1730
f 428/1730 446/1729 358/1680
f 502/1728 428/1730 478/1727
f 428/1730 358/1680 382/1731
f 428/1730 382/1731 478/1727
f 478/1727 382/1731 463/1732
f 358/1733 321/1734 382/1735
f 472/1736 382/1735 402/1737
f 382/1735 321/1734 353/1738
f 382/1735 353/1738 402/1737
f 353/1738 321/1734 308/1739
f 308/1739 321/1734 292/1740
f 308/1739 292/1740 290/1741
f 402/1737 353/1738 430/1742
f 402/1737 430/1742 422/1743
f 353/1738 308/1739 350/1744
f 353/1738 350/1744 430/1742
f 308/1739 290/1741 345/1745
f 308/1739 345/1745 350/1744
f 345/1745 290/1741 351/1746
f 345/1745 351/1746 395/1747
f 422/1743 430/1742 443/1748
f 350/1744 345/1745 400/1749
f 400/1749 345/1745 395/1747
f 350/1744 400/1749 430/1742
f 400/1749 395/1747 469/1750
f 400/1749 469/1750 430/1742
f 430/1742 469/1750 523/1751
f 430/1742 523/1751 443/1748
f 443/1748 523/1751 495/1752
f 495/1752 523/1751 554/1753
f 495/1752 554/1753 590/1754
f 443/1755 393/1756 422/1757
f 422/1757 393/1756 402/1758
f 402/1758 393/1756 472/1759
f 393/1756 443/1755 479/1760
f 393/1756 479/1760 472/1759
f 479/1760 443/1755 495/1761
f 472/1759 479/1760 519/1762
f 479/1760 495/1761 499/1763
f 519/1762 479/1760 491/1764
f 491/1764 479/1760 499/1763
f 519/1762 491/1764 487/1765
f 491/1764 499/1763 458/1766
f 491/1764 458/1766 487/1765
f 463/1767 382/1768 472/1769
f 478/1770 463/1767 536/1771
f 536/1771 463/1767 472/1769
f 536/1771 472/1769 590/1772
f 590/1772 472/1769 495/1773
f 495/1773 472/1769 527/1774
f 495/1773 527/1774 499/1775
f 527/1774 472/1769 519/1776
f 499/1775 527/1774 449/1777
f 527/1774 519/1776 521/1778
f 527/1774 521/1778 449/1777
f 521/1778 519/1776 487/1779
f 521/1778 487/1779 449/1777
f 361/1780 381/1781 436/1782
f 361/1780 436/1782 407/1783
f 436/1782 381/1781 441/1784
f 441/1784 381/1781 396/1785
f 407/1783 436/1782 453/1786
f 453/1786 436/1782 441/1784
f 407/1783 453/1786 444/1787
f 407/1783 444/1787 459/1788
f 459/1788 444/1787 485/1789
f 485/1789 444/1787 453/1786
f 485/1789 453/1786 506/1790
f 506/1790 453/1786 481/1791
f 481/1791 453/1786 448/1792
f 453/1786 441/1784 458/1793
f 453/1786 458/1793 448/1792
f 458/1793 441/1784 421/1794
f 448/1792 458/1793 499/1795
f 361/1796 407/1797 364/1798
f 364/1798 407/1797 387/1799
f 364/1798 387/1799 374/1800
f 387/1799 407/1797 435/1801
f 435/1801 407/1797 459/1802
f 374/1800 387/1799 406/1803
f 406/1803 387/1799 435/1801
f 374/1800 406/1803 401/1804
f 374/1800 401/1804 421/1805
f 458/1806 421/1805 487/1807
f 487/1807 421/1805 449/1808
f 449/1808 421/1805 401/1804
f 449/1808 401/1804 448/1809
f 448/1809 401/1804 406/1803
f 449/1808 448/1809 499/1810
f 448/1809 406/1803 456/1811
f 448/1809 456/1811 481/1812
f 481/1812 456/1811 490/1813
f 481/1812 490/1813 506/1814
f 456/1811 406/1803 434/1815
f 456/1811 434/1815 490/1813
f 434/1815 406/1803 435/1801
f 490/1813 434/1815 450/1816
f 450/1816 434/1815 435/1801
f 450/1816 435/1801 455/1817
f 450/1816 455/1817 431/1818
f 455/1817 435/1801 477/1819
f 477/1819 435/1801 459/1802
f 431/1818 455/1817 476/1820
f 476/1820 455/1817 477/1819
f 431/1818 476/1820 486/1821
f 431/1818 486/1821 447/1822
f 447/1822 486/1821 489/1823
f 486/1821 476/1820 514/1824
f 514/1824 476/1820 477/1819
f 486/1821 514/1824 489/1823
f 507/1825 477/1819 459/1802
f 477/1819 507/1825 514/1824
f 507/1825 459/1802 485/1826
f 507/1825 485/1826 506/1827
f 507/1825 506/1827 514/1824
f 489/1823 514/1824 508/1828
f 508/1828 514/1824 506/1827
f 489/1823 508/1828 475/1829
f 508/1828 506/1827 490/1830
f 508/1828 490/1830 475/1829
f 475/1829 490/1830 450/1831
f 374/1832 332/1833 340/1834
f 374/1832 340/1834 364/1835
f 364/1835 340/1834 288/1836
f 288/1836 340/1834 287/1837
f 287/1837 340/1834 313/1838
f 313/1838 340/1834 332/1833
f 313/1838 332/1833 306/1839
f 306/1839 332/1833 312/1840
f 306/1839 312/1840 300/1841
f 300/1841 312/1840 294/1842
f 294/1842 312/1840 305/1843
f 294/1842 305/1843 302/1844
f 312/1840 332/1833 315/1845
f 312/1840 315/1845 305/1843
f 315/1845 332/1833 342/1846
f 342/1846 332/1833 374/1832
f 305/1843 315/1845 336/1847
f 302/1844 305/1843 326/1848
f 326/1848 305/1843 336/1847
f 302/1844 326/1848 297/1849
f 336/1847 315/1845 329/1850
f 336/1847 329/1850 326/1848
f 329/1850 315/1845 342/1846
f 342/1846 374/1832 399/1851
f 399/1851 374/1832 421/1852
f 329/1850 342/1846 367/1853
f 342/1846 399/1851 442/1854
f 342/1846 442/1854 367/1853
f 442/1854 399/1851 421/1852
f 329/1850 367/1853 397/1855
f 397/1855 367/1853 442/1854
f 329/1850 397/1855 348/1856
f 329/1850 348/1856 326/1848
f 326/1848 348/1856 343/1857
f 326/1848 343/1857 307/1858
f 307/1858 343/1857 311/1859
f 343/1857 348/1856 352/1860
f 343/1857 352/1860 311/1859
f 311/1859 352/1860 385/1861
f 311/1859 385/1861 317/1862
f 352/1860 348/1856 389/1863
f 352/1860 389/1863 385/1861
f 389/1863 348/1856 397/1855
f 385/1861 389/1863 468/1864
f 389/1863 397/1855 445/1865
f 389/1863 445/1865 457/1866
f 445/1865 397/1855 442/1854
f 445/1865 442/1854 470/1867
f 445/1865 470/1867 501/1868
f 470/1867 442/1854 526/1869
f 526/1869 442/1854 421/1852
f 526/1869 421/1852 546/1870
f 546/1870 421/1852 511/1871
f 511/1871 421/1852 412/1872
f 412/1872 421/1852 441/1873
f 511/1871 412/1872 419/1874
f 412/1872 441/1873 396/1875
f 412/1872 396/1875 419/1874
f 427/1876 375/1877 410/1878
f 410/1878 375/1877 394/1879
f 427/1876 410/1878 484/1880
f 427/1876 484/1880 503/1881
f 503/1881 484/1880 542/1882
f 427/1876 503/1881 461/1883
f 484/1880 410/1878 505/1884
f 505/1884 410/1878 394/1879
f 484/1880 505/1884 547/1885
f 547/1885 505/1884 588/1886
f 427/1876 461/1883 433/1887
f 433/1887 461/1883 530/1888
f 427/1876 433/1887 375/1877
f 433/1887 530/1888 528/1889
f 433/1887 528/1889 414/1890
f 433/1887 414/1890 375/1877
f 375/1877 414/1890 377/1891
f 375/1877 377/1891 356/1892
f 356/1892 377/1891 349/1893
f 356/1892 349/1893 304/1894
f 375/1877 356/1892 369/1895
f 375/1877 369/1895 394/1879
f 356/1892 304/1894 301/1896
f 301/1896 304/1894 276/1897
f 301/1896 276/1897 284/1898
f 356/1892 301/1896 320/1899
f 320/1899 301/1896 284/1898
f 356/1892 320/1899 369/1895
f 320/1899 284/1898 331/1900
f 320/1899 331/1900 370/1901
f 370/1901 331/1900 355/1902
f 320/1899 370/1901 379/1903
f 320/1899 379/1903 369/1895
f 379/1903 370/1901 413/1904
f 369/1895 379/1903 376/1905
f 369/1895 376/1905 403/1906
f 369/1895 403/1906 394/1879
f 403/1906 376/1905 420/1907
f 394/1879 403/1906 474/1908
f 394/1879 474/1908 505/1884
f 403/1906 420/1907 513/1909
f 403/1906 513/1909 474/1908
f 474/1908 513/1909 505/1884
f 505/1884 513/1909 580/1910
f 580/1910 513/1909 653/1911
f 505/1884 580/1910 588/1886
f 580/1910 653/1911 604/1912
f 580/1910 604/1912 588/1886
f 317/1913 385/1914 328/1915
f 420/1916 376/1917 385/1914
f 385/1914 376/1917 379/1918
f 385/1914 379/1918 413/1919
f 385/1914 413/1919 423/1920
f 328/1915 385/1914 365/1921
f 365/1921 385/1914 423/1920
f 365/1921 423/1920 398/1922
f 328/1915 365/1921 355/1923
f 365/1921 398/1922 371/1924
f 365/1921 371/1924 355/1923
f 355/1923 371/1924 429/1925
f 355/1923 429/1925 370/1926
f 370/1926 429/1925 413/1927
f 237/1928 268/1929 251/1930
f 268/1929 237/1928 246/1931
f 246/1931 237/1928 207/1932
f 237/1928 251/1930 234/1933
f 207/1932 237/1928 212/1934
f 212/1934 237/1928 234/1933
f 234/1933 251/1930 240/1935
f 240/1935 251/1930 261/1936
f 212/1934 234/1933 206/1937
f 206/1937 234/1933 240/1935
f 207/1932 212/1934 185/1938
f 185/1938 212/1934 206/1937
f 240/1935 261/1936 288/1939
f 207/1932 185/1938 172/1940
f 207/1932 172/1940 181/1941
f 181/1941 172/1940 136/1942
f 181/1941 136/1942 169/1943
f 169/1943 136/1942 146/1944
f 169/1943 146/1944 165/1945
f 136/1942 172/1940 155/1946
f 155/1946 172/1940 185/1938
f 136/1942 155/1946 135/1947
f 135/1947 155/1946 142/1948
f 155/1946 185/1938 152/1949
f 155/1946 152/1949 142/1948
f 152/1949 185/1938 184/1950
f 142/1948 152/1949 151/1951
f 142/1948 151/1951 143/1952
f 143/1952 151/1951 131/1953
f 131/1953 151/1951 138/1954
f 151/1951 152/1949 168/1955
f 168/1955 152/1949 184/1950
f 138/1954 151/1951 171/1956
f 171/1956 151/1951 168/1955
f 168/1955 184/1950 179/1957
f 168/1955 179/1957 171/1956
f 184/1950 185/1938 206/1937
f 184/1950 206/1937 199/1958
f 179/1957 184/1950 193/1959
f 193/1959 184/1950 199/1958
f 179/1957 193/1959 171/1956
f 193/1959 199/1958 208/1960
f 208/1960 199/1958 206/1937
f 193/1959 208/1960 171/1956
f 208/1960 206/1937 221/1961
f 221/1961 206/1937 240/1935
f 221/1961 240/1935 208/1960
f 208/1960 240/1935 228/1962
f 163/1963 138/1954 171/1956
f 138/1954 163/1963 127/1964
f 171/1956 208/1960 197/1965
f 171/1956 197/1965 163/1963
f 127/1964 163/1963 148/1966
f 197/1965 208/1960 223/1967
f 223/1967 208/1960 228/1962
f 243/1968 228/1962 240/1935
f 228/1962 243/1968 223/1967
f 243/1968 240/1935 288/1939
f 148/1966 163/1963 157/1969
f 148/1966 157/1969 133/1970
f 175/1971 163/1963 197/1965
f 163/1963 175/1971 157/1969
f 175/1971 197/1965 204/1972
f 204/1972 197/1965 223/1967
f 157/1969 175/1971 187/1973
f 187/1973 175/1971 204/1972
f 157/1969 187/1973 166/1974
f 157/1969 166/1974 144/1975
f 144/1975 166/1974 145/1976
f 166/1974 187/1973 190/1977
f 190/1977 187/1973 204/1972
f 145/1976 166/1974 174/1978
f 174/1978 166/1974 190/1977
f 145/1976 174/1978 178/1979
f 178/1979 174/1978 190/1977
f 145/1976 178/1979 156/1980
f 156/1980 178/1979 165/1981
f 178/1979 190/1977 200/1982
f 165/1981 178/1979 218/1983
f 218/1983 178/1979 200/1982
f 165/1981 218/1983 192/1984
f 165/1981 192/1984 169/1985
f 169/1985 192/1984 181/1986
f 181/1986 192/1984 218/1983
f 200/1982 190/1977 210/1987
f 210/1987 190/1977 204/1972
f 200/1982 210/1987 222/1988
f 200/1982 222/1988 218/1983
f 181/1986 218/1983 214/1989
f 181/1986 214/1989 207/1990
f 214/1989 218/1983 241/1991
f 207/1990 214/1989 245/1992
f 245/1992 214/1989 241/1991
f 207/1990 245/1992 264/1993
f 207/1990 264/1993 246/1994
f 264/1993 245/1992 262/1995
f 262/1995 245/1992 241/1991
f 264/1993 262/1995 277/1996
f 259/1997 241/1991 218/1983
f 241/1991 259/1997 262/1995
f 262/1995 259/1997 277/1996
f 259/1997 218/1983 222/1988
f 277/1996 259/1997 297/1998
f 297/1998 259/1997 257/1999
f 297/1998 257/1999 302/2000
f 259/1997 222/1988 238/2001
f 259/1997 238/2001 257/1999
f 238/2001 222/1988 225/2002
f 225/2002 222/1988 210/1987
f 238/2001 225/2002 242/2003
f 238/2001 242/2003 257/1999
f 225/2002 210/1987 226/2004
f 225/2002 226/2004 242/2003
f 226/2004 210/1987 204/1972
f 226/2004 204/1972 239/2005
f 226/2004 239/2005 242/2003
f 239/2005 204/1972 223/1967
f 257/1999 242/2003 253/2006
f 253/2006 242/2003 239/2005
f 239/2005 223/1967 248/2007
f 248/2007 223/1967 243/1968
f 253/2006 239/2005 306/2008
f 248/2007 243/1968 265/2009
f 265/2009 243/1968 288/1939
f 265/2009 288/1939 287/2010
f 248/2007 265/2009 269/2011
f 248/2007 269/2011 239/2005
f 269/2011 265/2009 287/2010
f 239/2005 269/2011 306/2008
f 306/2008 269/2011 287/2010
f 306/2008 287/2010 313/2012
f 273/2013 253/2006 306/2008
f 253/2006 273/2013 257/1999
f 273/2013 306/2008 300/2014
f 257/1999 273/2013 267/2015
f 267/2015 273/2013 300/2014
f 257/1999 267/2015 270/2016
f 257/1999 270/2016 302/2000
f 267/2015 300/2014 275/2017
f 267/2015 275/2017 270/2016
f 270/2016 275/2017 302/2000
f 275/2017 300/2014 294/2018
f 275/2017 294/2018 302/2000
f 489/2019 413/2020 429/2021
f 489/2019 429/2021 447/2022
f 413/2020 489/2019 423/2023
f 423/2023 489/2019 475/2024
f 423/2023 475/2024 425/2025
f 425/2025 475/2024 450/2026
f 423/2023 425/2025 398/2027
f 425/2025 450/2026 431/2028
f 425/2025 431/2028 398/2027
f 398/2027 431/2028 371/2029
f 371/2029 431/2028 447/2030
f 371/2029 447/2030 429/2031
f 466/2032 411/2033 512/2034
f 466/2032 512/2034 544/2035
f 544/2035 512/2034 583/2036
f 411/2033 466/2032 440/2037
f 411/2033 440/2037 366/2038
f 466/2032 544/2035 557/2039
f 544/2035 583/2036 559/2040
f 544/2035 559/2040 557/2039
f 559/2040 583/2036 651/2041
f 651/2041 583/2036 725/2042
f 651/2041 725/2042 732/2043
f 559/2040 651/2041 609/2044
f 559/2040 609/2044 557/2039
f 651/2041 732/2043 655/2045
f 609/2044 651/2041 639/2046
f 639/2046 651/2041 655/2045
f 655/2045 732/2043 660/2047
f 655/2045 660/2047 639/2046
f 660/2047 732/2043 744/2048
f 660/2047 744/2048 643/2049
f 660/2047 643/2049 639/2046
f 643/2049 744/2048 719/2050
f 609/2044 639/2046 631/2051
f 609/2044 631/2051 557/2039
f 631/2051 639/2046 708/2052
f 639/2046 643/2049 696/2053
f 639/2046 696/2053 708/2052
f 696/2053 643/2049 719/2050
f 631/2051 708/2052 597/2054
f 631/2051 597/2054 557/2039
f 597/2054 708/2052 696/2053
f 557/2039 597/2054 522/2055
f 557/2039 522/2055 466/2032
f 466/2032 522/2055 440/2037
f 522/2055 597/2054 571/2056
f 571/2056 597/2054 696/2053
f 440/2037 522/2055 460/2057
f 460/2057 522/2055 571/2056
f 571/2056 696/2053 570/2058
f 571/2056 570/2058 460/2057
f 570/2058 696/2053 650/2059
f 650/2059 696/2053 719/2050
f 650/2059 719/2050 654/2060
f 654/2060 719/2050 632/2061
f 570/2058 650/2059 568/2062
f 650/2059 654/2060 562/2063
f 650/2059 562/2063 568/2062
f 562/2063 654/2060 632/2061
f 570/2058 568/2062 510/2064
f 570/2058 510/2064 460/2057
f 510/2064 568/2062 562/2063
f 562/2063 632/2061 523/2065
f 523/2065 632/2061 554/2066
f 562/2063 523/2065 469/2067
f 562/2063 469/2067 510/2064
f 510/2064 469/2067 395/2068
f 510/2064 395/2068 426/2069
f 510/2064 426/2069 460/2057
f 426/2069 395/2068 351/2070
f 460/2057 426/2069 383/2071
f 383/2071 426/2069 351/2070
f 460/2057 383/2071 440/2037
f 383/2071 351/2070 366/2038
f 383/2071 366/2038 440/2037
