# Blender 4.5.2 LTS
# www.blender.org
mtllib tripo_convert_630353cd-4d26-4185-8f00-0525d688dc1b.mtl
o tripo_node_630353cd-4d26-4185-8f00-0525d688dc1b
v 0.000002 -0.303040 0.106415
v 0.000076 -0.325073 -0.104477
v 0.000079 -0.381683 0.103615
v 0.000140 0.138870 0.082458
v 0.000187 -0.385834 0.030584
v 0.000236 -0.386841 -0.030277
v 0.000291 0.134949 -0.090637
v 0.000334 0.050957 0.218933
v 0.000373 0.135941 -0.084045
v 0.000384 0.070007 0.389893
v 0.000544 0.054310 -0.388092
v 0.000761 0.141724 0.043819
v 0.000805 -0.429596 0.037395
v 0.000878 -0.291626 -0.106026
v 0.000891 -0.349854 0.101776
v 0.000896 -0.471558 0.118515
v 0.000973 0.067810 -0.391205
v 0.000976 0.048027 -0.280945
v 0.001011 -0.348541 -0.101410
v 0.001038 0.286316 -0.157532
v 0.001086 0.102066 -0.229279
v 0.001168 0.088554 -0.308685
v 0.001174 -0.473846 -0.025751
v 0.001187 0.291779 0.154053
v 0.001215 0.102005 0.227036
v 0.001226 0.143250 0.074661
v 0.001293 0.056736 0.390625
v 0.001476 -0.427612 -0.100708
v 0.001493 -0.207138 0.002221
v 0.001585 -0.427734 0.100456
v 0.001672 -0.473541 0.026146
v 0.001686 0.145020 0.064682
v 0.001746 0.142761 -0.076019
v 0.001748 0.470917 -0.090820
v 0.001822 -0.427216 -0.039806
v 0.001882 0.479065 0.081444
v 0.001963 0.375702 -0.157730
v 0.002040 0.048882 0.324829
v 0.002079 0.105721 -0.171631
v 0.002203 0.141663 -0.043785
v 0.002273 -0.499939 -0.023849
v 0.002361 0.213791 -0.113022
v 0.002530 0.039825 -0.116898
v 0.002546 0.380707 -0.162796
v 0.002652 -0.216217 -0.002359
v 0.002659 0.267761 -0.147125
v 0.002675 0.039879 0.117798
v 0.002676 0.274200 0.147430
v 0.002810 0.145187 -0.055321
v 0.002846 -0.007964 -0.101158
v 0.002866 0.142822 0.041348
v 0.002942 0.035946 -0.306854
v 0.003080 0.144485 0.051796
v 0.003105 0.236954 -0.152512
v 0.003184 0.175308 0.040108
v 0.003207 -0.437897 -0.112663
v 0.003271 0.451752 0.124268
v 0.003283 0.360138 -0.169571
v 0.003331 -0.275879 0.106285
v 0.003344 0.257416 0.155396
v 0.003345 -0.428192 0.040482
v 0.003356 -0.378479 -0.097549
v 0.003357 0.064209 0.167618
v 0.003398 0.358063 -0.158997
v 0.003425 -0.261963 -0.105011
v 0.003486 -0.007596 0.101440
v 0.003512 0.060780 0.201080
v 0.003516 -0.377869 0.098068
v 0.003626 0.259766 -0.154861
v 0.003637 0.213486 0.111885
v 0.003746 0.043419 -0.320282
v 0.003750 0.046124 0.287628
v 0.003781 0.103859 0.172287
v 0.003807 0.278076 -0.154495
v 0.003991 0.086349 -0.284363
v 0.004004 0.035477 0.302612
v 0.004004 0.142563 -0.040661
v 0.004024 -0.013350 0.104034
v 0.004281 0.403503 0.171829
v 0.004430 0.280548 0.154007
v 0.004552 0.098785 -0.200439
v 0.004574 -0.446960 0.028625
v 0.004585 0.040466 -0.096703
v 0.004641 0.279175 -0.143295
v 0.004702 -0.472687 -0.027351
v 0.004823 0.405762 -0.151001
v 0.004917 0.085411 0.288483
v 0.004985 0.098503 0.201035
v 0.005014 0.232620 0.149765
v 0.005123 0.325562 0.160248
v 0.005201 0.404633 -0.153320
v 0.005228 0.049206 -0.326477
v 0.005301 0.121292 -0.139328
v 0.005326 0.052364 -0.231781
v 0.005366 0.213852 -0.098976
v 0.005470 0.214127 0.099434
v 0.005668 -0.230209 -0.101845
v 0.005713 -0.230255 0.102394
v 0.005797 0.294159 -0.150040
v 0.005818 0.249863 -0.142075
v 0.005821 0.484680 -0.055187
v 0.005839 0.190308 -0.071289
v 0.005854 0.050804 0.276611
v 0.005869 0.040806 0.096985
v 0.005891 -0.437042 0.113747
v 0.005970 -0.409851 -0.034447
v 0.006037 0.249771 0.141724
v 0.006158 0.053043 0.233124
v 0.006208 0.068794 -0.167770
v 0.006220 -0.207382 0.000043
v 0.006221 0.084320 0.322388
v 0.006224 0.088783 0.261688
v 0.006283 0.121780 0.135406
v 0.006445 0.050022 -0.371216
v 0.006453 0.292603 0.151154
v 0.006487 0.049809 0.375397
v 0.006650 0.080193 0.353760
v 0.006753 0.079941 -0.353577
v 0.006837 -0.411133 0.035480
v 0.006968 0.072739 -0.386932
v 0.007007 0.073265 0.385010
v 0.007047 0.050694 -0.383698
v 0.007359 0.054661 -0.390961
v 0.007380 0.053196 0.389252
v 0.007587 0.087944 -0.258240
v 0.007637 -0.434052 0.034435
v 0.007763 0.064888 -0.393707
v 0.007771 0.082939 -0.335846
v 0.008174 -0.326202 0.029673
v 0.008202 -0.324768 -0.029079
v 0.008385 -0.306793 -0.028492
v 0.008497 0.058918 -0.211639
v 0.008677 -0.306061 0.028994
v 0.008715 0.095421 0.226517
v 0.008852 0.081299 -0.286560
v 0.008880 0.053692 -0.346222
v 0.008900 -0.288483 -0.030149
v 0.008905 -0.352966 0.034382
v 0.008911 0.095688 -0.223648
v 0.009052 -0.289093 0.030554
v 0.009087 -0.448303 -0.029158
v 0.009344 0.296356 0.142624
v 0.009368 0.070152 -0.196976
v 0.009434 0.048954 -0.285492
v 0.009560 -0.381042 0.038315
v 0.009663 -0.273926 -0.027905
v 0.009706 0.287994 0.144852
v 0.009759 -0.433533 -0.035053
v 0.009766 0.054035 -0.273468
v 0.009811 0.068489 0.392761
v 0.009858 0.495209 0.060478
v 0.009997 -0.274078 0.028412
v 0.010184 0.080452 -0.343964
v 0.010208 -0.216782 0.000941
v 0.010333 0.295380 -0.140289
v 0.010342 -0.427795 -0.107315
v 0.010368 0.322968 0.154419
v 0.010386 -0.381805 -0.038364
v 0.010473 0.496948 -0.027365
v 0.010487 0.096069 -0.171051
v 0.010527 -0.229233 0.108627
v 0.010549 0.461700 0.112892
v 0.010567 0.095345 0.171799
v 0.010578 0.478882 0.077354
v 0.010596 -0.230789 -0.001920
v 0.010640 0.200714 0.087585
v 0.010715 0.288544 -0.142960
v 0.010754 0.057899 0.238373
v 0.010791 -0.427673 -0.100090
v 0.010920 -0.427826 0.107826
v 0.011009 0.080864 0.343170
v 0.011031 0.090576 -0.197800
v 0.011169 0.039986 0.153702
v 0.011196 0.053246 0.344025
v 0.011328 0.031651 -0.304474
v 0.011333 0.278137 -0.131470
v 0.011346 0.040321 -0.153503
v 0.011500 -0.255798 -0.023390
v 0.011585 -0.428101 0.099373
v 0.011639 -0.228806 -0.107269
v 0.011644 0.043701 0.331726
v 0.011702 0.276459 0.131302
v 0.011728 0.081467 -0.169098
v 0.011838 0.061375 0.393890
v 0.011865 0.089378 0.198761
v 0.011899 -0.255341 0.023916
v 0.011907 0.239746 -0.130722
v 0.012013 0.109634 0.171753
v 0.012033 0.035400 -0.326355
v 0.012069 0.387543 0.152359
v 0.012073 0.223801 -0.138855
v 0.012081 0.083412 0.170181
v 0.012102 0.076324 0.285645
v 0.012224 0.076515 0.195251
v 0.012347 0.034367 0.327637
v 0.012367 0.403381 0.173096
v 0.012375 0.044071 -0.332214
v 0.012439 0.079094 -0.255280
v 0.012475 0.079842 0.253021
v 0.012605 0.039646 0.341217
v 0.012712 0.235245 -0.139221
v 0.012829 0.423981 0.149170
v 0.012897 -0.229095 0.002542
v 0.012984 0.050228 0.334625
v 0.012999 0.171326 -0.038010
v 0.013029 0.058079 0.276428
v 0.013074 -0.458405 0.122452
v 0.013112 -0.419678 -0.100685
v 0.013129 0.079056 -0.197525
v 0.013147 0.079887 -0.312469
v 0.013148 0.051899 0.285645
v 0.013181 0.041641 -0.340210
v 0.013215 -0.418182 0.100891
v 0.013225 0.088371 0.224487
v 0.013527 0.072968 -0.284119
v 0.013631 -0.468170 0.122147
v 0.013747 0.032406 -0.299316
v 0.013905 0.050991 0.378448
v 0.013906 0.066452 -0.247070
v 0.013951 0.470032 0.099655
v 0.013954 0.127502 0.092407
v 0.013980 0.032013 0.301422
v 0.014015 0.078590 0.352692
v 0.014064 0.064972 0.212158
v 0.014161 0.054474 -0.283966
v 0.014204 0.067482 0.274933
v 0.014216 0.066635 0.244705
v 0.014319 -0.458588 -0.122375
v 0.014358 0.031031 0.321259
v 0.014371 -0.217758 0.138077
v 0.014417 -0.419403 0.107986
v 0.014455 -0.218063 -0.141312
v 0.014473 0.078400 -0.352783
v 0.014508 -0.218277 -0.137451
v 0.014518 0.063400 -0.275269
v 0.014523 -0.431549 -0.039566
v 0.014527 0.052273 -0.367126
v 0.014571 -0.218048 0.141739
v 0.014985 0.070625 -0.207077
v 0.015017 0.031769 -0.341980
v 0.015053 -0.432098 0.040340
v 0.015086 -0.416992 -0.107811
v 0.015100 0.030968 -0.319580
v 0.015176 -0.338287 -0.098244
v 0.015347 0.067650 -0.390015
v 0.015348 0.031502 0.342896
v 0.015408 -0.314453 0.100601
v 0.015426 0.418610 -0.145309
v 0.015433 -0.203812 0.001104
v 0.015491 -0.473236 0.030304
v 0.015491 0.285858 0.136383
v 0.015503 -0.357300 0.096298
v 0.015552 0.232758 0.134872
v 0.015676 0.471619 -0.082161
v 0.015678 -0.193344 0.000506
v 0.015717 0.054016 -0.387451
v 0.015747 0.050392 -0.333923
v 0.015762 0.055183 0.387695
v 0.015879 0.067749 -0.216492
v 0.015972 0.302856 0.144485
v 0.015993 -0.429962 -0.110802
v 0.016167 0.046761 -0.115128
v 0.016207 -0.378357 0.094139
v 0.016396 -0.430573 0.111816
v 0.016426 0.219360 0.131653
v 0.016525 0.081703 -0.215546
v 0.016636 0.080467 0.217163
v 0.016638 0.047176 0.116653
v 0.016846 0.074745 0.306976
v 0.016905 -0.499939 0.027065
v 0.016916 0.340118 -0.151352
v 0.017046 0.433258 -0.134521
v 0.017168 -0.499908 0.124573
v 0.017191 -0.378448 -0.093231
v 0.017239 0.073631 0.214828
v 0.017355 0.069771 0.386566
v 0.017382 -0.245880 0.143143
v 0.017460 0.070732 -0.382263
v 0.017485 0.051064 0.335236
v 0.017721 -0.246201 -0.142593
v 0.017756 0.056862 -0.343231
v 0.017796 0.047802 0.156921
v 0.017859 0.498688 -0.017889
v 0.017912 0.059242 -0.286957
v 0.018139 0.048229 -0.156494
v 0.018208 0.057739 0.287720
v 0.018324 -0.474396 -0.029175
v 0.018442 0.036842 -0.296509
v 0.018549 0.217941 -0.126923
v 0.018909 0.035759 0.298309
v 0.018986 0.235657 0.115143
v 0.019020 0.136719 -0.074181
v 0.019043 0.075333 0.339203
v 0.019060 0.235962 -0.114647
v 0.019073 0.057613 0.343628
v 0.019142 0.136551 0.075378
v 0.019258 -0.406921 0.099274
v 0.019352 -0.499939 -0.027641
v 0.019369 -0.475769 -0.123238
v 0.019371 0.055305 0.374176
v 0.019487 0.282166 -0.132660
v 0.019497 0.075493 -0.346130
v 0.019497 -0.408386 -0.099403
v 0.019526 0.071327 -0.313629
v 0.019558 0.055180 -0.374847
v 0.019724 0.134491 0.043987
v 0.019821 0.477051 -0.064613
v 0.019876 0.073364 0.354614
v 0.019888 0.048874 -0.093605
v 0.019941 0.478699 -0.078857
v 0.020041 0.360901 -0.159576
v 0.020229 -0.474091 0.029953
v 0.020449 0.478455 0.074631
v 0.020454 0.049797 0.093872
v 0.020638 0.028811 0.317566
v 0.020693 0.137253 -0.062630
v 0.020933 -0.408447 0.106323
v 0.020973 0.128204 0.089745
v 0.021019 -0.279572 0.100273
v 0.021023 -0.278412 -0.099869
v 0.021074 -0.233780 0.098679
v 0.021105 -0.264374 0.006770
v 0.021128 0.062206 -0.346069
v 0.021143 0.066071 -0.374054
v 0.021166 0.024298 0.339722
v 0.021269 0.062508 0.382446
v 0.021301 0.061661 -0.382690
v 0.021399 -0.382050 0.097992
v 0.021425 0.137466 0.038403
v 0.021442 -0.233871 -0.097549
v 0.021526 0.136871 0.055584
v 0.021599 0.103775 0.171356
v 0.021608 -0.381775 -0.097343
v 0.021652 0.447144 -0.119453
v 0.021738 0.136673 -0.052486
v 0.021746 -0.260101 -0.099197
v 0.021870 0.063766 0.342468
v 0.021927 0.396759 0.156555
v 0.021944 -0.264557 -0.005885
v 0.022034 0.068192 0.333893
v 0.022053 -0.260864 0.099556
v 0.022083 0.048019 0.341766
v 0.022175 0.438354 -0.143188
v 0.022194 -0.417206 -0.112534
v 0.022243 0.037697 -0.352203
v 0.022266 0.486084 -0.059292
v 0.022339 0.167206 0.034470
v 0.022354 -0.229706 -0.002907
v 0.022446 0.066986 -0.331207
v 0.022448 0.304260 -0.142166
v 0.022467 -0.416870 0.112755
v 0.022490 -0.230667 0.004441
v 0.022535 -0.232208 0.001932
v 0.022552 0.054558 -0.330109
v 0.022579 0.110909 0.141785
v 0.022638 0.324066 -0.145782
v 0.022652 0.133163 -0.043991
v 0.022692 0.427673 -0.158325
v 0.022814 -0.232574 -0.001317
v 0.022833 0.111267 -0.139648
v 0.022934 0.102730 -0.170456
v 0.022982 -0.406403 -0.104607
v 0.023209 0.350647 0.158066
v 0.023344 0.126846 -0.089882
v 0.023455 0.035595 0.353943
v 0.023544 0.122818 0.092560
v 0.023590 0.122719 -0.091896
v 0.023657 0.362823 -0.163864
v 0.023664 0.022497 -0.343658
v 0.023724 0.279602 0.126724
v 0.023752 0.216339 -0.116409
v 0.023756 0.269806 0.127335
v 0.024136 0.055393 0.327515
v 0.024229 0.056919 0.095085
v 0.024479 0.216263 0.115837
v 0.024488 0.048119 0.296997
v 0.024532 0.027679 0.352753
v 0.024553 0.277985 -0.124413
v 0.024759 0.127289 0.082458
v 0.024818 0.057133 0.311493
v 0.024830 0.175583 -0.056526
v 0.024885 0.165985 -0.032566
v 0.025248 0.039257 0.299957
v 0.025278 0.451447 -0.120018
v 0.025324 0.097069 0.169785
v 0.025423 0.357880 -0.163864
v 0.025465 0.029167 -0.353790
v 0.025469 0.499939 -0.005234
v 0.025518 0.056087 0.323242
v 0.025537 -0.381165 -0.046768
v 0.025545 -0.406311 -0.042278
v 0.025633 -0.380829 0.046669
v 0.025639 0.135925 -0.036564
v 0.025675 0.058712 -0.121162
v 0.025915 -0.406311 0.043022
v 0.025988 0.059238 0.120354
v 0.026012 0.039402 -0.300415
v 0.026043 0.497589 -0.061253
v 0.026091 0.055614 -0.317932
v 0.026094 -0.120590 0.121010
v 0.026270 0.256927 -0.120422
v 0.026325 -0.452667 -0.123978
v 0.026405 -0.230652 0.006994
v 0.026623 -0.119759 -0.120369
v 0.026747 0.238510 0.114891
v 0.026758 0.228378 -0.110542
v 0.026773 -0.364929 -0.047543
v 0.026817 -0.363800 0.047859
v 0.026834 -0.202316 -0.001881
v 0.026857 0.454895 -0.106392
v 0.026943 -0.384766 -0.042355
v 0.027027 -0.384857 0.042484
v 0.027111 -0.453094 0.124756
v 0.027382 -0.259888 0.020081
v 0.027479 0.021807 -0.338287
v 0.027676 0.044270 -0.347809
v 0.027702 0.264862 -0.117424
v 0.027723 -0.229904 -0.007607
v 0.027855 -0.499695 -0.127457
v 0.027874 -0.285950 -0.041580
v 0.027887 0.149384 0.033527
v 0.028059 0.020678 0.343994
v 0.028149 0.263611 0.116776
v 0.028170 0.215744 0.103836
v 0.028183 -0.327454 -0.043446
v 0.028311 -0.302979 -0.041584
v 0.028473 -0.124504 0.122910
v 0.028521 -0.280182 0.042717
v 0.028614 0.064728 0.162170
v 0.028744 -0.124130 -0.122322
v 0.028757 -0.268494 -0.040234
v 0.028805 0.289062 0.131943
v 0.028807 0.226822 0.108009
v 0.028835 -0.252350 -0.036201
v 0.028856 -0.317627 0.043259
v 0.028873 0.100487 -0.137100
v 0.028942 0.422058 0.149551
v 0.028988 0.100883 0.136154
v 0.028994 0.496765 -0.056282
v 0.029068 0.233170 -0.108727
v 0.029104 0.216278 -0.104134
v 0.029182 0.385712 -0.155151
v 0.029516 0.331879 0.154556
v 0.029655 -0.181458 0.000353
v 0.029888 0.045742 0.308624
v 0.029888 0.106194 0.124802
v 0.030001 -0.253204 0.037910
v 0.030025 -0.401245 0.099052
v 0.030088 0.036385 -0.354156
v 0.030167 0.124832 -0.082573
v 0.030235 0.045124 -0.308380
v 0.030323 -0.472473 0.035866
v 0.030371 -0.252960 -0.038528
v 0.030373 0.497711 0.085899
v 0.030445 0.421387 -0.140625
v 0.030453 0.068405 -0.162155
v 0.030497 0.472412 0.087997
v 0.030537 -0.401459 -0.098808
v 0.030571 0.106178 -0.120125
v 0.030695 0.178757 0.066177
v 0.030807 0.477692 -0.050385
v 0.031046 0.472198 -0.068947
v 0.031094 0.285126 -0.128128
v 0.031218 -0.411804 0.109276
v 0.031296 0.099846 0.121605
v 0.031319 0.075310 -0.163254
v 0.031322 0.075981 0.164139
v 0.031544 -0.379059 0.083351
v 0.031551 0.009076 0.095421
v 0.031578 0.340973 -0.168152
v 0.031593 -0.471771 -0.035927
v 0.031738 -0.218353 -0.134109
v 0.031780 0.033195 -0.320068
v 0.031933 0.033787 0.320892
v 0.031948 -0.378448 -0.082832
v 0.032055 -0.425415 0.109917
v 0.032227 0.049351 -0.090210
v 0.032227 0.122032 0.084244
v 0.032238 -0.437683 -0.041107
v 0.032249 0.042370 0.350342
v 0.032581 0.070419 0.123642
v 0.032612 0.168427 0.045704
v 0.032642 0.025658 -0.350647
v 0.032780 0.151688 -0.028893
v 0.032852 0.025881 0.351746
v 0.032883 0.076096 0.131073
v 0.032963 -0.440216 0.040234
v 0.032986 -0.424713 -0.108826
v 0.033009 -0.119377 0.121628
v 0.033119 0.071709 -0.120201
v 0.033176 0.303406 0.136841
v 0.033287 0.082687 -0.120956
v 0.033451 0.499603 0.016758
v 0.033501 -0.348907 0.086533
v 0.033688 0.010822 -0.094322
v 0.033802 -0.433167 -0.048779
v 0.033955 -0.166397 0.000270
v 0.033997 0.367889 0.153000
v 0.034016 0.475494 -0.068863
v 0.034065 -0.432495 0.049755
v 0.034184 0.194092 -0.088264
v 0.034294 -0.378601 0.066719
v 0.034344 -0.476868 -0.128983
v 0.034397 -0.377899 -0.065765
v 0.034588 0.100784 0.093414
v 0.034698 0.100609 -0.092896
v 0.034843 0.042683 -0.344513
v 0.035080 0.026985 0.337708
v 0.035168 -0.447266 -0.038517
v 0.035191 -0.428131 0.049709
v 0.035198 0.125381 -0.074951
v 0.035297 -0.118080 -0.119995
v 0.035339 0.160126 -0.023121
v 0.035503 -0.347565 -0.065559
v 0.035610 0.049984 0.089844
v 0.035618 0.107864 0.092224
v 0.035759 0.034492 0.352509
v 0.035786 0.407074 -0.145355
v 0.035816 -0.380615 0.084770
v 0.035831 -0.345612 0.066673
v 0.035843 0.026217 -0.342010
v 0.035843 0.189651 0.084656
v 0.035854 0.462402 0.102165
v 0.035862 -0.476074 0.129822
v 0.035919 -0.218689 -0.126862
v 0.035999 -0.380676 -0.083954
v 0.036034 -0.397034 -0.083870
v 0.036049 0.034901 -0.350586
v 0.036072 -0.396881 0.084656
v 0.036118 -0.328033 -0.087181
v 0.036152 0.107071 -0.091782
v 0.036259 0.124092 0.075249
v 0.036312 -0.326019 0.087814
v 0.036339 -0.424652 -0.050373
v 0.036400 -0.410248 -0.055069
v 0.036427 -0.410339 0.055809
v 0.036457 0.041267 0.338348
v 0.036736 -0.080688 0.113007
v 0.036777 -0.218750 0.126968
v 0.036907 0.040623 -0.337738
v 0.037079 -0.408417 -0.104492
v 0.037189 0.261749 0.115158
v 0.037212 0.497375 0.057354
v 0.037285 -0.262787 0.081398
v 0.037415 -0.317719 0.064606
v 0.037457 -0.263031 -0.080696
v 0.037479 -0.315582 -0.063255
v 0.037514 0.455719 -0.093483
v 0.037560 -0.293243 -0.061062
v 0.037563 0.127075 -0.037285
v 0.037582 0.335388 0.152176
v 0.037582 -0.499481 0.131699
v 0.037605 0.152008 0.023293
v 0.037689 -0.292297 0.062435
v 0.037689 -0.499451 -0.131454
v 0.038074 0.080315 0.094986
v 0.038193 0.080681 -0.094543
v 0.038296 -0.398468 -0.073006
v 0.038334 -0.238953 -0.075905
v 0.038349 -0.238617 0.076538
v 0.038563 -0.403046 0.067299
v 0.038567 0.158524 0.019388
v 0.038631 0.265472 -0.115486
v 0.038914 -0.382263 0.065331
v 0.038937 0.202591 -0.096764
v 0.038967 -0.435059 -0.047176
v 0.039001 -0.268250 0.061337
v 0.039051 -0.405365 -0.062138
v 0.039066 -0.382568 -0.064644
v 0.039108 0.416138 0.152634
v 0.039185 -0.407166 0.102409
v 0.039207 -0.267944 -0.060444
v 0.039219 0.447693 0.119972
v 0.039268 -0.434967 0.047867
v 0.039494 -0.457611 0.129776
v 0.039539 0.205597 0.099190
v 0.039589 -0.280914 0.083038
v 0.039604 0.121056 0.044849
v 0.039608 -0.017033 -0.108131
v 0.039783 0.398682 0.139557
v 0.039814 -0.281677 -0.082153
v 0.039890 0.123596 0.053978
v 0.039959 -0.246323 -0.057404
v 0.039989 -0.246353 0.057499
v 0.040005 -0.158432 0.000098
v 0.040100 0.475922 -0.087074
v 0.040150 -0.301300 -0.086372
v 0.040302 -0.300812 0.086990
v 0.040318 0.306885 -0.136032
v 0.040333 -0.015759 0.108154
v 0.040386 -0.458832 -0.129959
v 0.040432 0.126495 0.031498
v 0.040634 0.444031 -0.131027
v 0.040642 -0.411072 0.053802
v 0.040661 0.403320 0.144913
v 0.040905 0.156876 -0.012269
v 0.041233 0.183472 -0.077934
v 0.041447 -0.475647 0.040775
v 0.041546 0.478546 0.058270
v 0.041603 0.468201 -0.091614
v 0.041637 -0.431000 -0.114189
v 0.041817 0.150513 0.016083
v 0.042057 -0.400208 0.069427
v 0.042084 0.313599 0.134079
v 0.042095 -0.458832 -0.038673
v 0.042114 -0.422028 0.048649
v 0.042191 0.155746 0.001130
v 0.042305 -0.401001 -0.066391
v 0.042503 -0.499847 -0.039581
v 0.042519 0.121086 -0.052193
v 0.043049 0.124443 -0.029884
v 0.043072 0.117409 -0.043980
v 0.043308 0.479401 -0.072334
v 0.043541 0.378418 -0.159515
v 0.043819 0.148758 -0.012628
v 0.044060 0.488586 0.067070
v 0.044735 0.349731 -0.145706
v 0.044739 -0.455444 0.040298
v 0.044762 -0.415527 -0.049728
v 0.044823 -0.423553 -0.099716
v 0.044838 -0.423126 0.100662
v 0.044941 0.131058 0.026394
v 0.045074 0.452698 -0.114403
v 0.045383 0.480347 -0.027214
v 0.045467 -0.235199 0.099342
v 0.045605 -0.430420 0.114388
v 0.045612 -0.465973 0.135025
v 0.045712 -0.467010 -0.134964
v 0.046040 -0.235504 -0.097755
v 0.046196 0.130997 -0.024965
v 0.046310 -0.046417 0.105461
v 0.046368 0.296326 -0.126617
v 0.046432 0.166901 -0.048508
v 0.046646 -0.045773 -0.105125
v 0.047016 0.118950 0.033230
v 0.047253 0.284851 0.118134
v 0.047295 0.454803 -0.092987
v 0.047497 0.334045 -0.139313
v 0.047535 -0.413635 0.054947
v 0.047558 0.282928 -0.117210
v 0.047653 -0.465790 0.040829
v 0.047741 -0.402679 0.089561
v 0.047829 -0.402985 -0.089165
v 0.047874 -0.465515 -0.040714
v 0.048012 0.188263 0.085625
v 0.048260 0.426270 -0.136734
v 0.048286 0.103004 -0.080498
v 0.048668 0.412659 -0.141006
v 0.049107 0.078880 -0.092735
v 0.049168 0.077866 0.093216
v 0.049309 0.106552 -0.079590
v 0.049435 0.467194 -0.079529
v 0.049492 0.312073 0.124199
v 0.049519 0.338837 0.141037
v 0.049625 0.100746 0.081039
v 0.049747 -0.415222 -0.059135
v 0.049759 0.105934 0.080215
v 0.050194 0.365967 0.147400
v 0.050198 0.399506 -0.149643
v 0.050358 -0.425629 -0.101349
v 0.050369 -0.107147 0.108047
v 0.050468 -0.420898 -0.089226
v 0.050545 -0.423645 -0.060932
v 0.050838 -0.421509 0.089958
v 0.050850 0.110275 0.043690
v 0.050869 -0.424774 0.061131
v 0.050888 -0.404999 -0.073807
v 0.050934 -0.405121 0.073540
v 0.051342 0.456146 -0.081345
v 0.051914 0.242844 0.107277
v 0.052074 0.175278 0.068024
v 0.052402 -0.499756 0.044765
v 0.052483 -0.424774 0.098289
v 0.052540 0.473846 0.067261
v 0.052555 -0.105980 -0.106529
v 0.052582 0.451691 -0.087708
v 0.053082 -0.435242 0.118607
v 0.053108 -0.422485 0.073883
v 0.053154 0.120186 -0.025486
v 0.053158 0.466583 0.084724
v 0.053276 0.112541 -0.027504
v 0.053318 -0.237396 -0.085274
v 0.053326 -0.422028 -0.074341
v 0.053356 0.119896 0.025845
v 0.053581 -0.433502 -0.117516
v 0.053757 -0.237885 0.084633
v 0.053905 -0.219376 -0.117767
v 0.054104 0.105827 -0.073624
v 0.054119 -0.436310 -0.118835
v 0.054153 0.411255 0.130280
v 0.054295 0.483093 0.055107
v 0.054482 0.424988 -0.130539
v 0.054863 0.130127 0.008774
v 0.054890 0.104958 0.073708
v 0.055000 0.125427 -0.014836
v 0.055210 0.214157 0.101044
v 0.055286 0.425354 0.134537
v 0.055645 0.117989 -0.017796
v 0.055801 0.190109 -0.087212
v 0.056179 -0.255371 -0.037403
v 0.056480 0.108101 -0.051086
v 0.056580 0.387512 -0.146851
v 0.056591 0.297302 -0.115662
v 0.056599 0.448181 -0.100861
v 0.056675 -0.255066 0.039272
v 0.056732 0.027325 -0.089203
v 0.056786 -0.157074 0.003138
v 0.056812 0.027185 0.089676
v 0.056816 0.117409 0.017044
v 0.056877 0.107430 0.053276
v 0.057129 0.319275 0.113693
v 0.057381 -0.106049 -0.109589
v 0.057392 -0.424927 -0.087379
v 0.057446 -0.106606 0.110283
v 0.057510 0.438049 -0.115761
v 0.057514 -0.432281 0.109467
v 0.057796 -0.424591 0.090179
v 0.057877 0.478699 0.041542
v 0.058075 -0.156799 -0.003101
v 0.058098 -0.227951 -0.024488
v 0.058216 -0.261078 0.024897
v 0.058220 -0.261108 -0.024683
v 0.058231 0.101593 -0.043839
v 0.058422 -0.219940 0.115646
v 0.058483 -0.428925 0.106125
v 0.058533 0.124329 -0.001003
v 0.058681 -0.227859 0.025417
v 0.058712 0.449188 0.106537
v 0.058765 0.105934 -0.036064
v 0.059196 -0.220291 -0.113983
v 0.059235 -0.463104 0.138321
v 0.059391 0.355927 -0.148193
v 0.059422 0.105186 0.035252
v 0.059574 0.108498 0.017965
v 0.059769 -0.219574 0.122452
v 0.059891 -0.243744 0.071289
v 0.059898 -0.431458 -0.106956
v 0.059914 -0.243973 -0.070076
v 0.059933 -0.424042 -0.085503
v 0.060257 -0.219223 -0.121155
v 0.060368 -0.251129 0.122948
v 0.060410 0.115028 0.013004
v 0.060440 -0.250824 -0.122147
v 0.060627 -0.479401 -0.048317
v 0.060745 0.214691 -0.100014
v 0.060787 -0.427460 -0.075211
v 0.060810 -0.031631 -0.095802
v 0.060890 -0.153198 0.012326
v 0.061092 0.107582 -0.012931
v 0.061096 -0.427368 0.076004
v 0.061432 -0.228989 0.023579
v 0.061481 0.483032 0.034107
v 0.061558 -0.180862 0.025034
v 0.061611 -0.181198 -0.024601
v 0.061676 -0.479797 0.048992
v 0.061718 0.114555 -0.005624
v 0.061722 -0.463104 -0.138535
v 0.061954 0.474640 -0.044590
v 0.062061 -0.228668 -0.023932
v 0.062191 0.072639 -0.078362
v 0.062332 0.456848 -0.073357
v 0.062416 0.057186 -0.082893
v 0.062485 0.087105 0.075928
v 0.062592 -0.499420 -0.048824
v 0.062614 0.337158 0.119072
v 0.062653 0.057575 0.083115
v 0.062706 0.095070 0.043781
v 0.062744 0.419281 -0.136261
v 0.062935 0.359863 -0.139572
v 0.063065 0.071815 0.078842
v 0.063179 0.480774 0.006530
v 0.063278 0.105995 0.000687
v 0.063309 0.426453 0.120087
v 0.063416 -0.433960 -0.063293
v 0.063507 -0.499329 0.049629
v 0.063721 0.431458 -0.123627
v 0.063782 0.344086 0.137711
v 0.063957 -0.428284 -0.092667
v 0.064117 0.201218 -0.094551
v 0.064125 -0.466675 0.047062
v 0.064270 0.438354 0.115425
v 0.064423 0.201950 0.095299
v 0.064537 -0.499908 -0.148285
v 0.064751 -0.499847 0.149002
v 0.064850 0.346741 0.128754
v 0.064926 -0.428314 0.093933
v 0.065201 -0.480988 -0.148254
v 0.065323 -0.433899 0.065811
v 0.065575 -0.481812 0.149124
v 0.065948 -0.226852 0.041218
v 0.066048 0.479431 0.032013
v 0.066422 -0.226685 -0.042423
v 0.066574 0.160583 0.039204
v 0.066895 0.410706 -0.137070
v 0.067230 -0.454956 0.051857
v 0.067276 -0.095627 0.097336
v 0.067421 0.407623 0.130096
v 0.067596 -0.147324 -0.097916
v 0.067810 0.479980 0.020105
v 0.068031 0.178818 -0.073883
v 0.068031 -0.455536 -0.051632
v 0.068077 0.345245 0.122551
v 0.068085 0.101181 0.018375
v 0.068146 -0.145798 0.097969
v 0.068161 0.100914 -0.017590
v 0.068375 0.175705 0.070145
v 0.068520 0.073936 -0.075333
v 0.068527 0.455170 -0.075005
v 0.068581 0.170364 -0.061043
v 0.068588 -0.442932 0.124710
v 0.068596 -0.093674 -0.095680
v 0.068657 -0.145599 -0.096291
v 0.068886 0.448242 -0.096062
v 0.069054 0.366425 0.137817
v 0.069061 0.071243 0.077225
v 0.069061 -0.467987 -0.048592
v 0.069077 -0.440979 -0.123215
v 0.069542 0.389496 0.136063
v 0.069626 0.427155 0.122643
v 0.069626 0.442352 -0.101936
v 0.069717 0.244019 -0.104263
v 0.070015 0.266510 0.110962
v 0.070023 -0.095863 0.100014
v 0.070076 -0.226562 -0.038982
v 0.070091 0.320831 -0.124367
v 0.070259 0.099937 0.000669
v 0.070496 -0.226562 0.040607
v 0.070541 -0.095200 -0.099411
v 0.070953 -0.431549 -0.080742
v 0.071159 0.061405 -0.080238
v 0.071541 -0.055656 -0.084579
v 0.071693 -0.431488 0.083122
v 0.071800 0.059078 0.081512
v 0.072014 0.188095 0.083511
v 0.072105 -0.471741 -0.149155
v 0.072243 0.187714 -0.082649
v 0.072266 0.263062 -0.108932
v 0.072433 -0.222031 0.092964
v 0.072556 -0.221619 -0.092491
v 0.072845 -0.462402 -0.051308
v 0.073029 -0.151642 -0.019480
v 0.073059 0.388275 -0.136993
v 0.073059 -0.436859 -0.068764
v 0.073097 0.314575 -0.109550
v 0.073303 0.411774 0.130508
v 0.073341 -0.441620 -0.120163
v 0.073563 -0.151489 0.020811
v 0.073708 0.160339 -0.039555
v 0.073845 0.025427 0.092743
v 0.073975 0.371613 -0.135864
v 0.074020 0.474243 0.059071
v 0.074059 0.025978 -0.091988
v 0.074112 -0.015513 0.088005
v 0.074272 0.070374 0.068413
v 0.074272 -0.431183 -0.095406
v 0.074379 0.284851 -0.110214
v 0.074402 0.077255 0.042786
v 0.074577 0.077286 -0.042187
v 0.074623 -0.016087 -0.087234
v 0.074707 0.350677 0.106621
v 0.074738 -0.225021 -0.061714
v 0.074776 0.370636 -0.133972
v 0.074837 0.072235 -0.064552
v 0.074936 0.334412 0.143127
v 0.075020 -0.471405 0.149826
v 0.075165 -0.225159 0.063049
v 0.075249 0.060505 -0.072769
v 0.075920 -0.437286 0.113464
v 0.076042 0.238113 0.102669
v 0.076630 0.326385 -0.122200
v 0.076645 -0.056499 0.080658
v 0.076775 0.074463 0.054092
v 0.076797 0.156067 0.022072
v 0.076859 0.073853 -0.054276
v 0.076874 0.075523 -0.048569
v 0.077171 -0.104393 -0.092949
v 0.077324 0.155502 -0.018297
v 0.077362 -0.102684 0.093658
v 0.077377 0.376678 0.141098
v 0.077423 0.053970 0.072823
v 0.077782 0.164108 0.048889
v 0.078148 0.465454 0.078697
v 0.079071 -0.083092 -0.088722
v 0.079147 0.434967 -0.102615
v 0.079262 -0.083847 0.089264
v 0.079422 -0.221619 0.092949
v 0.079575 -0.221161 -0.092216
v 0.079628 -0.257111 -0.092224
v 0.079666 -0.257080 0.093002
v 0.079689 0.077599 -0.028120
v 0.079773 0.077438 0.029205
v 0.079872 0.359924 0.115189
v 0.080009 -0.259094 0.061455
v 0.080032 -0.258942 -0.060871
v 0.080055 0.154648 0.003898
v 0.080200 0.073647 0.051369
v 0.080307 -0.481018 -0.153168
v 0.080414 0.073341 -0.051197
v 0.080460 0.456146 -0.060848
v 0.080673 -0.499817 -0.154068
v 0.081009 -0.499847 0.154953
v 0.081039 0.475281 0.031223
v 0.081268 -0.185013 0.060452
v 0.081375 -0.184860 -0.060097
v 0.081490 0.036247 -0.071083
v 0.081520 -0.225052 0.061050
v 0.081734 0.076828 -0.000122
v 0.081856 -0.224945 -0.060631
v 0.081886 -0.481750 0.154709
v 0.082039 -0.440460 0.117668
v 0.082108 -0.083588 0.090492
v 0.082314 -0.439423 -0.115768
v 0.082359 0.446442 -0.079140
v 0.082603 -0.440460 0.073105
v 0.082680 0.454193 0.092880
v 0.082924 -0.081795 -0.088860
v 0.082977 0.047337 0.064423
v 0.083122 -0.481384 -0.154709
v 0.083183 0.474670 -0.020128
v 0.083344 -0.435547 0.088799
v 0.083481 0.064209 -0.074852
v 0.083527 -0.436249 -0.104622
v 0.083725 0.047264 -0.062408
v 0.083878 -0.435822 -0.091110
v 0.084106 -0.479889 -0.051041
v 0.084320 0.072227 0.068375
v 0.084328 0.064629 0.075035
v 0.084526 0.346832 0.136139
v 0.084564 0.065109 -0.044292
v 0.084587 -0.436646 -0.084892
v 0.084732 0.069862 -0.070984
v 0.084969 0.334930 -0.117744
v 0.085045 0.074188 -0.062683
v 0.085159 0.064842 0.043285
v 0.085281 -0.459320 0.059185
v 0.085358 0.052967 -0.071701
v 0.085640 0.332306 -0.102898
v 0.085663 0.251038 0.102608
v 0.085709 -0.145523 0.000296
v 0.085823 0.052628 -0.048107
v 0.085884 0.268555 -0.104980
v 0.085938 0.050392 0.051083
v 0.086014 0.074730 0.056591
v 0.086159 -0.437805 0.110703
v 0.086624 0.230087 0.098351
v 0.086739 -0.436920 0.100655
v 0.086746 -0.008573 -0.070572
v 0.086784 -0.009961 0.070908
v 0.087166 -0.449554 0.133118
v 0.087532 0.388763 -0.126129
v 0.087715 -0.449677 -0.132553
v 0.087822 -0.459869 -0.059788
v 0.087830 0.224411 -0.096497
v 0.088150 0.075584 -0.024059
v 0.088318 0.075317 0.025633
v 0.088684 0.367523 0.136948
v 0.089157 0.294220 0.106110
v 0.089355 -0.058857 -0.069107
v 0.089485 0.053776 0.071129
v 0.089622 -0.443695 0.075562
v 0.089745 0.439972 0.105309
v 0.090073 0.072357 -0.054230
v 0.090317 -0.059780 0.068764
v 0.090576 0.030809 -0.045841
v 0.090622 -0.061489 -0.071365
v 0.090675 -0.061825 0.071548
v 0.090675 -0.468658 0.055031
v 0.090820 -0.130219 0.054794
v 0.090897 -0.130020 -0.054184
v 0.090912 -0.059456 -0.067200
v 0.090942 0.074150 -0.000441
v 0.090950 0.031151 0.046295
v 0.090973 0.066048 -0.047844
v 0.091080 0.056210 -0.070457
v 0.091156 0.036133 0.040829
v 0.091370 0.051407 0.058094
v 0.091461 -0.437195 0.096245
v 0.091660 -0.469604 -0.152054
v 0.091675 0.302460 -0.104378
v 0.091904 -0.135620 -0.009586
v 0.092033 0.469910 0.033653
v 0.092056 -0.445679 -0.074615
v 0.092155 0.420746 -0.103500
v 0.092377 0.307861 0.105087
v 0.092445 0.070724 0.061043
v 0.092560 -0.013327 0.046192
v 0.092590 0.055508 -0.050430
v 0.092636 -0.438721 -0.090759
v 0.092659 0.441345 -0.090004
v 0.092773 -0.013259 -0.045746
v 0.092865 -0.442902 -0.119690
v 0.092918 0.061291 0.048141
v 0.093040 -0.095352 -0.069069
v 0.093178 0.066330 -0.068008
v 0.093262 0.395538 -0.119125
v 0.093330 0.009851 -0.046059
v 0.093353 0.068283 0.052490
v 0.093422 -0.095772 0.068329
v 0.093430 0.010057 0.046646
v 0.093567 0.410797 -0.110146
v 0.093704 0.317841 0.103531
v 0.093788 -0.442627 0.082184
v 0.093849 0.318726 -0.101364
v 0.094116 0.346588 -0.109642
v 0.094162 0.208237 -0.088722
v 0.094322 -0.132401 0.012374
v 0.094322 -0.444763 -0.118134
v 0.094383 0.366089 -0.111206
v 0.094452 -0.461700 -0.147247
v 0.094460 0.065262 0.067230
v 0.094513 -0.059689 0.049797
v 0.094574 0.253571 -0.093513
v 0.094597 0.218979 -0.091713
v 0.094635 -0.479462 0.053917
v 0.094688 -0.444794 0.118736
v 0.094765 -0.441406 0.114861
v 0.094818 -0.445831 -0.076874
v 0.095024 0.454498 -0.048546
v 0.095055 0.055435 -0.059875
v 0.095085 0.215240 0.091560
v 0.095116 0.257538 0.074638
v 0.095566 0.064667 -0.057240
v 0.095703 0.058384 0.061409
v 0.095703 -0.500000 0.052956
v 0.095840 0.273834 0.074265
v 0.096069 0.248886 0.091385
v 0.096100 -0.464447 0.150391
v 0.096176 0.394775 0.128387
v 0.096184 0.263214 -0.075172
v 0.096207 -0.026445 -0.045712
v 0.096489 -0.027924 0.046089
v 0.096710 -0.132721 -0.024157
v 0.096764 0.249817 -0.071739
v 0.096779 0.377563 0.095329
v 0.096970 -0.132111 0.024817
v 0.097183 0.450195 -0.062622
v 0.097244 -0.499969 -0.052792
v 0.097313 -0.480896 0.052792
v 0.097527 0.196671 0.081238
v 0.097664 0.242874 0.067818
v 0.097855 0.198334 -0.081757
v 0.097977 0.351257 -0.093391
v 0.098015 -0.440308 -0.106865
v 0.098091 0.336517 0.096306
v 0.098900 -0.452393 0.137161
v 0.098991 -0.453400 -0.138641
v 0.099365 0.238266 0.060394
v 0.099594 0.370911 0.093788
v 0.099602 0.440063 -0.074593
v 0.099609 0.032051 0.046646
v 0.099709 0.029854 0.022867
v 0.099770 0.237320 -0.058659
v 0.099907 0.030155 -0.022625
v 0.099991 0.280914 -0.071121
v 0.100021 0.281982 0.090134
v 0.100105 0.031723 -0.045753
v 0.100563 -0.442657 0.101913
v 0.100578 0.245346 -0.083000
v 0.100662 0.181610 -0.067024
v 0.100922 0.417297 0.117882
v 0.100929 -0.440796 0.099945
v 0.100952 -0.042347 -0.023880
v 0.101036 0.246201 0.082817
v 0.101158 -0.042625 0.023035
v 0.101402 0.277069 -0.086403
v 0.101425 0.051922 0.000645
v 0.101509 -0.059231 0.015827
v 0.101562 -0.025963 0.046444
v 0.101707 -0.106018 0.047073
v 0.101730 -0.025236 -0.045704
v 0.101784 -0.106232 -0.046982
v 0.101875 0.008588 0.047039
v 0.101875 -0.113258 0.011811
v 0.101891 0.373688 0.112564
v 0.101990 0.261658 0.071419
v 0.102097 0.008803 -0.046463
v 0.102119 -0.442871 -0.097946
v 0.102150 -0.481354 -0.053890
v 0.102196 0.173477 0.058659
v 0.102470 0.171036 -0.055489
v 0.102470 0.404510 -0.102577
v 0.102692 0.471893 0.012018
v 0.102707 0.462036 -0.015341
v 0.102936 0.250702 -0.076263
v 0.103004 0.267151 0.077492
v 0.103157 -0.108467 -0.010283
v 0.103218 0.461487 0.040161
v 0.103241 -0.499634 -0.155243
v 0.103271 -0.118126 -0.009796
v 0.103287 0.244965 0.074005
v 0.103447 -0.118782 0.010306
v 0.103844 0.409241 -0.101379
v 0.103958 -0.062057 0.013156
v 0.103973 0.267517 -0.077072
v 0.103981 0.221527 -0.078667
v 0.104042 0.029844 -0.000416
v 0.104042 -0.061493 -0.010687
v 0.104080 -0.032013 -0.038002
v 0.104111 0.252289 -0.039642
v 0.104111 -0.032009 0.038620
v 0.104210 0.240433 0.047047
v 0.104263 0.288422 0.066177
v 0.104378 -0.059803 -0.002255
v 0.104385 0.385010 0.092064
v 0.104568 -0.117249 0.001249
v 0.104652 0.244034 -0.043072
v 0.104874 -0.447052 0.083168
v 0.104927 0.250458 0.040028
v 0.104942 0.162399 0.042599
v 0.105042 0.161560 -0.040287
v 0.105125 0.264832 -0.069283
v 0.105217 0.270233 -0.039093
v 0.105240 0.241150 -0.072197
v 0.105598 0.245499 0.061928
v 0.105614 0.156906 0.028603
v 0.105652 0.156097 -0.025223
v 0.105675 -0.444092 -0.089767
v 0.105812 -0.042629 0.000609
v 0.105972 0.279816 0.075279
v 0.105980 -0.445343 0.090866
v 0.106003 0.225937 0.076408
v 0.106064 0.285889 0.077744
v 0.106277 -0.095703 -0.011355
v 0.106346 -0.096123 0.012753
v 0.106506 0.288361 -0.047474
v 0.106529 0.032219 0.023685
v 0.106544 0.288544 0.048065
v 0.106606 0.434753 -0.085228
v 0.106613 0.154831 0.005027
v 0.106697 -0.084846 -0.008972
v 0.106735 0.271057 0.039051
v 0.106758 0.307281 0.085411
v 0.106789 -0.461731 0.148117
v 0.106834 0.364624 -0.079765
v 0.107147 0.380890 -0.093224
v 0.107170 0.304413 -0.083427
v 0.107178 0.249084 -0.061657
v 0.107246 -0.448944 -0.084427
v 0.107277 -0.041836 0.022116
v 0.107300 -0.447662 0.119156
v 0.107437 0.283295 -0.072487
v 0.107437 0.290558 -0.057617
v 0.107658 0.287354 -0.075638
v 0.107803 -0.042030 -0.020552
v 0.107910 -0.447510 -0.117661
v 0.107925 0.290894 0.067558
v 0.108070 0.236176 0.064613
v 0.108307 0.246094 -0.051834
v 0.108315 -0.097153 -0.009771
v 0.108727 -0.095459 0.008129
v 0.108864 0.235641 -0.064980
v 0.108978 0.256897 0.063530
v 0.109055 0.279083 -0.063164
v 0.109085 0.303284 0.084595
v 0.109108 0.291565 -0.064049
v 0.109192 0.309998 -0.086151
v 0.109253 0.399139 -0.100624
v 0.109390 -0.471191 0.153488
v 0.109787 0.206726 -0.064728
v 0.109886 0.234940 -0.054535
v 0.110023 -0.484192 0.155792
v 0.110237 0.210083 0.066185
v 0.110352 0.369659 -0.084480
v 0.110359 0.269226 0.064156
v 0.110390 0.313354 0.086258
v 0.110420 0.257751 0.045277
v 0.110687 0.288025 0.068512
v 0.110771 -0.499512 0.155655
v 0.110840 0.276001 0.046364
v 0.110847 0.235016 0.052799
v 0.110847 -0.472412 -0.153198
v 0.110870 0.283142 0.058441
v 0.110947 0.292542 -0.048149
v 0.111023 0.241150 0.041882
v 0.111053 0.426819 0.089668
v 0.111252 0.281128 -0.050407
v 0.111488 -0.482086 -0.154694
v 0.111595 0.262695 -0.046360
v 0.111610 0.319885 -0.078194
v 0.111626 0.263550 -0.033165
v 0.111801 0.257568 0.033615
v 0.111885 0.448822 -0.033810
v 0.111969 -0.041748 0.000419
v 0.112030 0.295441 -0.070900
v 0.112564 0.258301 0.054344
v 0.112572 0.295685 0.067696
v 0.112816 0.275055 0.034122
v 0.112885 0.263947 -0.057781
v 0.113029 -0.447205 0.103004
v 0.113037 0.293121 -0.069946
v 0.113052 0.294373 0.051689
v 0.113220 0.283905 -0.038525
v 0.113274 -0.481567 -0.058861
v 0.113319 0.285889 0.040077
v 0.113388 0.032490 0.000184
v 0.113472 0.398895 0.096237
v 0.113678 0.322754 0.075996
v 0.113686 0.458038 0.003416
v 0.113708 0.221313 -0.059025
v 0.113808 0.446320 0.053406
v 0.113991 0.464203 0.029436
v 0.114212 -0.447906 -0.104179
v 0.114243 0.201187 0.052132
v 0.114250 0.239014 -0.043369
v 0.114395 0.310608 -0.073235
v 0.114426 0.250854 -0.033298
v 0.114540 0.387390 -0.097260
v 0.114548 0.310272 0.072800
v 0.114937 0.236603 -0.050144
v 0.115089 0.321472 -0.078880
v 0.115288 0.238342 0.049503
v 0.115326 -0.481445 0.060211
v 0.115356 0.292664 -0.055378
v 0.115456 -0.471527 -0.062096
v 0.115471 0.393982 0.092720
v 0.115761 0.429138 0.068138
v 0.115997 -0.467133 -0.150650
v 0.116013 0.342773 0.100563
v 0.116051 0.235886 0.048950
v 0.116104 0.309540 -0.074837
v 0.116447 0.427002 -0.071793
v 0.116516 -0.449768 -0.094788
v 0.116714 -0.499908 0.060425
v 0.116753 -0.004295 0.000362
v 0.117134 0.238205 -0.044628
v 0.117241 0.259064 0.033920
v 0.117264 -0.463928 -0.146378
v 0.117302 0.297577 0.060513
v 0.117477 0.204529 -0.044632
v 0.117531 0.309357 0.072609
v 0.117554 -0.499969 -0.059856
v 0.117691 0.291290 0.050247
v 0.117737 0.352661 0.067612
v 0.117844 0.290375 -0.049156
v 0.118271 0.189590 0.027649
v 0.118286 -0.471436 0.064049
v 0.118370 0.274139 -0.033390
v 0.118523 0.170944 0.014335
v 0.118523 0.375916 0.097626
v 0.118690 0.166031 -0.001706
v 0.118759 0.198135 0.034534
v 0.118835 0.357025 0.101074
v 0.119011 0.245911 0.039482
v 0.119179 0.286743 -0.041275
v 0.119446 0.228638 0.044682
v 0.119499 0.172745 -0.011862
v 0.119644 0.197723 -0.031567
v 0.119789 -0.465515 0.147354
v 0.119804 0.327057 0.072578
v 0.119980 0.191528 -0.023121
v 0.119980 0.440155 -0.049686
v 0.120415 0.171112 0.002041
v 0.120415 0.191895 -0.014003
v 0.120499 0.277588 0.036861
v 0.120567 0.247314 0.037006
v 0.120583 0.296051 -0.050617
v 0.120598 0.190399 0.007640
v 0.120621 0.232086 -0.040672
v 0.120819 0.249023 -0.037445
v 0.121384 0.265839 0.038635
v 0.121880 0.330933 -0.061073
v 0.121918 0.282013 0.044464
v 0.121979 0.421570 -0.079285
v 0.122040 0.328430 -0.066429
v 0.122368 -0.462921 -0.072144
v 0.122375 0.330292 0.061230
v 0.122574 0.252625 -0.030598
v 0.122635 0.313019 -0.058292
v 0.122673 0.187607 0.007724
v 0.122932 0.291321 0.045620
v 0.123070 -0.455017 0.083557
v 0.123123 0.278412 -0.040440
v 0.123138 0.369324 -0.085281
v 0.123146 0.214432 0.034554
v 0.123276 0.264618 -0.036469
v 0.123550 -0.499084 -0.151810
v 0.123871 0.193954 0.020441
v 0.123947 -0.455627 0.120895
v 0.124123 0.271118 0.033051
v 0.124123 0.281860 -0.036724
v 0.124176 0.252136 0.025816
v 0.124290 -0.499176 0.151932
v 0.124306 -0.462921 0.074051
v 0.124397 0.192719 -0.014148
v 0.124550 0.313904 0.053905
v 0.124748 0.313019 -0.058971
v 0.125076 0.280670 0.040020
v 0.125168 -0.482544 -0.150909
v 0.125305 0.282135 -0.040535
v 0.125488 0.191223 0.002181
v 0.125626 0.349487 0.085640
v 0.125671 0.387451 -0.048241
v 0.125717 0.271576 -0.026196
v 0.125870 -0.478851 0.150864
v 0.125977 -0.456360 -0.083572
v 0.126541 0.208862 -0.023226
v 0.126602 0.267700 0.014369
v 0.126678 0.312653 0.055004
v 0.127029 0.268494 -0.007438
v 0.127151 -0.482605 -0.068169
v 0.127274 -0.460022 -0.127716
v 0.127335 0.319885 0.059097
v 0.127350 0.312744 -0.046036
v 0.127548 0.256134 0.000754
v 0.127701 -0.471741 -0.071358
v 0.127884 0.232300 0.025375
v 0.127975 0.326599 -0.054913
v 0.127991 0.347595 -0.049149
v 0.128387 -0.483459 0.068993
v 0.128754 0.448944 0.042503
v 0.128967 0.328369 0.045815
v 0.129272 0.367706 0.047283
v 0.129425 0.330536 0.049622
v 0.129440 0.410187 -0.066803
v 0.129639 0.331055 -0.042492
v 0.129807 0.437866 -0.014114
v 0.129868 0.339600 0.043114
v 0.130203 0.231964 -0.018995
v 0.130249 0.313629 0.036636
v 0.130829 0.321564 0.036072
v 0.130966 0.314301 -0.033329
v 0.131104 0.380188 -0.036167
v 0.131149 0.316956 -0.041508
v 0.131439 -0.469940 0.142975
v 0.131577 0.356506 0.095337
v 0.131851 0.313141 0.037716
v 0.131897 0.215393 -0.008554
v 0.131912 0.303711 -0.019985
v 0.132034 0.215378 0.009652
v 0.132339 0.405090 -0.073906
v 0.132843 0.359467 -0.032959
v 0.132889 0.374451 0.036381
v 0.132935 0.225800 -0.008528
v 0.132935 -0.499939 0.072754
v 0.133423 0.322845 0.037300
v 0.133636 0.237976 -0.001300
v 0.133774 -0.459015 0.108154
v 0.133774 -0.461975 0.086510
v 0.134018 0.230927 0.007817
v 0.134048 -0.469299 -0.139618
v 0.134109 0.346344 0.027414
v 0.134262 0.312958 0.008432
v 0.134399 -0.482574 -0.144989
v 0.134460 0.398102 -0.054588
v 0.134521 -0.483337 0.145493
v 0.134995 0.339844 -0.019009
v 0.135040 0.427826 -0.041328
v 0.135361 -0.498962 -0.143951
v 0.135757 0.361847 0.068642
v 0.136093 0.353638 0.012050
v 0.136444 0.367279 -0.013219
v 0.136902 -0.483978 -0.075859
v 0.138031 0.350677 -0.054295
v 0.138199 0.427734 0.057453
v 0.138336 -0.465240 -0.085716
v 0.138443 0.378540 -0.067139
v 0.139130 0.371979 0.051357
v 0.139694 0.385071 0.031103
v 0.140060 0.375549 -0.055550
v 0.140259 0.436554 0.029409
v 0.140366 0.402161 -0.054329
v 0.140762 0.365906 0.087830
v 0.141190 -0.499969 -0.079964
v 0.141800 -0.499023 0.138519
v 0.143463 0.431580 0.019865
v 0.143555 0.399719 0.021343
v 0.143860 0.403351 0.070122
v 0.143860 -0.482513 -0.135300
v 0.144180 -0.468384 0.126617
v 0.144608 -0.483002 0.135025
v 0.144699 0.384583 0.078888
v 0.145401 0.419556 0.005963
v 0.145554 0.233978 -0.000147
v 0.145706 -0.467987 -0.121849
v 0.146149 -0.468353 -0.093094
v 0.146423 -0.470490 0.092522
v 0.146469 0.222229 0.001370
v 0.146652 -0.476715 -0.129471
v 0.146698 0.367767 -0.008659
v 0.148422 0.410034 -0.033165
v 0.148682 -0.480103 0.128006
v 0.148712 -0.499481 -0.128479
v 0.149460 -0.484039 -0.089912
v 0.149643 0.379822 0.065735
v 0.149750 -0.469604 0.101135
v 0.149963 -0.470673 0.115456
v 0.150116 -0.483673 0.091255
v 0.150238 -0.469788 -0.113937
v 0.150253 0.341217 0.044640
v 0.150696 -0.499878 0.093262
v 0.150711 -0.499878 -0.092880
v 0.150879 0.418701 0.011585
v 0.152496 -0.477173 -0.103455
v 0.152664 0.412201 0.010153
v 0.153168 -0.499786 0.118767
v 0.153229 -0.482849 -0.115479
v 0.153305 -0.481812 0.116051
v 0.153519 0.229553 -0.003807
v 0.153870 0.394012 0.046394
v 0.153885 -0.482941 0.104340
v 0.153915 -0.499573 -0.114830
v 0.154053 -0.499695 0.105118
v 0.154068 -0.500000 -0.104431
v 0.154099 0.411987 0.022636
v 0.154251 0.350006 0.026550
v 0.154541 0.229492 0.003819
v 0.156235 0.394745 -0.027937
v 0.156357 0.372559 0.033585
v 0.157257 0.387268 -0.029202
v 0.157455 0.400635 0.018370
v 0.158310 0.387573 0.026291
v 0.158508 0.365204 -0.001156
v 0.160507 0.232651 -0.000318
v -0.000024 -0.325043 0.104881
v -0.000027 0.389099 0.155029
v -0.000091 0.134750 0.092651
v -0.000097 -0.381226 -0.103386
v -0.000578 -0.472900 -0.117577
v -0.000592 0.249481 0.159058
v -0.000614 0.051537 0.380341
v -0.000692 0.080437 0.347809
v -0.000732 -0.499939 0.024574
v -0.000781 0.483826 0.066917
v -0.000797 -0.445526 -0.027416
v -0.000803 0.073082 -0.380737
v -0.000915 0.047981 0.238358
v -0.000922 -0.473267 0.028000
v -0.001162 0.053699 -0.352905
v -0.001181 0.135712 0.084465
v -0.001212 0.051533 -0.378326
v -0.001494 -0.249527 -0.004775
v -0.001505 0.048134 -0.228470
v -0.001535 0.053631 0.352722
v -0.001540 0.088654 0.287292
v -0.001546 0.199249 -0.081055
v -0.001572 0.177032 -0.040127
v -0.001674 0.080627 -0.346436
v -0.001718 0.255493 -0.160614
v -0.001845 0.089035 -0.288452
v -0.001954 0.055908 -0.199265
v -0.002008 0.335999 -0.153442
v -0.002122 -0.402374 -0.102661
v -0.002138 0.272675 0.162659
v -0.002236 0.045273 -0.290253
v -0.002302 0.271393 -0.162125
v -0.002347 -0.499969 -0.118729
v -0.002382 0.056183 -0.164215
v -0.002436 0.059757 -0.395111
v -0.002454 -0.402618 0.102753
v -0.002571 0.055508 0.193924
v -0.002799 0.217636 -0.127625
v -0.002810 0.061443 0.396118
v -0.002951 0.409393 0.164322
v -0.003063 0.120476 0.173111
v -0.003607 -0.166962 -0.129623
v -0.003656 0.122375 -0.165009
v -0.003682 0.120697 -0.172623
v -0.003747 0.216599 0.125229
v -0.003818 0.125549 0.137421
v -0.003895 0.104309 -0.202362
v -0.003896 0.125443 -0.137238
v -0.004138 0.337128 0.161545
v -0.004561 0.046444 0.279266
v -0.004750 -0.039906 -0.108009
v -0.004758 -0.195969 0.001431
v -0.004801 0.489685 0.046978
v -0.004981 -0.195877 -0.002330
v -0.004998 -0.379669 -0.037193
v -0.005026 0.068893 0.395844
v -0.005174 -0.039894 0.108528
v -0.005215 0.303040 -0.147324
v -0.005658 -0.379822 0.037357
v -0.005789 0.049747 0.341980
v -0.005881 0.052994 0.392822
v -0.005957 0.044235 0.296448
v -0.006013 0.395630 0.153778
v -0.006265 0.044357 0.309662
v -0.006306 0.088417 -0.320587
v -0.006327 0.043869 -0.305359
v -0.006576 0.082420 -0.345154
v -0.006591 0.086853 0.336823
v -0.006600 0.049755 -0.341400
v -0.006626 0.110588 -0.172348
v -0.006710 0.053242 0.163040
v -0.006730 0.296295 -0.145279
v -0.006812 0.045895 -0.231918
v -0.006930 0.082451 0.345490
v -0.006970 0.049679 -0.376495
v -0.007062 0.086479 -0.337036
v -0.007110 0.073242 0.389160
v -0.007142 0.091309 0.307190
v -0.007292 0.106911 0.192780
v -0.007531 0.491821 -0.039070
v -0.007615 0.090050 -0.288910
v -0.007650 0.092361 0.279510
v -0.007650 0.111488 0.173264
v -0.007784 0.449036 -0.120193
v -0.007942 -0.366608 -0.034813
v -0.008017 0.462585 -0.105026
v -0.008307 0.073013 -0.389862
v -0.008338 0.221054 -0.127213
v -0.008588 0.496643 0.008521
v -0.008630 -0.229843 0.004441
v -0.008633 -0.499939 0.117676
v -0.008728 -0.424194 -0.039761
v -0.008751 -0.424805 0.040081
v -0.008819 -0.187347 -0.001705
v -0.008892 -0.190735 0.000589
v -0.008987 0.360077 -0.159027
v -0.008995 0.107216 -0.223816
v -0.009013 -0.195923 0.003243
v -0.009062 -0.189835 0.002589
v -0.009071 -0.179993 0.000355
v -0.009106 0.197235 0.075348
v -0.009154 -0.183319 0.001982
v -0.009225 0.423004 0.149521
v -0.009228 0.045364 0.234161
v -0.009259 -0.195953 -0.003352
v -0.009411 0.296173 0.145386
v -0.009419 -0.182480 0.000544
v -0.009551 -0.253601 -0.023684
v -0.009563 0.223618 0.138077
v -0.009680 0.051704 0.351929
v -0.009690 0.038071 -0.097435
v -0.009718 0.038006 0.098045
v -0.009810 0.231598 0.113693
v -0.009838 0.054577 -0.395264
v -0.009883 0.060848 0.397919
v -0.009953 0.088341 0.321136
v -0.010004 0.049599 0.374573
v -0.010019 0.368042 0.158768
v -0.010056 -0.253265 0.024281
v -0.010295 0.232498 -0.113869
v -0.010359 0.051838 -0.351593
v -0.010417 0.049343 -0.321106
v -0.010473 0.037815 -0.117844
v -0.010483 -0.230133 0.107361
v -0.010619 0.103699 0.243317
v -0.010672 0.102104 -0.248260
v -0.010685 -0.287872 -0.031410
v -0.010769 0.496490 -0.004508
v -0.010814 0.049335 0.322174
v -0.010814 -0.380402 0.095703
v -0.010817 -0.285919 0.032246
v -0.010925 0.412079 0.148636
v -0.010948 -0.276489 -0.029921
v -0.011040 -0.380585 -0.095047
v -0.011374 -0.231888 0.096710
v -0.011447 0.067665 -0.396698
v -0.011516 -0.443787 -0.028561
v -0.011709 0.090996 -0.306549
v -0.011749 -0.091965 -0.117447
v -0.011771 0.045059 -0.280518
v -0.011791 0.089874 0.292664
v -0.011802 0.472778 0.095993
v -0.011838 0.226135 -0.139999
v -0.011868 -0.443268 0.029257
v -0.011889 -0.499939 -0.025284
v -0.012141 0.226059 0.128540
v -0.012147 0.049538 -0.192642
v -0.012158 -0.499908 0.026249
v -0.012289 -0.202789 -0.001843
v -0.012425 0.106857 -0.199554
v -0.012440 -0.472229 -0.028355
v -0.012466 -0.232086 -0.095428
v -0.012547 -0.472870 0.029448
v -0.012675 0.048859 0.195969
v -0.012715 0.107277 0.201126
v -0.012746 -0.307159 -0.029093
v -0.012800 0.477264 -0.082069
v -0.012815 -0.344238 -0.031490
v -0.013006 0.426544 -0.139832
v -0.013026 0.045208 0.277557
v -0.013052 -0.426270 0.093758
v -0.013065 -0.308228 0.029522
v -0.013451 0.288391 0.154221
v -0.013624 -0.176788 -0.001189
v -0.013639 0.051502 0.386383
v -0.013806 -0.331451 0.030014
v -0.013819 -0.450714 0.110924
v -0.014040 0.288635 -0.153336
v -0.014201 0.050182 -0.373138
v -0.014201 0.180527 0.038818
v -0.014238 0.108444 0.222855
v -0.014254 0.053001 -0.390472
v -0.014367 -0.325958 -0.029499
v -0.014532 0.070633 0.394257
v -0.014569 0.440643 0.134384
v -0.014638 0.118256 0.172165
v -0.014643 -0.424164 -0.041237
v -0.015052 0.321808 0.161316
v -0.015070 0.126038 -0.131851
v -0.015081 0.238358 0.150742
v -0.015131 -0.473511 -0.112328
v -0.015243 -0.262512 -0.098083
v -0.015437 0.035759 0.153290
v -0.015477 -0.473267 0.028915
v -0.015759 0.035831 -0.152786
v -0.015856 0.143433 0.039520
v -0.015898 0.045246 -0.222595
v -0.015926 0.050083 -0.160202
v -0.015985 0.125687 0.133118
v -0.016026 -0.171051 0.000187
v -0.016039 0.144409 -0.038345
v -0.016073 -0.423309 0.042717
v -0.016489 -0.408844 -0.040016
v -0.016581 0.232346 0.143280
v -0.016724 -0.474274 0.112152
v -0.016775 0.058258 0.395081
v -0.016891 -0.424652 -0.091797
v -0.016937 0.289429 0.143585
v -0.016937 -0.230438 -0.105484
v -0.016970 -0.426758 -0.095917
v -0.016989 0.108429 -0.223129
v -0.017323 0.065712 -0.394623
v -0.017324 -0.408295 0.040836
v -0.017452 0.215057 0.095535
v -0.017519 0.092438 -0.274841
v -0.017607 0.433563 0.135925
v -0.017637 0.237518 -0.148773
v -0.017796 -0.126480 0.123505
v -0.017807 0.112610 -0.171234
v -0.018019 0.091621 0.276794
v -0.018061 0.045994 -0.251160
v -0.018063 0.288025 -0.142471
v -0.018122 0.051819 -0.373444
v -0.018143 0.052952 0.349457
v -0.018202 -0.279480 0.099380
v -0.018208 0.073059 0.380402
v -0.018240 0.051868 0.370148
v -0.018389 -0.127640 -0.123070
v -0.018415 0.079346 -0.354309
v -0.018427 0.074814 -0.373352
v -0.018427 0.088814 -0.290680
v -0.018442 0.272827 0.158737
v -0.018463 0.080910 0.345337
v -0.018492 0.272583 -0.158478
v -0.018511 -0.334473 0.099854
v -0.018608 0.052967 -0.348572
v -0.018686 0.080093 -0.344604
v -0.018711 0.237640 -0.137817
v -0.018852 -0.332703 -0.099373
v -0.018873 -0.284821 -0.099281
v -0.018875 0.055016 0.388367
v -0.018923 -0.238861 0.123749
v -0.018925 0.046211 0.245987
v -0.019341 -0.443481 0.032066
v -0.019457 -0.472076 -0.030930
v -0.019674 0.146973 0.063652
v -0.019697 0.252808 0.127380
v -0.019894 -0.246292 0.032757
v -0.019939 0.136948 -0.084244
v -0.019960 0.108978 0.184570
v -0.020061 0.068069 0.390228
v -0.020094 0.067932 -0.389221
v -0.020157 0.057457 -0.389191
v -0.020193 0.243500 0.138229
v -0.020220 0.146774 -0.063896
v -0.020334 -0.443604 -0.032352
v -0.020538 0.277496 0.150894
v -0.020639 0.146744 0.053261
v -0.020660 -0.305298 -0.099915
v -0.020718 0.144516 0.075706
v -0.020720 0.340210 0.161057
v -0.020773 0.258453 -0.129776
v -0.020857 0.251282 -0.155319
v -0.020864 -0.241699 -0.129257
v -0.020927 0.388458 -0.155624
v -0.020994 -0.426056 0.094490
v -0.021008 -0.305237 0.100197
v -0.021044 0.257019 0.157120
v -0.021063 0.275391 0.137726
v -0.021105 -0.190964 0.001410
v -0.021376 0.144287 -0.047520
v -0.021460 0.247589 0.152130
v -0.021498 0.103485 -0.238983
v -0.021524 0.410950 -0.148224
v -0.021646 0.146729 -0.053410
v -0.021744 -0.499542 0.030092
v -0.021755 0.049644 0.159348
v -0.021801 0.250793 -0.140671
v -0.021917 0.144531 0.048676
v -0.022055 0.102997 0.240402
v -0.022079 0.458679 0.115440
v -0.022184 -0.190781 -0.001530
v -0.022392 0.042618 0.304626
v -0.022476 0.269562 -0.150940
v -0.022507 0.045868 -0.280243
v -0.022545 0.140762 -0.082001
v -0.022606 0.140198 0.083908
v -0.022738 0.261139 0.143723
v -0.022816 0.144379 -0.075615
v -0.023039 0.106750 -0.196579
v -0.023117 0.046173 0.278107
v -0.023190 0.182617 -0.035118
v -0.023199 -0.230820 -0.004197
v -0.023298 0.046394 0.213577
v -0.023338 0.107430 0.221695
v -0.023355 -0.231537 0.004908
v -0.023371 -0.247849 -0.142166
v -0.023411 0.144165 0.037739
v -0.023504 -0.244827 -0.035545
v -0.023506 -0.263672 -0.004925
v -0.023598 0.073792 -0.382111
v -0.023607 -0.244965 0.036240
v -0.023655 -0.247757 0.142441
v -0.023748 0.107162 -0.221161
v -0.023754 0.042366 -0.304382
v -0.023857 0.230133 0.109840
v -0.023933 -0.499969 -0.110275
v -0.024097 -0.263855 0.005389
v -0.024300 0.136368 -0.089523
v -0.024427 -0.417847 -0.052944
v -0.024437 -0.380737 0.049297
v -0.024473 -0.499695 -0.031090
v -0.024725 0.437836 -0.128983
v -0.024775 -0.447388 -0.105186
v -0.024801 0.050732 -0.374573
v -0.024860 0.082634 0.341339
v -0.024982 -0.003142 -0.096672
v -0.025038 0.133911 -0.090973
v -0.025078 -0.381256 -0.049294
v -0.025114 -0.232834 0.003318
v -0.025190 0.048702 -0.185699
v -0.025415 -0.232483 -0.003245
v -0.025461 -0.233948 0.080490
v -0.025547 0.153854 -0.033493
v -0.025604 0.134079 0.090805
v -0.026014 -0.379456 -0.084732
v -0.026035 0.082222 -0.341156
v -0.026085 -0.234100 -0.075760
v -0.026289 -0.003070 0.096695
v -0.026306 0.153854 0.033802
v -0.026337 -0.218399 -0.138718
v -0.026384 -0.415924 0.055363
v -0.026392 -0.272675 -0.043507
v -0.026409 0.105453 0.195221
v -0.026442 -0.379456 0.084824
v -0.026651 -0.435455 0.100693
v -0.026661 -0.218262 0.139297
v -0.026663 0.226807 -0.105339
v -0.026669 0.039589 0.094955
v -0.026722 -0.271332 0.044216
v -0.026812 0.039627 -0.094383
v -0.026814 -0.386780 0.046158
v -0.026836 0.052544 -0.384308
v -0.026878 -0.386993 -0.046143
v -0.026978 0.109985 0.168991
v -0.027086 0.051506 -0.345490
v -0.027115 -0.422150 -0.050053
v -0.027119 0.086098 0.285004
v -0.027124 0.049225 -0.247528
v -0.027212 -0.445618 0.103806
v -0.027227 -0.218170 0.135162
v -0.027271 -0.243225 -0.080238
v -0.027370 0.068848 0.389862
v -0.027452 -0.431854 -0.097382
v -0.027456 0.465271 0.105156
v -0.027464 0.049450 0.248627
v -0.027670 0.051838 0.346283
v -0.027756 -0.170715 0.000537
v -0.027790 -0.365662 -0.048290
v -0.027895 0.144913 -0.034588
v -0.027948 -0.218185 -0.134277
v -0.027990 0.108986 -0.168839
v -0.028149 0.191101 0.054417
v -0.028164 0.073738 0.382263
v -0.028294 0.080658 0.352661
v -0.028343 0.080475 -0.352448
v -0.028448 -0.473389 0.036999
v -0.028490 0.057827 0.389984
v -0.028498 0.067665 -0.389496
v -0.028555 0.047623 0.222214
v -0.028572 -0.422791 -0.086334
v -0.028597 0.089684 -0.268433
v -0.028620 0.189301 -0.048862
v -0.028629 -0.267944 0.083763
v -0.028631 -0.422302 0.086739
v -0.028669 0.050961 0.374084
v -0.028728 -0.238083 -0.056740
v -0.028732 -0.443939 0.038612
v -0.028763 -0.266907 -0.082611
v -0.028887 0.045677 0.317688
v -0.028984 0.051800 -0.159180
v -0.029016 0.473999 -0.086754
v -0.029114 -0.237717 0.059120
v -0.029129 0.134781 0.084099
v -0.029200 0.047619 -0.218216
v -0.029272 -0.009233 -0.098824
v -0.029282 -0.287567 -0.046635
v -0.029501 0.045048 -0.315521
v -0.029566 -0.417084 0.071442
v -0.029613 -0.287964 0.047520
v -0.029778 -0.415863 -0.062279
v -0.029781 0.040882 0.115181
v -0.029884 0.054165 0.386169
v -0.029884 -0.474518 -0.104401
v -0.029888 0.399353 0.151566
v -0.029905 -0.356842 0.048561
v -0.029915 -0.008314 0.099052
v -0.029959 -0.473297 -0.037785
v -0.029985 -0.415894 0.062466
v -0.029999 0.248428 -0.122459
v -0.029999 0.415649 0.144730
v -0.030144 -0.443756 -0.039417
v -0.030167 0.041035 -0.116699
v -0.030420 -0.401855 0.086258
v -0.030422 0.071487 -0.385315
v -0.030455 0.483276 0.067703
v -0.030479 0.183792 0.031048
v -0.030481 -0.176544 0.001582
v -0.030588 -0.403534 -0.085205
v -0.030596 -0.381470 0.089951
v -0.030617 -0.471680 0.103386
v -0.030659 -0.472595 -0.102097
v -0.030828 -0.175415 -0.000982
v -0.030848 -0.381378 -0.089264
v -0.030897 -0.349457 0.085709
v -0.030924 -0.248383 -0.059639
v -0.030985 -0.348999 -0.085442
v -0.031004 -0.248672 0.060207
v -0.031054 -0.379547 0.068901
v -0.031277 -0.380005 -0.067078
v -0.031326 0.134369 -0.082230
v -0.031452 0.334625 -0.155304
v -0.031483 -0.407440 -0.060429
v -0.031612 0.484711 -0.060715
v -0.031708 -0.499878 0.105713
v -0.031788 -0.406616 0.060802
v -0.032017 -0.270172 -0.063278
v -0.032047 -0.269501 0.063858
v -0.032089 -0.285400 0.085365
v -0.032108 0.049828 0.339172
v -0.032127 -0.284882 -0.084846
v -0.032196 0.144653 0.031160
v -0.032227 0.102051 -0.195389
v -0.032246 0.052933 0.257996
v -0.032310 0.085411 -0.304474
v -0.032440 0.083603 -0.286652
v -0.032745 0.043690 0.306061
v -0.032913 0.084953 0.303894
v -0.033115 0.053593 0.159805
v -0.033184 0.196075 -0.060230
v -0.033432 0.050488 -0.281952
v -0.033455 -0.331238 -0.047489
v -0.033493 0.142670 -0.065697
v -0.033501 0.056858 -0.385803
v -0.033562 0.141434 0.072380
v -0.033619 0.084846 0.273285
v -0.033680 -0.327423 0.086212
v -0.033817 -0.326691 -0.085869
v -0.033836 0.434082 0.132050
v -0.033867 -0.307312 -0.046032
v -0.033878 0.116425 -0.166245
v -0.033886 0.116043 0.166550
v -0.033958 -0.325958 0.047970
v -0.033974 -0.307190 0.046528
v -0.033989 0.316864 0.150406
v -0.034004 0.050087 0.212601
v -0.034168 0.129593 0.091644
v -0.034512 0.120491 0.137604
v -0.034660 0.053692 -0.268433
v -0.034733 0.049969 -0.339050
v -0.034756 0.099205 -0.228058
v -0.034790 0.366638 -0.156952
v -0.034805 0.053734 -0.347626
v -0.034916 -0.304810 0.086189
v -0.034935 -0.305298 -0.086052
v -0.034939 0.244705 0.119087
v -0.034969 0.120819 -0.133774
v -0.035053 0.084846 -0.321075
v -0.035084 0.074402 -0.365051
v -0.035168 0.159012 0.024878
v -0.035198 0.052990 0.362671
v -0.035225 0.159073 -0.023436
v -0.035248 0.053776 0.347931
v -0.035255 0.052837 -0.365051
v -0.035290 0.051826 0.283630
v -0.035297 -0.442932 0.095276
v -0.035355 0.083351 -0.272552
v -0.035362 0.084625 0.322052
v -0.035381 0.142319 0.052433
v -0.035404 0.066040 0.385651
v -0.035427 0.076546 0.346710
v -0.035526 -0.442230 -0.045631
v -0.035530 0.280334 -0.137665
v -0.035530 -0.443268 -0.094666
v -0.035576 0.129745 -0.089645
v -0.035587 0.099869 0.184052
v -0.035599 0.076393 -0.346130
v -0.035759 0.055824 -0.250305
v -0.035767 0.070580 0.378174
v -0.035774 0.045624 -0.300476
v -0.035793 -0.472992 -0.043190
v -0.035847 -0.384277 0.068398
v -0.035873 -0.442627 0.046165
v -0.035988 -0.349274 -0.067352
v -0.036114 -0.287781 0.068222
v -0.036118 -0.385101 -0.067215
v -0.036240 0.145340 -0.024965
v -0.036270 -0.473602 0.043755
v -0.036308 0.057377 0.378113
v -0.036327 -0.499420 0.042641
v -0.036430 -0.499481 -0.042213
v -0.036469 0.080391 0.286041
v -0.036480 0.452393 -0.112694
v -0.036484 -0.289551 -0.068031
v -0.036507 0.485962 0.055805
v -0.036568 0.363464 0.155365
v -0.036579 0.011553 -0.091896
v -0.036610 0.041531 0.152908
v -0.036690 0.058182 0.259399
v -0.036877 0.052944 -0.220428
v -0.037041 -0.472076 -0.094589
v -0.037071 0.047672 -0.092491
v -0.037159 0.058510 -0.378540
v -0.037189 0.041656 -0.152649
v -0.037289 -0.339386 0.068573
v -0.037487 0.474915 0.085915
v -0.037502 0.049732 0.325623
v -0.037506 0.080444 0.270538
v -0.037582 -0.471954 0.095451
v -0.037788 0.144958 0.024502
v -0.037804 0.067299 -0.379852
v -0.038006 0.048588 0.093307
v -0.038063 0.050167 -0.325500
v -0.038063 0.389404 0.152206
v -0.038109 -0.250366 0.031233
v -0.038185 0.124779 -0.091042
v -0.038242 0.077477 -0.285156
v -0.038414 0.095062 0.232712
v -0.038464 0.003851 0.089684
v -0.038513 0.320770 -0.151047
v -0.038532 0.058449 -0.160980
v -0.038719 0.127914 0.090729
v -0.038738 0.184875 -0.021845
v -0.038742 0.054970 -0.190292
v -0.038761 -0.326111 -0.066963
v -0.038792 0.096687 0.205795
v -0.039005 0.427032 -0.134628
v -0.039051 0.014627 0.091476
v -0.039185 0.076530 -0.269165
v -0.039261 -0.499725 -0.096558
v -0.039398 0.047073 0.304779
v -0.039406 0.064781 0.262543
v -0.039417 -0.306274 0.068169
v -0.039516 -0.306305 -0.067818
v -0.039600 0.073112 0.268402
v -0.039764 0.096031 -0.190002
v -0.039768 0.064934 -0.261810
v -0.039814 0.006464 -0.087616
v -0.039917 -0.473206 -0.092468
v -0.039982 0.047485 -0.307495
v -0.040325 0.059681 0.281647
v -0.040333 -0.443207 -0.085670
v -0.040340 0.060402 -0.279266
v -0.040375 0.057137 0.216064
v -0.040375 0.057362 0.189301
v -0.040413 -0.442688 0.085289
v -0.040485 -0.232498 -0.092506
v -0.040779 0.071098 -0.282288
v -0.040947 0.389221 -0.152771
v -0.041035 0.094452 -0.166306
v -0.041344 -0.472229 0.086914
v -0.041389 0.461853 -0.100273
v -0.041397 0.091965 -0.230652
v -0.041451 0.159103 -0.010043
v -0.041538 -0.232376 0.092094
v -0.041798 0.080475 0.308380
v -0.041805 -0.441986 0.062431
v -0.041855 0.067703 0.283295
v -0.041855 -0.441467 -0.063263
v -0.042042 0.185379 0.016998
v -0.042068 0.489746 -0.031902
v -0.042095 0.078735 -0.338226
v -0.042126 0.051247 -0.120331
v -0.042164 -0.499939 0.092064
v -0.042267 0.075111 0.368774
v -0.042320 0.143448 -0.013233
v -0.042522 -0.441864 0.075668
v -0.042553 -0.441711 -0.075226
v -0.042587 0.010114 0.085716
v -0.042603 0.159775 0.005321
v -0.042629 0.061756 -0.218048
v -0.042679 0.064117 0.162720
v -0.042820 0.054161 0.374146
v -0.042877 0.078766 0.338562
v -0.043102 -0.471558 0.063736
v -0.043385 0.067276 -0.162094
v -0.043411 -0.471985 -0.063873
v -0.043472 -0.472473 -0.077530
v -0.043510 0.052673 -0.369598
v -0.043556 -0.472778 0.077713
v -0.043594 0.090714 0.166550
v -0.043606 0.074402 -0.371857
v -0.043930 0.087952 0.206055
v -0.044079 0.346680 0.153854
v -0.044106 0.069374 0.230087
v -0.044132 0.340973 -0.154358
v -0.044170 0.079208 -0.310883
v -0.044369 0.086395 -0.229828
v -0.044449 0.090591 0.190414
v -0.044659 0.090355 -0.188187
v -0.044704 0.071312 0.378021
v -0.044773 0.262177 0.128250
v -0.044777 0.085388 0.229141
v -0.044785 0.486176 -0.049091
v -0.044842 -0.497833 0.059441
v -0.044872 -0.231812 -0.014671
v -0.044910 0.143173 0.001561
v -0.044914 0.122749 0.083557
v -0.044922 0.083633 -0.205338
v -0.045040 0.075668 -0.229095
v -0.045059 0.122948 -0.083168
v -0.045071 0.053116 0.341827
v -0.045193 0.068100 -0.187637
v -0.045219 -0.499847 -0.081108
v -0.045395 -0.240128 0.046715
v -0.045425 0.054115 0.123444
v -0.045433 0.069359 0.187637
v -0.045506 -0.474701 -0.061520
v -0.045528 -0.499451 0.077721
v -0.045628 0.081558 0.164688
v -0.045834 -0.497742 -0.060699
v -0.045837 0.185715 -0.002743
v -0.045849 -0.475098 0.061623
v -0.045910 0.083611 -0.164078
v -0.045990 -0.239822 -0.047565
v -0.045994 0.056446 -0.298889
v -0.046055 0.057278 0.377258
v -0.046249 0.129105 0.080437
v -0.046249 0.129791 -0.079460
v -0.046295 0.081329 0.186935
v -0.046333 0.053524 -0.341705
v -0.046337 0.286896 0.138672
v -0.046345 0.081108 -0.186661
v -0.046352 0.407257 -0.145096
v -0.046425 0.056282 0.301208
v -0.046814 0.039173 -0.090492
v -0.047314 0.068855 -0.377319
v -0.047565 0.490875 0.007589
v -0.047638 0.054722 0.318207
v -0.047676 0.444733 0.118500
v -0.048122 0.488892 0.032322
v -0.048210 0.052876 0.360413
v -0.048325 0.327393 0.155548
v -0.048328 0.133469 0.071457
v -0.048367 0.250732 -0.119125
v -0.048508 0.319000 0.148315
v -0.048553 0.136429 0.050072
v -0.048588 0.055313 -0.319763
v -0.048592 0.131683 0.042171
v -0.048645 0.074326 0.359650
v -0.048714 0.133667 -0.069130
v -0.048748 0.136475 -0.049286
v -0.048809 0.064369 -0.303619
v -0.048889 0.057224 -0.374451
v -0.049023 0.060390 -0.090698
v -0.049236 0.074776 -0.356354
v -0.049263 0.060860 0.091194
v -0.049286 0.076233 0.335175
v -0.049320 0.130569 -0.041840
v -0.049347 0.053543 -0.358276
v -0.049728 0.049202 0.090775
v -0.049885 0.490570 -0.009430
v -0.050060 -0.030672 0.090546
v -0.050083 0.073013 0.317200
v -0.050175 -0.030518 -0.089966
v -0.050381 -0.248032 0.039425
v -0.050617 0.194153 -0.038845
v -0.050789 0.327271 0.150253
v -0.050854 0.270691 -0.130341
v -0.050983 0.481506 0.061726
v -0.051022 0.067513 0.372864
v -0.051159 0.056828 -0.338440
v -0.051456 0.057457 0.339996
v -0.051479 0.060474 0.128815
v -0.051582 0.060822 -0.125702
v -0.051754 0.223221 0.091873
v -0.051758 0.104721 -0.132202
v -0.051830 0.105141 0.130997
v -0.051968 0.132050 -0.035221
v -0.051968 -0.233093 0.074364
v -0.051991 0.058842 0.158691
v -0.052025 -0.157272 0.001060
v -0.052063 0.058975 -0.158066
v -0.052151 -0.233337 -0.074654
v -0.052166 0.469269 -0.084999
v -0.052273 0.057285 0.363800
v -0.052418 0.194702 0.038284
v -0.052677 0.030457 -0.078545
v -0.052708 -0.236252 -0.062363
v -0.052715 0.072144 -0.326202
v -0.052872 0.058308 -0.360931
v -0.052910 0.329956 -0.150101
v -0.053101 0.068665 -0.362518
v -0.053143 0.030834 0.078987
v -0.053444 0.130920 0.033169
v -0.053471 0.478119 -0.066917
v -0.053490 0.071266 0.333496
v -0.053520 -0.229980 0.020248
v -0.053528 0.110748 0.091408
v -0.053593 0.110954 -0.090973
v -0.053619 0.062660 0.351562
v -0.053738 0.317352 0.155243
v -0.053917 0.061390 -0.329010
v -0.054024 0.417908 0.136536
v -0.054039 0.215576 -0.079849
v -0.054371 0.067047 -0.328705
v -0.054394 -0.245789 0.109634
v -0.054462 -0.246307 -0.110260
v -0.054581 0.064102 0.328369
v -0.054733 0.105637 0.091652
v -0.054779 0.106316 -0.089096
v -0.055012 0.065933 -0.089859
v -0.055054 0.096092 -0.127701
v -0.055073 0.113014 0.082451
v -0.055119 0.096230 0.130569
v -0.055119 0.110909 -0.081627
v -0.055138 0.397827 0.145782
v -0.055283 0.461700 0.097145
v -0.055534 0.471008 0.082863
v -0.055626 0.117455 -0.079994
v -0.055626 -0.228729 0.024008
v -0.055817 0.348572 -0.151428
v -0.055927 -0.158813 0.006145
v -0.055958 -0.228531 -0.023724
v -0.056393 0.082809 0.134720
v -0.056404 0.082924 -0.134552
v -0.056702 0.244568 0.111305
v -0.056839 0.082161 0.089729
v -0.056980 0.082565 -0.088837
v -0.057121 0.214508 0.076912
v -0.057167 0.094231 -0.162033
v -0.057346 0.084251 -0.160645
v -0.057468 0.094254 0.162766
v -0.057518 0.084480 0.160965
v -0.057808 -0.219330 0.117447
v -0.058125 0.393555 -0.146530
v -0.058262 -0.160034 0.008093
v -0.058296 -0.157455 -0.005904
v -0.058296 -0.219437 -0.116547
v -0.058422 0.114677 -0.041786
v -0.058575 0.365204 -0.150574
v -0.058674 0.131119 0.000307
v -0.058746 0.015116 0.080597
v -0.058777 -0.187164 0.021107
v -0.059013 -0.187485 -0.020864
v -0.059280 0.014526 -0.080269
v -0.059486 0.236008 -0.101112
v -0.059547 0.082153 0.089211
v -0.059753 0.116913 -0.074532
v -0.059914 0.117546 0.074348
v -0.059944 0.090042 0.079742
v -0.060055 0.082146 -0.088455
v -0.060059 0.100540 0.081001
v -0.060135 0.122681 -0.049023
v -0.060139 0.111275 0.042545
v -0.060230 -0.158936 -0.013923
v -0.060261 0.301208 0.139481
v -0.060371 0.090668 -0.078659
v -0.060425 0.193283 0.017658
v -0.060478 0.484497 -0.037346
v -0.060524 0.121925 0.048450
v -0.060551 0.100517 -0.079529
v -0.060585 -0.260773 -0.026548
v -0.060661 0.377686 0.147278
v -0.060760 -0.260773 0.026922
v -0.060932 0.291138 -0.135437
v -0.061234 0.064423 -0.076546
v -0.061268 -0.251312 -0.121887
v -0.061413 -0.251282 0.122414
v -0.061424 -0.229706 -0.023911
v -0.061462 0.034786 0.076706
v -0.061535 0.035336 -0.076019
v -0.061596 0.065163 0.077179
v -0.061722 -0.229355 0.024635
v -0.061821 -0.075317 -0.098167
v -0.061852 0.101074 -0.040554
v -0.061867 0.026848 0.077621
v -0.061970 0.026520 -0.077034
v -0.062000 -0.075302 0.098740
v -0.062252 -0.219284 -0.119858
v -0.062351 -0.219086 0.120407
v -0.062489 -0.120117 0.103394
v -0.062584 -0.119141 -0.102722
v -0.062691 0.205063 0.053829
v -0.062927 0.437347 -0.116570
v -0.063660 0.074631 0.040279
v -0.063683 0.117149 -0.000326
v -0.063759 -0.153687 0.011232
v -0.063789 0.073853 -0.040119
v -0.063843 0.062920 -0.075500
v -0.063881 0.063744 0.075508
v -0.064056 -0.247543 0.059570
v -0.064140 0.111603 -0.032463
v -0.064148 0.111397 0.033745
v -0.064186 0.420105 -0.130219
v -0.064545 0.193939 0.002822
v -0.064545 -0.248001 -0.059555
v -0.065285 0.453857 -0.098412
v -0.065308 0.096336 0.074936
v -0.065407 0.096138 -0.074318
v -0.065498 -0.227249 0.039898
v -0.065636 0.074059 0.035072
v -0.065742 0.074409 -0.033783
v -0.065964 0.404236 -0.139038
v -0.066093 0.485718 0.011433
v -0.066277 0.256592 -0.116058
v -0.066299 0.097610 0.048492
v -0.066345 -0.024467 0.075203
v -0.066414 0.067001 0.047966
v -0.066422 -0.024263 -0.074463
v -0.066460 0.096939 -0.048332
v -0.066574 0.066353 -0.049477
v -0.066933 -0.246780 0.088432
v -0.066940 0.212234 -0.064041
v -0.067490 -0.247177 -0.088699
v -0.068008 0.064178 0.050110
v -0.068527 0.082008 0.000842
v -0.068832 0.076691 -0.000059
v -0.068947 0.475769 0.058800
v -0.068985 0.484192 -0.017063
v -0.069160 -0.226776 -0.044552
v -0.069344 0.465332 -0.079727
v -0.069351 0.064247 -0.043968
v -0.069359 -0.152695 -0.037701
v -0.069870 0.361938 0.144333
v -0.070320 -0.226990 -0.039249
v -0.070473 0.382294 -0.143433
v -0.070595 0.215225 0.066177
v -0.070801 -0.226562 0.040298
v -0.070984 0.284973 0.129959
v -0.071022 0.449707 0.100479
v -0.071190 0.198181 -0.012836
v -0.071419 0.402924 0.136292
v -0.071541 0.004518 0.052349
v -0.071571 -0.166336 0.095543
v -0.071625 0.200531 0.025976
v -0.071762 0.263092 0.117996
v -0.071762 -0.166504 -0.094650
v -0.071930 0.464111 0.080078
v -0.072067 0.475739 -0.053009
v -0.072311 0.479218 0.042522
v -0.073357 0.042355 0.034046
v -0.073372 0.042751 -0.033550
v -0.074066 0.339203 0.141464
v -0.074394 -0.221909 -0.092567
v -0.074425 -0.221909 0.092979
v -0.074638 0.008222 0.041737
v -0.074860 0.005709 -0.042564
v -0.074966 0.241699 0.098709
v -0.075020 0.238403 -0.094612
v -0.075058 -0.145966 0.000069
v -0.075623 0.204147 -0.031296
v -0.076332 0.039959 -0.000101
v -0.076721 0.061939 0.000601
v -0.076813 0.422272 0.121468
v -0.076866 -0.224854 -0.058651
v -0.076904 -0.185974 -0.061680
v -0.076927 -0.224792 0.059078
v -0.076942 -0.184799 0.062256
v -0.077576 0.296356 -0.130539
v -0.078186 0.337433 -0.139664
v -0.078461 -0.118835 -0.083519
v -0.078484 0.212418 -0.050327
v -0.078636 -0.118217 0.083687
v -0.078972 -0.144897 0.061977
v -0.079025 -0.254578 0.093803
v -0.079056 0.011550 0.000473
v -0.079094 -0.254791 -0.092735
v -0.079399 -0.144638 -0.062866
v -0.079460 -0.127350 -0.062576
v -0.079468 -0.258484 -0.059143
v -0.079529 0.227493 -0.076538
v -0.079582 -0.145050 0.063019
v -0.079582 -0.258087 0.059933
v -0.079697 -0.222046 0.092545
v -0.079865 -0.144699 -0.027622
v -0.079880 -0.221863 -0.092339
v -0.080154 0.477203 -0.031113
v -0.080322 -0.143936 0.027975
v -0.080376 -0.066536 0.076218
v -0.080383 -0.066948 -0.075958
v -0.080437 -0.224777 -0.056656
v -0.080444 -0.224854 0.056915
v -0.081444 -0.025524 -0.031734
v -0.081451 -0.025795 0.032658
v -0.081772 0.379517 0.136810
v -0.082451 0.315430 0.133942
v -0.083023 0.227921 0.074463
v -0.083107 0.278351 -0.120422
v -0.083755 0.363983 -0.137344
v -0.084312 0.215149 0.048191
v -0.084557 0.464630 0.063629
v -0.084564 0.259003 -0.107613
v -0.084763 0.390167 -0.133057
v -0.085739 0.417450 -0.118118
v -0.085945 0.275269 0.117271
v -0.085983 0.476959 -0.003896
v -0.086182 0.454102 -0.080025
v -0.086319 0.475098 0.024948
v -0.086502 -0.026983 0.000071
v -0.086975 0.436707 0.100723
v -0.087341 0.208160 -0.009989
v -0.088173 0.398071 0.127686
v -0.088715 0.440002 -0.095360
v -0.088776 0.224014 -0.060497
v -0.089149 0.401306 -0.125351
v -0.089417 0.247055 -0.092674
v -0.090187 0.333191 0.131973
v -0.090988 0.253784 0.098656
v -0.091003 0.468292 -0.042141
v -0.091095 0.295685 0.123085
v -0.091240 0.353943 0.132370
v -0.091438 0.332062 -0.130417
v -0.092186 0.461792 -0.058060
v -0.093002 0.212463 0.012586
v -0.093285 0.445862 0.084236
v -0.094215 0.300232 -0.122078
v -0.094826 -0.112717 -0.000204
v -0.095551 -0.112419 -0.029873
v -0.095673 -0.112579 0.030388
v -0.095734 0.378540 0.127151
v -0.095917 0.217911 0.031445
v -0.097763 0.226440 0.051559
v -0.098190 0.363159 -0.126556
v -0.098343 0.462463 0.043903
v -0.098526 0.415710 0.108482
v -0.098862 0.467560 -0.019770
v -0.099579 0.468109 0.009809
v -0.100098 0.241714 0.074745
v -0.100899 0.421997 -0.100464
v -0.101288 0.274628 -0.104698
v -0.101616 0.226746 -0.044182
v -0.101776 0.305176 0.117989
v -0.102592 0.277496 0.105774
v -0.102806 0.396729 0.114899
v -0.102951 0.243774 -0.073677
v -0.103294 0.322723 -0.119812
v -0.103844 0.389008 -0.116631
v -0.104202 0.325653 0.119995
v -0.104393 0.407288 -0.107674
v -0.106148 0.226257 -0.029503
v -0.106804 0.356445 0.119011
v -0.108032 0.260254 0.086868
v -0.109413 0.262909 -0.087608
v -0.109856 0.378601 0.112999
v -0.110199 0.444336 0.061455
v -0.110985 0.227478 -0.006553
v -0.111107 0.301331 -0.107323
v -0.111366 0.451172 -0.042698
v -0.111488 0.425079 0.085457
v -0.112106 0.283691 0.099106
v -0.112511 0.439087 -0.065712
v -0.112701 0.238251 0.047062
v -0.113297 0.423492 -0.083977
v -0.113327 0.456940 -0.004259
v -0.113373 0.407166 0.097542
v -0.113739 0.299744 0.104088
v -0.113930 0.251526 0.068222
v -0.114105 0.448090 0.043781
v -0.114174 0.378632 -0.107445
v -0.116707 0.354889 -0.108040
v -0.116798 0.235077 0.021181
v -0.118759 0.449860 0.020103
v -0.119392 0.252625 -0.059650
v -0.119789 0.343262 0.104935
v -0.119881 0.449005 -0.016607
v -0.120293 0.338165 -0.103722
v -0.120300 0.287354 -0.089928
v -0.121506 0.387726 0.095657
v -0.121857 0.265411 0.071747
v -0.122162 0.243423 -0.030540
v -0.122314 0.308868 -0.095978
v -0.122528 0.395905 -0.090225
v -0.123055 0.324493 0.098869
v -0.123116 0.278717 0.080818
v -0.124840 0.365936 0.096634
v -0.126190 0.419830 -0.065895
v -0.126358 0.251190 0.038658
v -0.126602 0.277740 -0.073822
v -0.126831 0.244629 0.001292
v -0.127136 0.431427 -0.045650
v -0.127411 0.435120 0.035866
v -0.128067 0.405579 0.076462
v -0.128326 0.421539 0.060223
v -0.128418 0.302948 0.085693
v -0.129364 0.365204 -0.089615
v -0.130829 0.254395 -0.028437
v -0.131622 0.265961 -0.049568
v -0.131653 0.399231 -0.072769
v -0.132874 0.345367 0.086685
v -0.132904 0.430267 -0.024654
v -0.133301 0.433289 -0.001700
v -0.134079 0.268463 0.047035
v -0.135239 0.319946 0.079735
v -0.135361 0.345032 -0.082176
v -0.136932 0.286255 0.060192
v -0.138382 0.264648 0.017672
v -0.138840 0.415985 -0.038456
v -0.139145 0.264160 -0.004054
v -0.139191 0.281738 -0.049915
v -0.139328 0.417053 0.034637
v -0.139374 0.364685 0.073685
v -0.140396 0.324554 -0.071823
v -0.141220 0.302155 -0.061592
v -0.142288 0.379425 0.062859
v -0.142471 0.313782 0.064308
v -0.142517 0.398132 -0.050152
v -0.142776 0.337952 0.069138
v -0.142944 0.417389 0.011323
v -0.143509 0.367645 -0.064598
v -0.144180 0.414429 -0.013626
v -0.144409 0.401489 0.041775
v -0.144623 0.286255 0.037136
v -0.145752 0.282867 -0.025587
v -0.147354 0.386047 0.046730
v -0.147568 0.402039 -0.028811
v -0.148590 0.403656 0.018246
v -0.149414 0.289124 -0.006613
v -0.149994 0.291718 0.014747
v -0.149994 0.402771 0.002643
v -0.150375 0.306702 -0.037533
v -0.150635 0.311523 0.041161
v -0.150803 0.358246 0.049603
v -0.151550 0.344391 -0.049629
v -0.151840 0.336334 0.047829
v -0.152100 0.322449 -0.042294
v -0.153656 0.387085 0.014774
v -0.153702 0.375793 0.030741
v -0.153717 0.364838 -0.038322
v -0.154251 0.382629 -0.019445
v -0.155106 0.312500 0.016014
v -0.155396 0.313507 -0.014451
v -0.156982 0.342438 0.028645
v -0.157150 0.370880 -0.005460
v -0.157593 0.338867 -0.023367
v -0.158295 0.332336 0.005895
v -0.158798 0.356171 0.007822
vt 0.625488 0.211426
vt 0.625244 0.221191
vt 0.614258 0.231201
vt 0.644287 0.232666
vt 0.648682 0.218750
vt 0.640137 0.244873
vt 0.647705 0.230469
vt 0.649902 0.221680
vt 0.668701 0.237305
vt 0.672607 0.223877
vt 0.673828 0.213867
vt 0.682373 0.231934
vt 0.688965 0.226807
vt 0.689697 0.237793
vt 0.678955 0.259033
vt 0.651611 0.268799
vt 0.648193 0.204590
vt 0.674316 0.204102
vt 0.672852 0.192871
vt 0.638184 0.256348
vt 0.628906 0.269775
vt 0.636230 0.291992
vt 0.605957 0.248535
vt 0.648926 0.192139
vt 0.670410 0.175293
vt 0.645752 0.191895
vt 0.645752 0.172119
vt 0.670166 0.167480
vt 0.590088 0.153809
vt 0.573486 0.146973
vt 0.610596 0.128662
vt 0.616455 0.133789
vt 0.636475 0.135010
vt 0.604736 0.151855
vt 0.613037 0.154297
vt 0.635254 0.137451
vt 0.645020 0.147217
vt 0.667725 0.138428
vt 0.669434 0.147949
vt 0.647949 0.152588
vt 0.670410 0.156738
vt 0.622803 0.160156
vt 0.644043 0.164551
vt 0.626221 0.174072
vt 0.629639 0.192627
vt 0.863525 0.171387
vt 0.849609 0.148682
vt 0.869385 0.148682
vt 0.950439 0.158936
vt 0.870117 0.137695
vt 0.942627 0.140381
vt 0.848389 0.133789
vt 0.836426 0.124268
vt 0.851562 0.103760
vt 0.961670 0.133789
vt 0.973145 0.156738
vt 0.868408 0.107666
vt 0.987793 0.170166
vt 0.979736 0.144531
vt 0.974854 0.140381
vt 0.974121 0.120850
vt 0.950684 0.107422
vt 0.965576 0.109619
vt 0.967773 0.073486
vt 0.961182 0.094727
vt 0.960205 0.084229
vt 0.945557 0.084717
vt 0.955078 0.068359
vt 0.961670 0.056885
vt 0.947998 0.060303
vt 0.931641 0.050537
vt 0.931641 0.040039
vt 0.934082 0.065674
vt 0.912842 0.057129
vt 0.923096 0.059570
vt 0.919678 0.047363
vt 0.913574 0.044434
vt 0.910645 0.048828
vt 0.896973 0.044434
vt 0.904297 0.038818
vt 0.884521 0.041504
vt 0.899658 0.051025
vt 0.907715 0.053955
vt 0.892822 0.047363
vt 0.882568 0.050049
vt 0.888916 0.056641
vt 0.863281 0.049316
vt 0.880127 0.063721
vt 0.872559 0.078369
vt 0.873779 0.055908
vt 0.864746 0.070557
vt 0.862061 0.059570
vt 0.849854 0.072266
vt 0.844482 0.064941
vt 0.868164 0.093994
vt 0.855713 0.088623
vt 0.853760 0.088623
vt 0.845703 0.093994
vt 0.835693 0.102783
vt 0.140137 0.619141
vt 0.121582 0.610840
vt 0.121582 0.601807
vt 0.109131 0.595459
vt 0.130615 0.621094
vt 0.144775 0.636475
vt 0.090820 0.597412
vt 0.086914 0.580811
vt 0.104248 0.624756
vt 0.133301 0.637695
vt 0.097656 0.612549
vt 0.110840 0.633789
vt 0.095215 0.631592
vt 0.103516 0.627686
vt 0.099854 0.641113
vt 0.116211 0.639648
vt 0.103760 0.644287
vt 0.126953 0.645752
vt 0.115967 0.652100
vt 0.095215 0.649902
vt 0.133545 0.649414
vt 0.089355 0.647217
vt 0.126953 0.656006
vt 0.119385 0.660156
vt 0.086670 0.646973
vt 0.079590 0.653076
vt 0.086426 0.639160
vt 0.112305 0.671631
vt 0.104248 0.661865
vt 0.102539 0.675781
vt 0.131104 0.659668
vt 0.094238 0.667725
vt 0.138184 0.652588
vt 0.141602 0.648193
vt 0.148682 0.648193
vt 0.148926 0.665771
vt 0.163330 0.650879
vt 0.161133 0.645996
vt 0.140137 0.643799
vt 0.095215 0.677490
vt 0.094482 0.682617
vt 0.091309 0.688232
vt 0.079346 0.679932
vt 0.074463 0.686035
vt 0.083496 0.699463
vt 0.082031 0.672607
vt 0.067627 0.686768
vt 0.064209 0.704102
vt 0.065674 0.682129
vt 0.076416 0.667725
vt 0.084717 0.658447
vt 0.069092 0.657959
vt 0.066406 0.648926
vt 0.054688 0.687256
vt 0.061523 0.689209
vt 0.059814 0.707764
vt 0.061035 0.714111
vt 0.049316 0.708740
vt 0.046387 0.717773
vt 0.054199 0.726318
vt 0.041504 0.725586
vt 0.033203 0.715088
vt 0.046143 0.683350
vt 0.050537 0.659424
vt 0.041504 0.678223
vt 0.044434 0.656494
vt 0.040527 0.659912
vt 0.025879 0.623779
vt 0.043457 0.642822
vt 0.055420 0.633301
vt 0.032471 0.615479
vt 0.025146 0.611328
vt 0.028564 0.598633
vt 0.025146 0.589355
vt 0.038330 0.607910
vt 0.047363 0.603760
vt 0.031982 0.574463
vt 0.051025 0.617188
vt 0.054688 0.599365
vt 0.042236 0.570557
vt 0.059082 0.609375
vt 0.065918 0.593018
vt 0.057617 0.575439
vt 0.060547 0.560791
vt 0.073975 0.569824
vt 0.076416 0.566895
vt 0.081299 0.587646
vt 0.072021 0.600342
vt 0.075439 0.601807
vt 0.067139 0.608398
vt 0.082275 0.609375
vt 0.091797 0.611328
vt 0.079346 0.617920
vt 0.056641 0.615723
vt 0.066406 0.624023
vt 0.055420 0.630127
vt 0.071045 0.629395
vt 0.080566 0.631348
vt 0.068115 0.633301
vt 0.075684 0.643799
vt 0.835449 0.645020
vt 0.836182 0.638672
vt 0.849854 0.648193
vt 0.847900 0.658691
vt 0.844971 0.658447
vt 0.862549 0.673340
vt 0.854980 0.630371
vt 0.836670 0.629883
vt 0.848389 0.620850
vt 0.833984 0.619629
vt 0.833740 0.614258
vt 0.835449 0.606445
vt 0.853516 0.621582
vt 0.861084 0.628174
vt 0.850342 0.611084
vt 0.850830 0.605957
vt 0.836182 0.601807
vt 0.860840 0.611572
vt 0.840332 0.593506
vt 0.847656 0.598389
vt 0.858643 0.594727
vt 0.844727 0.588379
vt 0.857910 0.579346
vt 0.864258 0.647705
vt 0.877197 0.620605
vt 0.875488 0.599854
vt 0.872559 0.582764
vt 0.871826 0.566895
vt 0.853760 0.568359
vt 0.855713 0.564209
vt 0.861572 0.557861
vt 0.876221 0.580811
vt 0.875732 0.567139
vt 0.880127 0.591797
vt 0.889648 0.576172
vt 0.899170 0.557861
vt 0.918701 0.570068
vt 0.928711 0.553711
vt 0.882324 0.603760
vt 0.923340 0.587158
vt 0.940186 0.570068
vt 0.948486 0.555420
vt 0.954346 0.571045
vt 0.938721 0.586914
vt 0.954102 0.588379
vt 0.938965 0.601318
vt 0.891602 0.603027
vt 0.882324 0.621582
vt 0.909180 0.603760
vt 0.923828 0.602783
vt 0.893799 0.620850
vt 0.919922 0.621094
vt 0.905762 0.635010
vt 0.877441 0.635742
vt 0.883057 0.636230
vt 0.881592 0.651611
vt 0.886475 0.651123
vt 0.879639 0.674316
vt 0.907959 0.650146
vt 0.883057 0.664062
vt 0.923340 0.649658
vt 0.876221 0.688721
vt 0.857910 0.689941
vt 0.866455 0.705566
vt 0.917480 0.664551
vt 0.883545 0.676514
vt 0.881836 0.687744
vt 0.877197 0.702148
vt 0.873779 0.715332
vt 0.864746 0.712891
vt 0.877197 0.713135
vt 0.880859 0.701416
vt 0.899414 0.721191
vt 0.912109 0.690918
vt 0.905762 0.678467
vt 0.917725 0.709717
vt 0.921143 0.729004
vt 0.923340 0.679443
vt 0.938721 0.664551
vt 0.948242 0.681641
vt 0.955811 0.698486
vt 0.938477 0.715820
vt 0.941406 0.734375
vt 0.970215 0.697998
vt 0.954590 0.717773
vt 0.965332 0.733154
vt 0.970947 0.684082
vt 0.971191 0.717285
vt 0.981445 0.730469
vt 0.970459 0.669189
vt 0.954102 0.666260
vt 0.968018 0.652588
vt 0.954590 0.651367
vt 0.939453 0.649902
vt 0.966553 0.637207
vt 0.981689 0.648682
vt 0.951660 0.637695
vt 0.923584 0.635498
vt 0.938965 0.636475
vt 0.938965 0.620361
vt 0.954590 0.620605
vt 0.955566 0.602295
vt 0.965332 0.601562
vt 0.966064 0.619873
vt 0.979248 0.630859
vt 0.981689 0.608398
vt 0.978027 0.596436
vt 0.293701 0.738525
vt 0.298340 0.723877
vt 0.305420 0.732910
vt 0.300049 0.751465
vt 0.309814 0.747314
vt 0.282959 0.726318
vt 0.297363 0.756592
vt 0.304688 0.770264
vt 0.312988 0.761230
vt 0.291016 0.743164
vt 0.295166 0.771240
vt 0.285645 0.758057
vt 0.281494 0.744629
vt 0.274170 0.764893
vt 0.288574 0.765381
vt 0.307373 0.794189
vt 0.312500 0.777100
vt 0.283447 0.775391
vt 0.289062 0.793945
vt 0.276367 0.785156
vt 0.284912 0.815674
vt 0.276855 0.812988
vt 0.292236 0.819580
vt 0.306885 0.815430
vt 0.300293 0.831787
vt 0.272705 0.817627
vt 0.290771 0.821777
vt 0.294922 0.837891
vt 0.298584 0.840820
vt 0.290527 0.848877
vt 0.292725 0.850342
vt 0.286865 0.852539
vt 0.284668 0.842773
vt 0.285645 0.849365
vt 0.282959 0.851807
vt 0.287598 0.853760
vt 0.279541 0.853027
vt 0.276123 0.845215
vt 0.275635 0.852783
vt 0.278076 0.854492
vt 0.280518 0.855713
vt 0.272461 0.855957
vt 0.275146 0.866699
vt 0.263672 0.857666
vt 0.262695 0.853760
vt 0.246826 0.837158
vt 0.234863 0.854492
vt 0.238770 0.859375
vt 0.219727 0.858887
vt 0.207764 0.843262
vt 0.191895 0.864990
vt 0.231445 0.849121
vt 0.216064 0.835449
vt 0.198486 0.821045
vt 0.181396 0.847412
vt 0.160156 0.898926
vt 0.187012 0.823730
vt 0.177002 0.811523
vt 0.146729 0.823242
vt 0.148438 0.802734
vt 0.172363 0.793457
vt 0.162598 0.757324
vt 0.219238 0.743652
vt 0.203125 0.793701
vt 0.185059 0.737549
vt 0.228271 0.810059
vt 0.152588 0.724609
vt 0.217773 0.715088
vt 0.256348 0.802734
vt 0.237793 0.781006
vt 0.227295 0.764893
vt 0.222168 0.741211
vt 0.241699 0.780518
vt 0.231445 0.763184
vt 0.220703 0.715088
vt 0.265625 0.808594
vt 0.269287 0.808105
vt 0.258789 0.800293
vt 0.263672 0.773926
vt 0.257080 0.755127
vt 0.266113 0.752930
vt 0.246338 0.734619
vt 0.258789 0.731934
vt 0.275879 0.728516
vt 0.242432 0.712158
vt 0.272949 0.710205
vt 0.278320 0.714111
vt 0.296631 0.711670
vt 0.291260 0.700928
vt 0.275879 0.701660
vt 0.291016 0.686768
vt 0.280029 0.684814
vt 0.267090 0.687988
vt 0.270264 0.680176
vt 0.274658 0.670898
vt 0.284424 0.674316
vt 0.293945 0.672852
vt 0.291504 0.662354
vt 0.297119 0.670166
vt 0.253906 0.664062
vt 0.243164 0.684570
vt 0.218994 0.703613
vt 0.218262 0.683350
vt 0.214355 0.699707
vt 0.212646 0.686035
vt 0.156738 0.687988
vt 0.212891 0.681641
vt 0.219971 0.664795
vt 0.214355 0.665771
vt 0.155762 0.686523
vt 0.213379 0.646973
vt 0.178223 0.652588
vt 0.222900 0.648193
vt 0.249268 0.645020
vt 0.219482 0.635010
vt 0.217041 0.625244
vt 0.213867 0.635498
vt 0.213135 0.624756
vt 0.182617 0.624756
vt 0.163574 0.623779
vt 0.204834 0.604736
vt 0.162354 0.606201
vt 0.156738 0.612549
vt 0.154541 0.607178
vt 0.164307 0.602295
vt 0.187256 0.599365
vt 0.172119 0.596436
vt 0.204346 0.600586
vt 0.184570 0.591553
vt 0.185303 0.585938
vt 0.191162 0.587646
vt 0.189453 0.581543
vt 0.203369 0.594238
vt 0.206787 0.600098
vt 0.205322 0.583496
vt 0.217285 0.584473
vt 0.662109 0.069092
vt 0.676025 0.080078
vt 0.662842 0.090332
vt 0.671875 0.097900
vt 0.649414 0.081787
vt 0.664062 0.048828
vt 0.652100 0.104004
vt 0.666992 0.110352
vt 0.678467 0.130615
vt 0.655518 0.121582
vt 0.640869 0.118164
vt 0.638184 0.072510
vt 0.638672 0.099854
vt 0.637207 0.102539
vt 0.614990 0.094238
vt 0.594482 0.082031
vt 0.614258 0.103027
vt 0.586182 0.109863
vt 0.590820 0.122070
vt 0.563721 0.122559
vt 0.716309 0.986328
vt 0.732422 0.997559
vt 0.698486 0.997070
vt 0.814941 0.855469
vt 0.802979 0.849609
vt 0.809814 0.834229
vt 0.786865 0.829102
vt 0.823730 0.847412
vt 0.832764 0.871094
vt 0.818604 0.809082
vt 0.836426 0.824951
vt 0.846924 0.842285
vt 0.849365 0.855469
vt 0.852539 0.823975
vt 0.829834 0.788330
vt 0.773682 0.812500
vt 0.800293 0.782715
vt 0.776611 0.785645
vt 0.814941 0.762695
vt 0.833496 0.771240
vt 0.784424 0.774414
vt 0.752441 0.760986
vt 0.795654 0.763916
vt 0.760498 0.756836
vt 0.768555 0.743896
vt 0.752686 0.737549
vt 0.743164 0.739746
vt 0.755615 0.726074
vt 0.744873 0.718994
vt 0.739258 0.724609
vt 0.751953 0.706543
vt 0.762451 0.711182
vt 0.773438 0.694824
vt 0.769043 0.717041
vt 0.774414 0.737061
vt 0.781006 0.701416
vt 0.776611 0.715332
vt 0.781494 0.725586
vt 0.789795 0.739014
vt 0.789551 0.716553
vt 0.804443 0.737793
vt 0.830078 0.756348
vt 0.806641 0.726562
vt 0.835449 0.747314
vt 0.851318 0.761719
vt 0.853027 0.745605
vt 0.809082 0.714600
vt 0.822021 0.720703
vt 0.846191 0.722900
vt 0.811523 0.705566
vt 0.795166 0.701904
vt 0.840332 0.705811
vt 0.849365 0.700684
vt 0.793701 0.688721
vt 0.786377 0.672363
vt 0.835693 0.688232
vt 0.848633 0.677490
vt 0.013184 0.154053
vt 0.013672 0.131104
vt 0.027344 0.125244
vt 0.000732 0.154053
vt 0.029053 0.136230
vt 0.012695 0.118652
vt 0.049561 0.113770
vt 0.024414 0.112305
vt 0.020996 0.101562
vt 0.035645 0.107422
vt 0.056152 0.095703
vt 0.070312 0.100342
vt 0.062744 0.086182
vt 0.046143 0.086182
vt 0.016602 0.088379
vt 0.047119 0.074707
vt 0.009277 0.072266
vt 0.000488 0.082031
vt 0.547852 0.080566
vt 0.547119 0.098389
vt 0.543457 0.088379
vt 0.573242 0.088379
vt 0.523438 0.096680
vt 0.574951 0.067871
vt 0.550781 0.069824
vt 0.575928 0.054932
vt 0.517822 0.061279
vt 0.543945 0.058594
vt 0.570801 0.042969
vt 0.533447 0.046143
vt 0.527100 0.029297
vt 0.495850 0.047607
vt 0.486084 0.042969
vt 0.494629 0.079834
vt 0.490234 0.067871
vt 0.480225 0.057617
vt 0.470703 0.059082
vt 0.478516 0.071289
vt 0.468018 0.078613
vt 0.488281 0.084229
vt 0.493164 0.100342
vt 0.524414 0.184082
vt 0.543945 0.172852
vt 0.533447 0.191650
vt 0.539551 0.196777
vt 0.532959 0.206543
vt 0.525879 0.201172
vt 0.517090 0.195557
vt 0.513916 0.223389
vt 0.532227 0.229004
vt 0.500977 0.212646
vt 0.501465 0.204346
vt 0.497070 0.206299
vt 0.496826 0.214844
vt 0.487793 0.202637
vt 0.504883 0.192383
vt 0.495361 0.196289
vt 0.489746 0.198242
vt 0.489990 0.194824
vt 0.492188 0.182861
vt 0.511475 0.189453
vt 0.499756 0.180420
vt 0.494873 0.173340
vt 0.504150 0.182617
vt 0.496338 0.172363
vt 0.487793 0.163574
vt 0.519775 0.175293
vt 0.517090 0.166748
vt 0.506592 0.150635
vt 0.505859 0.144775
vt 0.534912 0.164795
vt 0.521240 0.136230
vt 0.513428 0.153076
vt 0.523926 0.141113
vt 0.530762 0.153320
vt 0.528564 0.131592
vt 0.524658 0.119873
vt 0.533447 0.147461
vt 0.537598 0.154053
vt 0.542236 0.159424
vt 0.545898 0.143066
vt 0.541504 0.137451
vt 0.548340 0.165771
vt 0.554932 0.156006
vt 0.563721 0.158203
vt 0.559082 0.167969
vt 0.530518 0.139160
vt 0.537354 0.131592
vt 0.536865 0.127930
vt 0.536621 0.120605
vt 0.557373 0.181641
vt 0.564209 0.181641
vt 0.555420 0.204590
vt 0.528809 0.119873
vt 0.546143 0.202637
vt 0.535889 0.117432
vt 0.534668 0.110840
vt 0.528809 0.113770
vt 0.529053 0.105713
vt 0.541748 0.214600
vt 0.561523 0.210449
vt 0.558594 0.224609
vt 0.558838 0.229736
vt 0.544922 0.221680
vt 0.554688 0.237061
vt 0.543701 0.237061
vt 0.526611 0.240723
vt 0.549561 0.246094
vt 0.343750 0.906006
vt 0.314209 0.913086
vt 0.312988 0.908936
vt 0.341064 0.930420
vt 0.374023 0.945801
vt 0.335693 0.965576
vt 0.307373 0.913330
vt 0.281494 0.891846
vt 0.292480 0.924805
vt 0.289795 0.921143
vt 0.299316 0.959473
vt 0.280518 0.931396
vt 0.272949 0.921631
vt 0.279297 0.927490
vt 0.279785 0.892578
vt 0.270508 0.937988
vt 0.272949 0.938232
vt 0.279541 0.957275
vt 0.257080 0.927979
vt 0.260010 0.957031
vt 0.259521 0.953369
vt 0.248291 0.905518
vt 0.255127 0.867920
vt 0.226318 0.884521
vt 0.241943 0.923096
vt 0.228027 0.904053
vt 0.213867 0.874756
vt 0.224365 0.953125
vt 0.218994 0.929688
vt 0.220215 0.956543
vt 0.218994 0.937256
vt 0.211182 0.894043
vt 0.208984 0.875488
vt 0.217773 0.920898
vt 0.217285 0.928711
vt 0.217285 0.901855
vt 0.214600 0.915771
vt 0.204834 0.932861
vt 0.208984 0.918457
vt 0.201904 0.903809
vt 0.204346 0.917969
vt 0.193604 0.903076
vt 0.201904 0.919434
vt 0.193359 0.882324
vt 0.200684 0.875000
vt 0.174316 0.904297
vt 0.181152 0.925537
vt 0.201416 0.931396
vt 0.206787 0.956299
vt 0.169434 0.958740
vt 0.202881 0.958984
vt 0.182129 0.959717
vt 0.170654 0.960693
vt 0.193604 0.968994
vt 0.211914 0.967285
vt 0.180420 0.978760
vt 0.160889 0.980957
vt 0.172852 0.988770
vt 0.159912 0.991211
vt 0.181885 0.980957
vt 0.175781 0.999512
vt 0.188232 0.978027
vt 0.208496 0.992188
vt 0.197021 0.971680
vt 0.211182 0.971191
vt 0.236572 0.976807
vt 0.226074 0.970703
vt 0.237549 0.999268
vt 0.230713 0.967529
vt 0.241943 0.980225
vt 0.248535 0.985596
vt 0.245850 0.977783
vt 0.257080 0.956055
vt 0.265137 0.987305
vt 0.251465 0.995117
vt 0.279297 0.982178
vt 0.288574 0.970947
vt 0.304688 0.975342
vt 0.287598 0.995605
vt 0.326904 0.988525
vt 0.308594 0.996094
vt 0.350098 0.989990
vt 0.348389 0.992432
vt 0.364014 0.973145
vt 0.375244 0.997314
vt 0.378418 0.971680
vt 0.392334 0.951660
vt 0.409180 0.979248
vt 0.433350 0.952881
vt 0.404297 0.992188
vt 0.428223 0.988525
vt 0.390137 0.438721
vt 0.400879 0.435059
vt 0.409424 0.458984
vt 0.419434 0.452148
vt 0.413086 0.433105
vt 0.411133 0.418701
vt 0.432129 0.445801
vt 0.423828 0.425781
vt 0.395508 0.400879
vt 0.435303 0.424316
vt 0.438232 0.448975
vt 0.420898 0.407715
vt 0.435059 0.409424
vt 0.387207 0.407715
vt 0.407227 0.400635
vt 0.387939 0.371338
vt 0.375732 0.379883
vt 0.397705 0.370605
vt 0.373779 0.340088
vt 0.369629 0.312256
vt 0.390137 0.339600
vt 0.362061 0.351318
vt 0.406982 0.364014
vt 0.403564 0.331787
vt 0.424072 0.371582
vt 0.369873 0.392090
vt 0.351318 0.360840
vt 0.343018 0.325195
vt 0.377197 0.443359
vt 0.363037 0.390381
vt 0.384033 0.451660
vt 0.370361 0.450684
vt 0.364258 0.439209
vt 0.363037 0.451172
vt 0.357178 0.455078
vt 0.353516 0.441895
vt 0.342529 0.449951
vt 0.355957 0.396240
vt 0.343506 0.416748
vt 0.332764 0.386475
vt 0.343994 0.376465
vt 0.332275 0.361084
vt 0.329834 0.373047
vt 0.322266 0.361816
vt 0.318604 0.389893
vt 0.310059 0.361816
vt 0.333496 0.428711
vt 0.305908 0.403564
vt 0.299316 0.365723
vt 0.298584 0.413086
vt 0.289307 0.369385
vt 0.323730 0.434082
vt 0.339355 0.460205
vt 0.331543 0.460449
vt 0.424805 0.345459
vt 0.416992 0.327393
vt 0.426758 0.326172
vt 0.434326 0.366699
vt 0.440918 0.365479
vt 0.433838 0.323486
vt 0.443604 0.411377
vt 0.450928 0.362549
vt 0.446045 0.328613
vt 0.443115 0.424072
vt 0.453613 0.449463
vt 0.451660 0.421143
vt 0.462891 0.352051
vt 0.456787 0.327148
vt 0.448486 0.400879
vt 0.464355 0.370117
vt 0.469971 0.353027
vt 0.468506 0.327881
vt 0.462158 0.401855
vt 0.467529 0.417969
vt 0.460449 0.437500
vt 0.477295 0.411865
vt 0.474609 0.374268
vt 0.483398 0.411865
vt 0.490479 0.408203
vt 0.488037 0.355225
vt 0.477051 0.348145
vt 0.476807 0.324951
vt 0.702393 0.497070
vt 0.703857 0.509277
vt 0.689209 0.511719
vt 0.717285 0.493652
vt 0.727051 0.477539
vt 0.718750 0.502441
vt 0.745117 0.490234
vt 0.721924 0.518311
vt 0.767334 0.507324
vt 0.700928 0.524658
vt 0.696777 0.492188
vt 0.690918 0.532715
vt 0.731445 0.528076
vt 0.771240 0.517090
vt 0.799316 0.493652
vt 0.819580 0.514404
vt 0.789795 0.537842
vt 0.767334 0.498047
vt 0.797119 0.480713
vt 0.814697 0.465332
vt 0.767578 0.481689
vt 0.787842 0.464355
vt 0.807861 0.455811
vt 0.778564 0.464844
vt 0.752686 0.462158
vt 0.716797 0.466064
vt 0.704590 0.472168
vt 0.698486 0.469727
vt 0.669922 0.497314
vt 0.710693 0.477539
vt 0.682129 0.496826
vt 0.678223 0.508545
vt 0.666504 0.527344
vt 0.681152 0.517578
vt 0.677490 0.543701
vt 0.670410 0.553467
vt 0.683838 0.546387
vt 0.684814 0.557617
vt 0.708496 0.549072
vt 0.721924 0.567139
vt 0.707520 0.533447
vt 0.743896 0.548340
vt 0.731689 0.555176
vt 0.766846 0.554688
vt 0.739502 0.569580
vt 0.732178 0.579102
vt 0.798340 0.558594
vt 0.812744 0.554932
vt 0.745605 0.595459
vt 0.770264 0.594727
vt 0.791504 0.588867
vt 0.812744 0.581299
vt 0.812988 0.597656
vt 0.785156 0.606934
vt 0.812012 0.605957
vt 0.814697 0.615967
vt 0.748291 0.614014
vt 0.778320 0.627441
vt 0.811279 0.625977
vt 0.736084 0.616455
vt 0.736328 0.630859
vt 0.724854 0.599365
vt 0.776855 0.641846
vt 0.754395 0.648682
vt 0.814697 0.638672
vt 0.771240 0.663818
vt 0.809814 0.658936
vt 0.726074 0.592285
vt 0.676758 0.589844
vt 0.716309 0.576660
vt 0.690186 0.569336
vt 0.670166 0.575195
vt 0.660156 0.584473
vt 0.660645 0.561523
vt 0.663574 0.554443
vt 0.577148 0.421875
vt 0.579102 0.443848
vt 0.564209 0.424805
vt 0.566162 0.407715
vt 0.587646 0.443359
vt 0.574707 0.407959
vt 0.560547 0.397217
vt 0.570312 0.397705
vt 0.575928 0.396973
vt 0.580811 0.420898
vt 0.582764 0.408691
vt 0.588623 0.404297
vt 0.580566 0.395996
vt 0.584961 0.393799
vt 0.594238 0.412598
vt 0.594238 0.402832
vt 0.586914 0.391846
vt 0.597900 0.399658
vt 0.589600 0.391113
vt 0.602295 0.396484
vt 0.590576 0.388428
vt 0.604248 0.400391
vt 0.600098 0.428955
vt 0.615479 0.417969
vt 0.607422 0.426270
vt 0.607910 0.404053
vt 0.606934 0.436523
vt 0.624268 0.447021
vt 0.621094 0.414062
vt 0.609375 0.453857
vt 0.639404 0.438477
vt 0.628662 0.396240
vt 0.593994 0.439941
vt 0.601562 0.453613
vt 0.610352 0.455811
vt 0.596436 0.461182
vt 0.629883 0.415039
vt 0.648438 0.399414
vt 0.636963 0.387939
vt 0.640625 0.408936
vt 0.649902 0.431396
vt 0.666260 0.416748
vt 0.669189 0.415283
vt 0.656006 0.427979
vt 0.657227 0.424805
vt 0.670166 0.418945
vt 0.682129 0.410156
vt 0.662598 0.427246
vt 0.649658 0.434082
vt 0.654541 0.435791
vt 0.648926 0.438721
vt 0.640381 0.444092
vt 0.651367 0.440674
vt 0.642090 0.447266
vt 0.654053 0.444092
vt 0.662109 0.433350
vt 0.669434 0.424805
vt 0.667236 0.437988
vt 0.662109 0.447021
vt 0.656982 0.449951
vt 0.674805 0.448486
vt 0.665771 0.456055
vt 0.682373 0.440918
vt 0.673340 0.427490
vt 0.676514 0.418457
vt 0.681641 0.418701
vt 0.680908 0.415283
vt 0.694336 0.408203
vt 0.692383 0.430176
vt 0.697021 0.408691
vt 0.710205 0.401855
vt 0.703857 0.419922
vt 0.705078 0.425781
vt 0.723877 0.417969
vt 0.714600 0.399902
vt 0.709229 0.420898
vt 0.708252 0.427734
vt 0.694336 0.436035
vt 0.721191 0.437988
vt 0.729004 0.432861
vt 0.720947 0.441162
vt 0.737305 0.425049
vt 0.748535 0.414062
vt 0.694824 0.443115
vt 0.704590 0.457031
vt 0.683350 0.452148
vt 0.737061 0.404297
vt 0.766602 0.406738
vt 0.717773 0.394287
vt 0.740967 0.391602
vt 0.688232 0.441650
vt 0.679932 0.449707
vt 0.681396 0.463623
vt 0.796631 1.000000
vt 0.774658 1.000000
vt 0.777832 0.989014
vt 0.576416 0.454346
vt 0.592285 0.475098
vt 0.581055 0.474609
vt 0.566406 0.471436
vt 0.580078 0.480957
vt 0.565674 0.481934
vt 0.566406 0.458252
vt 0.563477 0.468018
vt 0.561523 0.476807
vt 0.542725 0.453125
vt 0.541748 0.475342
vt 0.553223 0.480957
vt 0.542725 0.481201
vt 0.545654 0.493896
vt 0.556885 0.508545
vt 0.543457 0.505127
vt 0.566406 0.493164
vt 0.556885 0.513672
vt 0.546875 0.513672
vt 0.547852 0.529053
vt 0.554932 0.530762
vt 0.545898 0.537842
vt 0.564697 0.515381
vt 0.564453 0.503662
vt 0.552246 0.538574
vt 0.548340 0.545654
vt 0.563477 0.536621
vt 0.559082 0.543213
vt 0.557861 0.548584
vt 0.553223 0.548584
vt 0.541016 0.546387
vt 0.544678 0.551025
vt 0.568115 0.552979
vt 0.562744 0.553955
vt 0.558594 0.556885
vt 0.552490 0.552734
vt 0.561035 0.570312
vt 0.550781 0.567139
vt 0.542480 0.568604
vt 0.569580 0.562500
vt 0.556152 0.576172
vt 0.548828 0.572510
vt 0.530762 0.585205
vt 0.521240 0.579834
vt 0.536377 0.592773
vt 0.564697 0.579834
vt 0.516602 0.594238
vt 0.506592 0.585938
vt 0.554688 0.592773
vt 0.519775 0.601074
vt 0.503662 0.601074
vt 0.522217 0.609375
vt 0.541992 0.603516
vt 0.572510 0.583008
vt 0.557617 0.611328
vt 0.542969 0.611816
vt 0.511475 0.624268
vt 0.523682 0.616699
vt 0.541504 0.618896
vt 0.526855 0.627441
vt 0.551025 0.619141
vt 0.548584 0.626709
vt 0.529297 0.633057
vt 0.560059 0.628174
vt 0.561523 0.620605
vt 0.563965 0.637207
vt 0.549561 0.635254
vt 0.575928 0.633789
vt 0.578857 0.620361
vt 0.575439 0.611572
vt 0.567627 0.596924
vt 0.595215 0.611328
vt 0.604980 0.629150
vt 0.589355 0.643555
vt 0.585693 0.647949
vt 0.591553 0.602539
vt 0.602295 0.607666
vt 0.591797 0.594971
vt 0.580811 0.589111
vt 0.591309 0.573242
vt 0.582031 0.571533
vt 0.583984 0.570068
vt 0.573730 0.559326
vt 0.593994 0.569824
vt 0.592773 0.567627
vt 0.578857 0.557617
vt 0.587402 0.561279
vt 0.595215 0.565674
vt 0.603760 0.570801
vt 0.598633 0.563721
vt 0.604736 0.567383
vt 0.596680 0.556885
vt 0.604004 0.560059
vt 0.584473 0.553467
vt 0.575439 0.544922
vt 0.590332 0.550049
vt 0.586670 0.541016
vt 0.590820 0.540039
vt 0.602295 0.552002
vt 0.570312 0.545654
vt 0.571533 0.535400
vt 0.567383 0.534180
vt 0.582031 0.528076
vt 0.567871 0.512939
vt 0.567871 0.509033
vt 0.585449 0.527588
vt 0.575439 0.508057
vt 0.570557 0.509766
vt 0.569092 0.503418
vt 0.580811 0.509521
vt 0.572510 0.504395
vt 0.581543 0.497070
vt 0.575684 0.500732
vt 0.573975 0.497314
vt 0.567139 0.501221
vt 0.570312 0.497803
vt 0.568359 0.494629
vt 0.573242 0.492188
vt 0.576416 0.493164
vt 0.578125 0.497070
vt 0.578857 0.490479
vt 0.583984 0.497314
vt 0.587646 0.497559
vt 0.583740 0.509521
vt 0.591309 0.510254
vt 0.586670 0.525635
vt 0.593750 0.528076
vt 0.595947 0.540039
vt 0.603027 0.549805
vt 0.597656 0.537842
vt 0.597168 0.526123
vt 0.341553 0.694580
vt 0.337646 0.700928
vt 0.340332 0.679688
vt 0.360596 0.702881
vt 0.359863 0.689941
vt 0.337646 0.711914
vt 0.331543 0.730713
vt 0.359131 0.716797
vt 0.386230 0.696045
vt 0.383545 0.684326
vt 0.359131 0.679932
vt 0.382324 0.675293
vt 0.355713 0.661377
vt 0.378418 0.663330
vt 0.362305 0.705322
vt 0.385498 0.703369
vt 0.405762 0.709473
vt 0.362305 0.714355
vt 0.354736 0.647461
vt 0.379883 0.649414
vt 0.351318 0.660889
vt 0.381348 0.639404
vt 0.337158 0.665283
vt 0.329346 0.653564
vt 0.320557 0.646973
vt 0.349854 0.640869
vt 0.346680 0.634521
vt 0.372559 0.630859
vt 0.296631 0.634521
vt 0.381592 0.622070
vt 0.316162 0.637695
vt 0.327393 0.614258
vt 0.343262 0.626465
vt 0.366943 0.620850
vt 0.362305 0.610840
vt 0.374268 0.615723
vt 0.370117 0.592529
vt 0.381836 0.612793
vt 0.385742 0.610107
vt 0.378418 0.586914
vt 0.374756 0.583984
vt 0.382812 0.594971
vt 0.382080 0.587402
vt 0.394775 0.587402
vt 0.385254 0.583740
vt 0.356689 0.731934
vt 0.354004 0.750488
vt 0.330322 0.759521
vt 0.359131 0.728760
vt 0.358398 0.740723
vt 0.353027 0.768555
vt 0.384277 0.717041
vt 0.378174 0.750000
vt 0.364746 0.753906
vt 0.362793 0.769531
vt 0.373291 0.769287
vt 0.364502 0.789551
vt 0.393066 0.739502
vt 0.400635 0.744873
vt 0.404297 0.740967
vt 0.400391 0.725342
vt 0.396729 0.718506
vt 0.404053 0.717529
vt 0.417236 0.723389
vt 0.401123 0.714844
vt 0.358154 0.791504
vt 0.351318 0.793701
vt 0.356201 0.811279
vt 0.364258 0.814941
vt 0.375488 0.793701
vt 0.370850 0.822266
vt 0.365967 0.841064
vt 0.351562 0.823486
vt 0.350830 0.845703
vt 0.341309 0.833008
vt 0.350342 0.808838
vt 0.341064 0.814209
vt 0.348877 0.795654
vt 0.332275 0.795654
vt 0.304199 0.873047
vt 0.337158 0.770996
vt 0.626953 0.665283
vt 0.610107 0.661377
vt 0.623291 0.591553
vt 0.644775 0.602295
vt 0.653564 0.593262
vt 0.654541 0.607178
vt 0.642090 0.668457
vt 0.664551 0.677246
vt 0.687012 0.605713
vt 0.677246 0.682617
vt 0.635010 0.687012
vt 0.662109 0.691406
vt 0.675781 0.696533
vt 0.666016 0.701660
vt 0.677734 0.714600
vt 0.639893 0.698242
vt 0.649414 0.703857
vt 0.661377 0.725342
vt 0.617432 0.688721
vt 0.632324 0.704346
vt 0.609375 0.683350
vt 0.598389 0.677490
vt 0.614014 0.695557
vt 0.592773 0.694580
vt 0.601074 0.708496
vt 0.621582 0.704102
vt 0.604736 0.717285
vt 0.622070 0.728271
vt 0.644775 0.725830
vt 0.630371 0.726318
vt 0.645996 0.737793
vt 0.652344 0.737549
vt 0.662109 0.741211
vt 0.654053 0.743408
vt 0.653320 0.754639
vt 0.651367 0.750244
vt 0.630371 0.734131
vt 0.645508 0.757080
vt 0.649658 0.769531
vt 0.631104 0.747559
vt 0.635010 0.756836
vt 0.643066 0.768311
vt 0.649902 0.784424
vt 0.635742 0.786865
vt 0.629883 0.768799
vt 0.624268 0.797607
vt 0.616455 0.784424
vt 0.624268 0.748779
vt 0.625732 0.760254
vt 0.617676 0.771484
vt 0.618896 0.761230
vt 0.628662 0.737305
vt 0.621094 0.741211
vt 0.618408 0.748291
vt 0.611328 0.728271
vt 0.616211 0.738281
vt 0.607178 0.762939
vt 0.603760 0.741211
vt 0.603760 0.752197
vt 0.607666 0.775391
vt 0.598389 0.766113
vt 0.609375 0.781982
vt 0.608154 0.788330
vt 0.612549 0.789795
vt 0.603027 0.778076
vt 0.604248 0.802246
vt 0.594482 0.790039
vt 0.599854 0.778809
vt 0.595703 0.768799
vt 0.586182 0.780518
vt 0.593262 0.754639
vt 0.595215 0.741943
vt 0.588379 0.733887
vt 0.602783 0.733887
vt 0.594727 0.732910
vt 0.591309 0.726318
vt 0.574219 0.741455
vt 0.601318 0.727295
vt 0.597168 0.723633
vt 0.591553 0.719971
vt 0.596191 0.717529
vt 0.709473 0.202393
vt 0.697510 0.214355
vt 0.694580 0.208984
vt 0.693115 0.201172
vt 0.709717 0.207764
vt 0.710693 0.189209
vt 0.690674 0.191650
vt 0.719482 0.197998
vt 0.721191 0.216309
vt 0.708740 0.217285
vt 0.738525 0.204590
vt 0.707764 0.184082
vt 0.686279 0.184082
vt 0.715332 0.180908
vt 0.732666 0.184814
vt 0.742676 0.197021
vt 0.704102 0.179443
vt 0.683105 0.175049
vt 0.696045 0.170898
vt 0.737549 0.182129
vt 0.754883 0.176025
vt 0.734619 0.166504
vt 0.778320 0.189453
vt 0.777832 0.170166
vt 0.797119 0.184326
vt 0.763672 0.158447
vt 0.791748 0.166748
vt 0.814209 0.178955
vt 0.729492 0.168213
vt 0.712646 0.160400
vt 0.701416 0.137207
vt 0.688965 0.154053
vt 0.727295 0.152588
vt 0.733398 0.150879
vt 0.717773 0.130859
vt 0.711426 0.116943
vt 0.688965 0.126221
vt 0.721436 0.126709
vt 0.716797 0.117676
vt 0.725098 0.138672
vt 0.751465 0.147949
vt 0.757324 0.128906
vt 0.741455 0.119141
vt 0.732178 0.109619
vt 0.762207 0.099121
vt 0.767334 0.142822
vt 0.759766 0.113037
vt 0.779053 0.124268
vt 0.783936 0.137695
vt 0.775635 0.107422
vt 0.794434 0.097656
vt 0.797363 0.116211
vt 0.826904 0.099854
vt 0.810303 0.126953
vt 0.798096 0.132324
vt 0.815186 0.144287
vt 0.788086 0.150879
vt 0.801025 0.146240
vt 0.806641 0.162354
vt 0.819580 0.161621
vt 0.829834 0.145020
vt 0.838379 0.176270
vt 0.076660 0.048340
vt 0.079102 0.065430
vt 0.063232 0.052246
vt 0.093750 0.048096
vt 0.093994 0.069336
vt 0.092041 0.088135
vt 0.074707 0.076904
vt 0.097900 0.070801
vt 0.098145 0.056885
vt 0.100342 0.045166
vt 0.120850 0.056152
vt 0.137451 0.039062
vt 0.109863 0.072998
vt 0.121338 0.090332
vt 0.141357 0.055420
vt 0.156494 0.040283
vt 0.145264 0.074463
vt 0.157471 0.056641
vt 0.169922 0.057373
vt 0.174316 0.042725
vt 0.173828 0.075684
vt 0.181152 0.058594
vt 0.196777 0.044189
vt 0.195312 0.057617
vt 0.193115 0.075928
vt 0.180420 0.093750
vt 0.196045 0.094238
vt 0.183105 0.110107
vt 0.163086 0.091797
vt 0.169189 0.108887
vt 0.181396 0.128418
vt 0.143066 0.091797
vt 0.154297 0.109863
vt 0.134521 0.108398
vt 0.165039 0.128662
vt 0.166016 0.142578
vt 0.197021 0.148438
vt 0.137207 0.127930
vt 0.116943 0.105225
vt 0.107422 0.119629
vt 0.096680 0.088867
vt 0.094971 0.102295
vt 0.092041 0.115967
vt 0.091797 0.101807
vt 0.079102 0.092529
vt 0.087646 0.115479
vt 0.081299 0.104248
vt 0.072754 0.119629
vt 0.716064 0.013184
vt 0.698730 0.022217
vt 0.681396 0.012451
vt 0.714844 0.024414
vt 0.729980 0.015869
vt 0.700195 0.039551
vt 0.700928 0.029541
vt 0.687256 0.107178
vt 0.727295 0.023682
vt 0.712402 0.033936
vt 0.745361 0.019531
vt 0.756104 0.012451
vt 0.757080 0.022949
vt 0.756592 0.043701
vt 0.720947 0.035400
vt 0.736816 0.037354
vt 0.712646 0.046387
vt 0.721191 0.046143
vt 0.739258 0.051270
vt 0.719482 0.063721
vt 0.724609 0.072021
vt 0.752686 0.059814
vt 0.709961 0.054199
vt 0.710205 0.066162
vt 0.702881 0.059326
vt 0.698730 0.083252
vt 0.702393 0.075439
vt 0.715332 0.073975
vt 0.711426 0.087402
vt 0.712891 0.105957
vt 0.724609 0.083984
vt 0.737793 0.088623
vt 0.733643 0.079834
vt 0.747803 0.077148
vt 0.757812 0.081787
vt 0.761719 0.066895
vt 0.765137 0.064209
vt 0.765625 0.051025
vt 0.767334 0.049805
vt 0.775879 0.051758
vt 0.766846 0.039062
vt 0.770508 0.033447
vt 0.783203 0.034424
vt 0.778564 0.038574
vt 0.542725 0.769287
vt 0.558350 0.774658
vt 0.554199 0.788330
vt 0.559570 0.792236
vt 0.572021 0.791748
vt 0.557861 0.750488
vt 0.558594 0.803467
vt 0.564941 0.804199
vt 0.549805 0.797363
vt 0.556152 0.804199
vt 0.559326 0.816895
vt 0.542725 0.813477
vt 0.542236 0.808350
vt 0.545166 0.785889
vt 0.535400 0.799561
vt 0.527344 0.815430
vt 0.548584 0.822021
vt 0.537109 0.828125
vt 0.512939 0.822998
vt 0.524902 0.805664
vt 0.532471 0.787598
vt 0.528076 0.774902
vt 0.519531 0.791748
vt 0.514404 0.784912
vt 0.504395 0.805664
vt 0.506592 0.819824
vt 0.493896 0.794434
vt 0.497314 0.764160
vt 0.505859 0.832520
vt 0.519043 0.843994
vt 0.499023 0.830322
vt 0.476318 0.812988
vt 0.480713 0.846436
vt 0.477539 0.778564
vt 0.458984 0.797363
vt 0.493896 0.762207
vt 0.476074 0.775635
vt 0.513916 0.754395
vt 0.461182 0.835938
vt 0.440918 0.819824
vt 0.456299 0.858398
vt 0.496582 0.841309
vt 0.506348 0.853516
vt 0.495361 0.861572
vt 0.486084 0.857178
vt 0.482422 0.869385
vt 0.476074 0.857910
vt 0.474365 0.865723
vt 0.480225 0.881836
vt 0.489990 0.881592
vt 0.455566 0.796143
vt 0.445312 0.807373
vt 0.431152 0.735840
vt 0.406494 0.757568
vt 0.434814 0.818115
vt 0.384277 0.785889
vt 0.458740 0.717773
vt 0.443115 0.693359
vt 0.464844 0.704590
vt 0.428711 0.832520
vt 0.487305 0.728516
vt 0.497070 0.704346
vt 0.515625 0.724609
vt 0.421387 0.849121
vt 0.393555 0.831299
vt 0.432617 0.836914
vt 0.425537 0.852295
vt 0.443604 0.871826
vt 0.416992 0.861816
vt 0.410156 0.870117
vt 0.414307 0.860596
vt 0.408447 0.868896
vt 0.392822 0.885010
vt 0.535400 0.745361
vt 0.518555 0.756104
vt 0.536865 0.748047
vt 0.548340 0.746338
vt 0.551514 0.742920
vt 0.562012 0.748779
vt 0.544678 0.709229
vt 0.499268 0.703125
vt 0.539307 0.692383
vt 0.511963 0.687744
vt 0.467285 0.668701
vt 0.494141 0.670654
vt 0.510986 0.663574
vt 0.499023 0.616455
vt 0.528564 0.680176
vt 0.532715 0.689697
vt 0.541016 0.691406
vt 0.541260 0.687500
vt 0.551025 0.678467
vt 0.307129 0.099365
vt 0.313477 0.125244
vt 0.294189 0.130127
vt 0.320068 0.109375
vt 0.319092 0.097168
vt 0.333740 0.098877
vt 0.337646 0.077881
vt 0.325439 0.075928
vt 0.306885 0.056152
vt 0.347656 0.056152
vt 0.361084 0.065430
vt 0.367920 0.043213
vt 0.255127 0.207764
vt 0.256348 0.204102
vt 0.256836 0.220703
vt 0.225830 0.219971
vt 0.277100 0.210205
vt 0.257080 0.208984
vt 0.276123 0.182617
vt 0.253906 0.180908
vt 0.270752 0.163818
vt 0.251953 0.182617
vt 0.226562 0.190186
vt 0.249268 0.151611
vt 0.273438 0.137207
vt 0.249023 0.171387
vt 0.247070 0.150146
vt 0.250244 0.147949
vt 0.245117 0.157471
vt 0.230225 0.169922
vt 0.224854 0.153564
vt 0.235352 0.160645
vt 0.218994 0.134521
vt 0.227783 0.167969
vt 0.212646 0.128662
vt 0.223877 0.176025
vt 0.225830 0.179932
vt 0.222168 0.179688
vt 0.223145 0.180664
vt 0.221680 0.184326
vt 0.220459 0.182373
vt 0.220215 0.186768
vt 0.214355 0.201660
vt 0.214111 0.196533
vt 0.217285 0.203613
vt 0.208740 0.220947
vt 0.209229 0.223145
vt 0.228271 0.108398
vt 0.252197 0.122803
vt 0.233154 0.083008
vt 0.256592 0.098877
vt 0.214600 0.089844
vt 0.214844 0.100586
vt 0.210938 0.118896
vt 0.206543 0.106934
vt 0.626953 0.822754
vt 0.610107 0.845215
vt 0.595703 0.810547
vt 0.559814 0.830322
vt 0.604248 0.867432
vt 0.617676 0.860840
vt 0.603027 0.892822
vt 0.591064 0.879395
vt 0.584961 0.865723
vt 0.602783 0.894531
vt 0.580811 0.872314
vt 0.568848 0.867432
vt 0.579346 0.875488
vt 0.589600 0.881836
vt 0.565430 0.870850
vt 0.551514 0.862549
vt 0.547363 0.861084
vt 0.592529 0.899658
vt 0.546387 0.864502
vt 0.513916 0.864746
vt 0.569336 0.912109
vt 0.558838 0.889648
vt 0.535400 0.921631
vt 0.595215 0.925537
vt 0.608643 0.925293
vt 0.570068 0.931641
vt 0.603271 0.946289
vt 0.569824 0.947998
vt 0.549561 0.943115
vt 0.548340 0.938721
vt 0.531494 0.950195
vt 0.528320 0.946289
vt 0.507812 0.937012
vt 0.511230 0.964355
vt 0.496094 0.946777
vt 0.488281 0.910889
vt 0.481934 0.926514
vt 0.464355 0.920410
vt 0.469727 0.953857
vt 0.481201 0.963623
vt 0.437988 0.935547
vt 0.477539 0.966064
vt 0.453613 0.964355
vt 0.605225 0.339844
vt 0.624023 0.328125
vt 0.634033 0.343750
vt 0.600586 0.322510
vt 0.618896 0.316162
vt 0.614014 0.307129
vt 0.580566 0.336670
vt 0.588867 0.315430
vt 0.573730 0.322510
vt 0.593262 0.306152
vt 0.611084 0.297852
vt 0.610107 0.295410
vt 0.588623 0.312744
vt 0.586914 0.286377
vt 0.602051 0.274902
vt 0.590088 0.306396
vt 0.568604 0.306152
vt 0.580811 0.297852
vt 0.581787 0.288574
vt 0.581543 0.275146
vt 0.598145 0.267090
vt 0.579590 0.262451
vt 0.592041 0.258789
vt 0.575928 0.275391
vt 0.575928 0.285400
vt 0.564453 0.294678
vt 0.563965 0.303955
vt 0.565674 0.311035
vt 0.558838 0.298340
vt 0.560791 0.284180
vt 0.571777 0.322998
vt 0.556152 0.288086
vt 0.570801 0.276611
vt 0.556152 0.276367
vt 0.565918 0.270508
vt 0.561279 0.317627
vt 0.555420 0.266846
vt 0.564941 0.263428
vt 0.561035 0.263428
vt 0.567627 0.254150
vt 0.552490 0.254883
vt 0.547119 0.259033
vt 0.542480 0.262939
vt 0.574951 0.261230
vt 0.569580 0.259277
vt 0.582275 0.258545
vt 0.574463 0.255859
vt 0.585449 0.244141
vt 0.593506 0.246338
vt 0.550781 0.271729
vt 0.539062 0.266846
vt 0.535400 0.256836
vt 0.528564 0.257080
vt 0.547852 0.276367
vt 0.537598 0.268799
vt 0.526123 0.260498
vt 0.548096 0.281250
vt 0.553711 0.291748
vt 0.543213 0.282715
vt 0.547607 0.290039
vt 0.553711 0.301758
vt 0.554443 0.304932
vt 0.545166 0.288818
vt 0.532471 0.312744
vt 0.522461 0.302002
vt 0.518555 0.291504
vt 0.534668 0.317627
vt 0.518311 0.324463
vt 0.507080 0.310791
vt 0.512451 0.287109
vt 0.535156 0.325928
vt 0.559814 0.318115
vt 0.519531 0.329346
vt 0.540771 0.338623
vt 0.562500 0.331787
vt 0.566650 0.336670
vt 0.561768 0.343018
vt 0.577393 0.339844
vt 0.582520 0.340576
vt 0.600830 0.345703
vt 0.578125 0.350342
vt 0.582520 0.346191
vt 0.601318 0.357178
vt 0.579102 0.356201
vt 0.574463 0.352295
vt 0.577637 0.363770
vt 0.581055 0.366943
vt 0.562744 0.353760
vt 0.578857 0.374512
vt 0.550781 0.352051
vt 0.559814 0.360596
vt 0.559814 0.368652
vt 0.577148 0.383545
vt 0.555664 0.376709
vt 0.550537 0.369629
vt 0.527344 0.363770
vt 0.544434 0.343262
vt 0.528076 0.353027
vt 0.521973 0.357666
vt 0.523193 0.342773
vt 0.517822 0.351807
vt 0.510742 0.373291
vt 0.517090 0.343262
vt 0.506592 0.350342
vt 0.505127 0.343262
vt 0.513916 0.332520
vt 0.503174 0.335693
vt 0.510742 0.326660
vt 0.499756 0.331055
vt 0.499268 0.323486
vt 0.502197 0.312744
vt 0.490967 0.319824
vt 0.498535 0.304199
vt 0.492676 0.312988
vt 0.484863 0.314941
vt 0.484863 0.309570
vt 0.492188 0.304199
vt 0.475830 0.305908
vt 0.494873 0.298828
vt 0.509033 0.281982
vt 0.487793 0.292480
vt 0.485840 0.297363
vt 0.479248 0.293457
vt 0.469971 0.301758
vt 0.484131 0.288574
vt 0.497803 0.276855
vt 0.533203 0.271240
vt 0.526367 0.264893
vt 0.522461 0.260010
vt 0.500732 0.267090
vt 0.510498 0.251953
vt 0.480713 0.286377
vt 0.494141 0.270996
vt 0.498291 0.263672
vt 0.483398 0.260498
vt 0.499756 0.245605
vt 0.472900 0.278076
vt 0.480225 0.256348
vt 0.484863 0.238770
vt 0.468750 0.274658
vt 0.470947 0.290771
vt 0.461914 0.299561
vt 0.460205 0.284180
vt 0.452881 0.298096
vt 0.451172 0.292725
vt 0.460938 0.269287
vt 0.451904 0.280029
vt 0.443604 0.290527
vt 0.438721 0.280029
vt 0.442627 0.275391
vt 0.456787 0.267822
vt 0.460205 0.244873
vt 0.475342 0.249512
vt 0.467285 0.245361
vt 0.470215 0.233643
vt 0.479492 0.235107
vt 0.484131 0.231689
vt 0.961426 0.202148
vt 0.948486 0.189941
vt 0.955811 0.182861
vt 0.976807 0.187256
vt 0.961670 0.211426
vt 0.993652 0.191895
vt 0.941162 0.206299
vt 0.929199 0.192871
vt 0.943604 0.180420
vt 0.924561 0.183838
vt 0.907959 0.183350
vt 0.911377 0.180664
vt 0.896240 0.178467
vt 0.892578 0.180420
vt 0.896484 0.187744
vt 0.890625 0.185303
vt 0.912598 0.196045
vt 0.931885 0.206787
vt 0.892090 0.194092
vt 0.939941 0.214355
vt 0.881348 0.186035
vt 0.908691 0.197021
vt 0.920898 0.206543
vt 0.931396 0.211182
vt 0.908447 0.202881
vt 0.928711 0.217529
vt 0.895752 0.215088
vt 0.881348 0.207031
vt 0.871338 0.198242
vt 0.870361 0.179443
vt 0.865234 0.184082
vt 0.861328 0.195801
vt 0.919922 0.227051
vt 0.886719 0.217529
vt 0.874512 0.213135
vt 0.864258 0.205811
vt 0.854248 0.201904
vt 0.851318 0.187988
vt 0.900879 0.225098
vt 0.891846 0.227051
vt 0.859375 0.211426
vt 0.841064 0.192871
vt 0.844971 0.190918
vt 0.844482 0.195312
vt 0.835693 0.192627
vt 0.828125 0.199463
vt 0.822021 0.187988
vt 0.849854 0.201660
vt 0.834473 0.204346
vt 0.844971 0.216797
vt 0.857178 0.217285
vt 0.851807 0.223633
vt 0.873535 0.221191
vt 0.856934 0.223145
vt 0.870117 0.226074
vt 0.856689 0.228760
vt 0.850342 0.236328
vt 0.877197 0.237061
vt 0.868652 0.239502
vt 0.872070 0.247559
vt 0.879395 0.240723
vt 0.878418 0.230713
vt 0.879395 0.223877
vt 0.885254 0.238037
vt 0.884033 0.250000
vt 0.878906 0.251221
vt 0.889404 0.252930
vt 0.893066 0.241211
vt 0.914307 0.232910
vt 0.912354 0.243164
vt 0.905518 0.261230
vt 0.916260 0.249268
vt 0.910645 0.264893
vt 0.920654 0.232666
vt 0.925049 0.272217
vt 0.926514 0.241455
vt 0.940918 0.251221
vt 0.924316 0.230469
vt 0.929688 0.224365
vt 0.929688 0.230469
vt 0.929688 0.235107
vt 0.933838 0.229248
vt 0.935791 0.224121
vt 0.941895 0.222412
vt 0.941895 0.229248
vt 0.936768 0.232910
vt 0.947754 0.232178
vt 0.980957 0.234619
vt 0.987061 0.223145
vt 0.965088 0.251709
vt 0.940918 0.235596
vt 0.933105 0.238525
vt 0.939209 0.242188
vt 0.948730 0.248047
vt 0.943359 0.264404
vt 0.937988 0.278809
vt 0.947998 0.267090
vt 0.943115 0.282715
vt 0.965332 0.291992
vt 0.953369 0.254150
vt 0.963867 0.255859
vt 0.971680 0.259521
vt 0.110840 0.805420
vt 0.138184 0.802246
vt 0.114746 0.814209
vt 0.138428 0.822510
vt 0.111572 0.824707
vt 0.135498 0.836426
vt 0.118408 0.832031
vt 0.101074 0.835449
vt 0.083984 0.820557
vt 0.061279 0.816895
vt 0.060059 0.834229
vt 0.034180 0.817627
vt 0.089600 0.803711
vt 0.043701 0.808594
vt 0.038330 0.789551
vt 0.054443 0.803955
vt 0.045654 0.796387
vt 0.059570 0.784668
vt 0.062744 0.795898
vt 0.080811 0.786377
vt 0.088623 0.791504
vt 0.117188 0.793701
vt 0.119141 0.777832
vt 0.133545 0.786621
vt 0.308838 0.580566
vt 0.317871 0.577148
vt 0.313965 0.591797
vt 0.325684 0.583984
vt 0.284912 0.599121
vt 0.297363 0.581055
vt 0.292969 0.538574
vt 0.283936 0.542725
vt 0.301270 0.523438
vt 0.280029 0.511719
vt 0.271484 0.502197
vt 0.286377 0.500488
vt 0.267578 0.460938
vt 0.300781 0.480225
vt 0.314453 0.504395
vt 0.314209 0.476562
vt 0.322510 0.477539
vt 0.311768 0.527588
vt 0.334229 0.493408
vt 0.343994 0.472656
vt 0.320312 0.520508
vt 0.329102 0.570801
vt 0.337646 0.580322
vt 0.340820 0.569092
vt 0.345459 0.582031
vt 0.328857 0.525146
vt 0.340332 0.530029
vt 0.351318 0.564941
vt 0.365967 0.574951
vt 0.344727 0.494141
vt 0.356201 0.535645
vt 0.360596 0.474609
vt 0.353027 0.495850
vt 0.364014 0.501953
vt 0.374268 0.503174
vt 0.374268 0.475830
vt 0.374512 0.543213
vt 0.380615 0.574219
vt 0.385986 0.502930
vt 0.391113 0.465820
vt 0.388672 0.571289
vt 0.400879 0.472900
vt 0.402588 0.521240
vt 0.405273 0.496094
vt 0.418457 0.467529
vt 0.397461 0.562256
vt 0.400879 0.576416
vt 0.415771 0.496094
vt 0.412354 0.561768
vt 0.425537 0.573975
vt 0.437744 0.479492
vt 0.432861 0.458252
vt 0.416748 0.517090
vt 0.448730 0.464355
vt 0.437012 0.509766
vt 0.431885 0.559814
vt 0.449707 0.481445
vt 0.459961 0.461914
vt 0.449707 0.507324
vt 0.474121 0.466309
vt 0.434082 0.572998
vt 0.433594 0.583740
vt 0.439697 0.558105
vt 0.448730 0.559326
vt 0.449707 0.575195
vt 0.466553 0.515625
vt 0.483154 0.506592
vt 0.459717 0.557129
vt 0.489502 0.470215
vt 0.496582 0.503906
vt 0.516846 0.452637
vt 0.476562 0.559570
vt 0.486572 0.554932
vt 0.489746 0.577148
vt 0.468750 0.556396
vt 0.469238 0.581055
vt 0.485352 0.596436
vt 0.458984 0.576416
vt 0.464111 0.596191
vt 0.187500 0.550537
vt 0.170654 0.581055
vt 0.173584 0.550293
vt 0.195801 0.555664
vt 0.201660 0.530029
vt 0.212158 0.544189
vt 0.186768 0.535156
vt 0.156738 0.533203
vt 0.147461 0.571533
vt 0.146729 0.544434
vt 0.170410 0.516846
vt 0.150879 0.514893
vt 0.154053 0.502441
vt 0.171387 0.490723
vt 0.204346 0.509277
vt 0.220215 0.515625
vt 0.227539 0.521973
vt 0.236816 0.496094
vt 0.244141 0.494873
vt 0.245361 0.473877
vt 0.239990 0.476074
vt 0.227051 0.484863
vt 0.237061 0.465332
vt 0.257080 0.461426
vt 0.215332 0.501221
vt 0.223389 0.467773
vt 0.251465 0.455811
vt 0.204834 0.498291
vt 0.194336 0.489014
vt 0.184326 0.481934
vt 0.207031 0.465088
vt 0.197021 0.455322
vt 0.173828 0.474365
vt 0.155273 0.473633
vt 0.175781 0.442871
vt 0.169189 0.433838
vt 0.187744 0.442871
vt 0.183838 0.427490
vt 0.174316 0.421631
vt 0.184814 0.414795
vt 0.192627 0.427002
vt 0.201660 0.432861
vt 0.201660 0.412598
vt 0.191162 0.406982
vt 0.204590 0.422607
vt 0.213379 0.414551
vt 0.208252 0.444580
vt 0.212402 0.426270
vt 0.217041 0.434082
vt 0.217529 0.444580
vt 0.226074 0.422363
vt 0.224854 0.407715
vt 0.282959 0.415039
vt 0.229004 0.453369
vt 0.230957 0.431396
vt 0.229492 0.446777
vt 0.242920 0.451172
vt 0.238770 0.438721
vt 0.244629 0.425049
vt 0.249268 0.441406
vt 0.279053 0.430176
vt 0.288574 0.437500
vt 0.289795 0.423096
vt 0.056396 0.148926
vt 0.073486 0.153809
vt 0.070801 0.165039
vt 0.075928 0.158691
vt 0.082520 0.170410
vt 0.083008 0.179199
vt 0.084717 0.160645
vt 0.080078 0.153076
vt 0.085938 0.143066
vt 0.094238 0.179199
vt 0.096680 0.166504
vt 0.098633 0.155518
vt 0.095215 0.136963
vt 0.108887 0.154297
vt 0.113037 0.179199
vt 0.080078 0.193848
vt 0.068359 0.179932
vt 0.093506 0.197754
vt 0.054932 0.236084
vt 0.103516 0.201172
vt 0.066895 0.235107
vt 0.055420 0.252930
vt 0.069336 0.251465
vt 0.058105 0.270020
vt 0.119141 0.199707
vt 0.104492 0.225586
vt 0.074463 0.263428
vt 0.071045 0.278564
vt 0.120850 0.176270
vt 0.136475 0.167725
vt 0.141357 0.146973
vt 0.164307 0.153564
vt 0.159668 0.187744
vt 0.189941 0.177490
vt 0.200195 0.192139
vt 0.123535 0.213135
vt 0.157227 0.223389
vt 0.113281 0.231934
vt 0.126953 0.228027
vt 0.147217 0.244873
vt 0.117676 0.243164
vt 0.085449 0.273193
vt 0.082764 0.289551
vt 0.128418 0.248291
vt 0.091309 0.300049
vt 0.081055 0.301758
vt 0.136475 0.253906
vt 0.152100 0.266846
vt 0.145508 0.264893
vt 0.155518 0.413086
vt 0.148438 0.401611
vt 0.177246 0.405518
vt 0.133301 0.418945
vt 0.112549 0.415527
vt 0.111572 0.434326
vt 0.146973 0.370361
vt 0.095459 0.440918
vt 0.090332 0.457764
vt 0.109131 0.396240
vt 0.128418 0.359619
vt 0.100586 0.416260
vt 0.072021 0.454590
vt 0.072998 0.469238
vt 0.057373 0.454346
vt 0.106934 0.377930
vt 0.101807 0.364258
vt 0.092285 0.410889
vt 0.074219 0.437256
vt 0.087158 0.382812
vt 0.061523 0.441895
vt 0.047852 0.451416
vt 0.069580 0.412842
vt 0.083008 0.408203
vt 0.062988 0.395752
vt 0.053467 0.372314
vt 0.065430 0.358643
vt 0.046143 0.345703
vt 0.069824 0.342041
vt 0.097412 0.340088
vt 0.065918 0.311523
vt 0.080322 0.330322
vt 0.074219 0.316650
vt 0.586670 0.667969
vt 0.578125 0.666016
vt 0.582764 0.656738
vt 0.587891 0.675781
vt 0.579590 0.679443
vt 0.576172 0.676758
vt 0.568604 0.660156
vt 0.573242 0.657471
vt 0.578369 0.649658
vt 0.570312 0.650146
vt 0.567627 0.645020
vt 0.562744 0.645264
vt 0.576660 0.641846
vt 0.581543 0.650146
vt 0.588867 0.659912
vt 0.806641 0.986084
vt 0.809326 0.990967
vt 0.798584 0.987061
vt 0.814453 0.986328
vt 0.850342 0.989990
vt 0.843750 0.992676
vt 0.839600 0.986572
vt 0.209473 0.015869
vt 0.200195 0.016602
vt 0.206055 0.004639
vt 0.193115 0.012207
vt 0.198730 0.025146
vt 0.183105 0.029785
vt 0.183350 0.012939
vt 0.171631 0.025879
vt 0.175781 0.004150
vt 0.159912 0.007812
vt 0.147461 0.021973
vt 0.159180 0.369873
vt 0.168213 0.361328
vt 0.168945 0.366699
vt 0.177979 0.366943
vt 0.173584 0.375000
vt 0.177734 0.376953
vt 0.182373 0.361084
vt 0.166992 0.346680
vt 0.183105 0.371094
vt 0.177002 0.379150
vt 0.187012 0.375244
vt 0.179932 0.390137
vt 0.204834 0.389648
vt 0.189453 0.398682
vt 0.225586 0.392334
vt 0.215820 0.373047
vt 0.237061 0.379639
vt 0.223877 0.367676
vt 0.219971 0.359375
vt 0.231689 0.363281
vt 0.243164 0.365967
vt 0.253662 0.382080
vt 0.261719 0.372559
vt 0.232178 0.345703
vt 0.257812 0.362305
vt 0.267334 0.354248
vt 0.250244 0.349365
vt 0.271729 0.369141
vt 0.276367 0.351807
vt 0.287598 0.354736
vt 0.254395 0.338135
vt 0.273438 0.337891
vt 0.285889 0.339111
vt 0.296143 0.341553
vt 0.301514 0.326904
vt 0.309326 0.343750
vt 0.285645 0.319336
vt 0.316406 0.322998
vt 0.270508 0.326904
vt 0.256592 0.320312
vt 0.267822 0.309082
vt 0.276123 0.291992
vt 0.258057 0.298584
vt 0.247559 0.312744
vt 0.292236 0.307861
vt 0.305908 0.311768
vt 0.297607 0.291992
vt 0.318359 0.303955
vt 0.330566 0.315186
vt 0.336670 0.296387
vt 0.311035 0.291748
vt 0.322998 0.290039
vt 0.331299 0.277588
vt 0.345703 0.292480
vt 0.316162 0.275635
vt 0.323486 0.261963
vt 0.311768 0.261963
vt 0.304688 0.279541
vt 0.294678 0.267578
vt 0.290527 0.255127
vt 0.280518 0.274170
vt 0.266602 0.260010
vt 0.283691 0.245117
vt 0.268555 0.241455
vt 0.264893 0.276855
vt 0.252197 0.248535
vt 0.247803 0.287109
vt 0.252686 0.267822
vt 0.243896 0.261719
vt 0.235840 0.276123
vt 0.230957 0.301270
vt 0.237549 0.239014
vt 0.250488 0.229736
vt 0.230225 0.250244
vt 0.220215 0.235840
vt 0.224854 0.265869
vt 0.208740 0.250732
vt 0.205322 0.232666
vt 0.213623 0.264648
vt 0.216309 0.281494
vt 0.200928 0.271240
vt 0.198975 0.252441
vt 0.187744 0.238037
vt 0.218262 0.293945
vt 0.201172 0.291260
vt 0.222656 0.309082
vt 0.204590 0.305420
vt 0.232178 0.322998
vt 0.216064 0.322266
vt 0.233398 0.334961
vt 0.208008 0.331787
vt 0.199951 0.320312
vt 0.190186 0.308838
vt 0.184326 0.336182
vt 0.199219 0.339600
vt 0.209717 0.364014
vt 0.184814 0.348877
vt 0.164795 0.336182
vt 0.171875 0.326416
vt 0.181885 0.319580
vt 0.167969 0.309570
vt 0.175293 0.301758
vt 0.156006 0.294189
vt 0.185547 0.297363
vt 0.171875 0.287354
vt 0.158203 0.280518
vt 0.189209 0.281982
vt 0.174072 0.274902
vt 0.164551 0.269287
vt 0.181396 0.262695
vt 0.161133 0.256348
vt 0.184082 0.252686
vt 0.167969 0.241211
vt 0.172852 0.227539
vt 0.107422 0.520508
vt 0.102295 0.506592
vt 0.114258 0.508301
vt 0.099121 0.515625
vt 0.093506 0.525635
vt 0.097168 0.505859
vt 0.092773 0.519287
vt 0.089111 0.527588
vt 0.091309 0.510010
vt 0.086914 0.516113
vt 0.090576 0.496338
vt 0.083008 0.521729
vt 0.089355 0.481934
vt 0.079590 0.513184
vt 0.073730 0.514893
vt 0.083984 0.489258
vt 0.073730 0.489746
vt 0.064209 0.484375
vt 0.080811 0.526611
vt 0.066406 0.501709
vt 0.067383 0.514160
vt 0.061768 0.487305
vt 0.062744 0.476318
vt 0.042725 0.473633
vt 0.062256 0.508301
vt 0.035889 0.494141
vt 0.023682 0.482178
vt 0.038086 0.465576
vt 0.018311 0.471924
vt 0.064209 0.521240
vt 0.053711 0.510010
vt 0.033936 0.507324
vt 0.025146 0.510254
vt 0.072510 0.534668
vt 0.086670 0.531006
vt 0.032471 0.520264
vt 0.022217 0.529053
vt 0.049561 0.520996
vt 0.043945 0.530029
vt 0.032959 0.536621
vt 0.053711 0.530029
vt 0.044678 0.545898
vt 0.061035 0.536621
vt 0.060303 0.552246
vt 0.073242 0.545654
vt 0.397705 0.116943
vt 0.392578 0.114746
vt 0.406006 0.115723
vt 0.386719 0.117676
vt 0.377441 0.107178
vt 0.365967 0.115479
vt 0.342529 0.117432
vt 0.346191 0.106445
vt 0.364502 0.104492
vt 0.398193 0.105713
vt 0.413086 0.104980
vt 0.415771 0.115967
vt 0.385254 0.100830
vt 0.408203 0.094238
vt 0.423828 0.099365
vt 0.434326 0.118408
vt 0.370605 0.097168
vt 0.358643 0.094727
vt 0.360596 0.092285
vt 0.363770 0.087402
vt 0.443359 0.097900
vt 0.382812 0.096436
vt 0.375000 0.092529
vt 0.373779 0.084229
vt 0.365723 0.076416
vt 0.383301 0.091797
vt 0.391113 0.095459
vt 0.376465 0.073242
vt 0.397461 0.092773
vt 0.384766 0.081787
vt 0.393311 0.086182
vt 0.389404 0.077148
vt 0.383301 0.067139
vt 0.374756 0.058838
vt 0.385986 0.058594
vt 0.395264 0.073975
vt 0.393311 0.067627
vt 0.394775 0.058350
vt 0.400146 0.065918
vt 0.398926 0.051758
vt 0.405029 0.057373
vt 0.402100 0.077148
vt 0.404297 0.067383
vt 0.408447 0.062988
vt 0.400146 0.084961
vt 0.404297 0.082031
vt 0.406250 0.076660
vt 0.411621 0.079834
vt 0.423828 0.072021
vt 0.427002 0.049072
vt 0.410645 0.050537
vt 0.432861 0.058594
vt 0.439697 0.055176
vt 0.443604 0.049072
vt 0.443359 0.057861
vt 0.446777 0.052979
vt 0.434326 0.067383
vt 0.437744 0.073242
vt 0.447998 0.063965
vt 0.454102 0.070068
vt 0.432617 0.084473
vt 0.446533 0.091553
vt 0.456543 0.086182
vt 0.435791 0.097168
vt 0.448486 0.094238
vt 0.460449 0.088623
vt 0.460693 0.091064
vt 0.455811 0.103271
vt 0.465088 0.101562
vt 0.464844 0.104248
vt 0.468018 0.115723
vt 0.474121 0.106201
vt 0.096924 0.028076
vt 0.114502 0.032471
vt 0.093018 0.035645
vt 0.114014 0.019775
vt 0.107178 0.019287
vt 0.099854 0.018311
vt 0.121094 0.019775
vt 0.125244 0.022705
vt 0.114258 0.012695
vt 0.106201 0.010010
vt 0.098389 0.009521
vt 0.096924 0.000244
vt 0.114990 0.000732
vt 0.121826 0.014404
vt 0.126465 0.002441
vt 0.127197 0.019531
vt 0.136230 0.020264
vt 0.046631 0.183838
vt 0.059814 0.171631
vt 0.058105 0.189209
vt 0.050293 0.206055
vt 0.060547 0.202148
vt 0.050781 0.218018
vt 0.038086 0.208984
vt 0.034912 0.191895
vt 0.038818 0.173584
vt 0.025391 0.211670
vt 0.016846 0.204102
vt 0.021484 0.181152
vt 0.006348 0.196777
vt 0.755371 0.251709
vt 0.751221 0.237061
vt 0.769043 0.237305
vt 0.734375 0.257324
vt 0.731934 0.242188
vt 0.720215 0.264404
vt 0.772461 0.262939
vt 0.729004 0.280273
vt 0.744873 0.270264
vt 0.760986 0.272217
vt 0.752441 0.285400
vt 0.703857 0.263916
vt 0.704346 0.253906
vt 0.705322 0.281738
vt 0.690430 0.273193
vt 0.715332 0.292480
vt 0.735352 0.296387
vt 0.702637 0.301758
vt 0.722168 0.307617
vt 0.685791 0.295898
vt 0.674072 0.291016
vt 0.676514 0.271484
vt 0.660889 0.291016
vt 0.665039 0.300781
vt 0.654053 0.299072
vt 0.675293 0.314209
vt 0.663086 0.313477
vt 0.685791 0.310791
vt 0.687256 0.341064
vt 0.695801 0.319336
vt 0.708252 0.321045
vt 0.705322 0.347900
vt 0.725098 0.322998
vt 0.717773 0.338867
vt 0.719482 0.356689
vt 0.711670 0.367676
vt 0.727783 0.368652
vt 0.735107 0.352051
vt 0.735107 0.335693
vt 0.745117 0.362549
vt 0.734375 0.378174
vt 0.754395 0.341309
vt 0.750732 0.379150
vt 0.743164 0.324463
vt 0.737549 0.309082
vt 0.750977 0.308105
vt 0.761963 0.320557
vt 0.766602 0.333008
vt 0.770508 0.312500
vt 0.765869 0.297852
vt 0.771973 0.288086
vt 0.782959 0.298340
vt 0.782227 0.283447
vt 0.779053 0.316162
vt 0.794922 0.286865
vt 0.796143 0.306885
vt 0.786865 0.266846
vt 0.782471 0.249023
vt 0.784180 0.229248
vt 0.805176 0.240967
vt 0.803467 0.254395
vt 0.801025 0.269043
vt 0.810303 0.286377
vt 0.813232 0.266602
vt 0.823975 0.250732
vt 0.828125 0.234375
vt 0.813232 0.227295
vt 0.832275 0.243896
vt 0.839111 0.228027
vt 0.838135 0.258545
vt 0.830566 0.271240
vt 0.822021 0.280029
vt 0.830811 0.289307
vt 0.849609 0.270020
vt 0.810303 0.306885
vt 0.831055 0.302979
vt 0.843018 0.325195
vt 0.851318 0.316162
vt 0.819336 0.320557
vt 0.830078 0.332275
vt 0.834717 0.344482
vt 0.817139 0.339844
vt 0.802734 0.325684
vt 0.789551 0.325928
vt 0.793213 0.340820
vt 0.777344 0.334717
vt 0.771729 0.350098
vt 0.805908 0.355225
vt 0.791016 0.355225
vt 0.788086 0.370361
vt 0.823730 0.359863
vt 0.817627 0.373047
vt 0.833740 0.357666
vt 0.841797 0.349854
vt 0.843506 0.359619
vt 0.840576 0.364502
vt 0.827881 0.366211
vt 0.833008 0.368896
vt 0.823730 0.374268
vt 0.837158 0.375244
vt 0.850342 0.375244
vt 0.817627 0.383301
vt 0.827393 0.381592
vt 0.828857 0.385498
vt 0.834961 0.385498
vt 0.826172 0.387695
vt 0.814941 0.399902
vt 0.827393 0.393311
vt 0.822510 0.411621
vt 0.811035 0.401611
vt 0.798096 0.381104
vt 0.799561 0.394287
vt 0.797607 0.405029
vt 0.780029 0.397461
vt 0.785400 0.376953
vt 0.780029 0.378662
vt 0.765625 0.396973
vt 0.778076 0.372803
vt 0.771484 0.386230
vt 0.762207 0.366455
vt 0.750488 0.390381
vt 0.757812 0.354248
vt 0.956299 0.962646
vt 0.964111 0.974121
vt 0.958252 0.973877
vt 0.961670 0.964600
vt 0.950928 0.961426
vt 0.949951 0.966064
vt 0.949707 0.956055
vt 0.955078 0.956787
vt 0.959229 0.956543
vt 0.967773 0.964844
vt 0.951172 0.951660
vt 0.959961 0.954346
vt 0.949707 0.947266
vt 0.962646 0.953125
vt 0.977051 0.969727
vt 0.973389 0.956299
vt 0.946533 0.951416
vt 0.946533 0.935547
vt 0.937500 0.950195
vt 0.936035 0.957520
vt 0.935547 0.948486
vt 0.934570 0.954834
vt 0.928711 0.961182
vt 0.942383 0.956787
vt 0.938232 0.963135
vt 0.945801 0.959717
vt 0.945068 0.967041
vt 0.948730 0.977539
vt 0.919678 0.940430
vt 0.932617 0.938477
vt 0.931396 0.936523
vt 0.922119 0.935791
vt 0.919434 0.927490
vt 0.899170 0.946045
vt 0.924316 0.927490
vt 0.944580 0.932861
vt 0.943604 0.917725
vt 0.933350 0.918457
vt 0.953369 0.928955
vt 0.954590 0.922119
vt 0.935547 0.913818
vt 0.952148 0.908691
vt 0.960449 0.921631
vt 0.971924 0.926758
vt 0.987549 0.949463
vt 0.993896 0.957520
vt 0.991943 0.913086
vt 0.973145 0.897949
vt 0.979004 0.876465
vt 0.960449 0.884033
vt 0.956299 0.871826
vt 0.942627 0.897461
vt 0.962891 0.850342
vt 0.979980 0.865479
vt 0.990479 0.870361
vt 0.985840 0.859619
vt 0.989014 0.826172
vt 0.946045 0.866211
vt 0.960938 0.843994
vt 0.980469 0.813232
vt 0.935059 0.854980
vt 0.936035 0.849121
vt 0.949951 0.835449
vt 0.946289 0.804932
vt 0.973877 0.809082
vt 0.980713 0.806641
vt 0.920654 0.802246
vt 0.940674 0.784180
vt 0.916504 0.817139
vt 0.933350 0.825195
vt 0.919434 0.846191
vt 0.906006 0.833984
vt 0.904785 0.811035
vt 0.914795 0.851562
vt 0.902588 0.841064
vt 0.888428 0.833008
vt 0.883301 0.859863
vt 0.890869 0.862549
vt 0.883545 0.864014
vt 0.873047 0.856934
vt 0.871338 0.864258
vt 0.869629 0.874268
vt 0.895996 0.869385
vt 0.893066 0.880859
vt 0.877930 0.896484
vt 0.862549 0.880127
vt 0.924316 0.869873
vt 0.932861 0.871582
vt 0.933105 0.886963
vt 0.906738 0.881348
vt 0.906006 0.896729
vt 0.901611 0.890869
vt 0.895264 0.908447
vt 0.896729 0.933594
vt 0.886475 0.925293
vt 0.880371 0.941650
vt 0.882080 0.911865
vt 0.871338 0.931885
vt 0.854980 0.897217
vt 0.874756 0.922607
vt 0.867676 0.938232
vt 0.866699 0.951416
vt 0.852051 0.896729
vt 0.848633 0.883301
vt 0.843506 0.910889
vt 0.851074 0.909424
vt 0.844971 0.921875
vt 0.844238 0.934814
vt 0.822754 0.940674
vt 0.162598 0.928467
vt 0.166260 0.935303
vt 0.157959 0.930908
vt 0.156250 0.925049
vt 0.145264 0.921143
vt 0.145752 0.933105
vt 0.152100 0.938965
vt 0.131104 0.950684
vt 0.147705 0.953369
vt 0.125488 0.920898
vt 0.153076 0.914307
vt 0.147217 0.901123
vt 0.134766 0.902832
vt 0.141113 0.896484
vt 0.125000 0.904053
vt 0.137939 0.894775
vt 0.131836 0.934814
vt 0.138672 0.962646
vt 0.153320 0.962891
vt 0.146484 0.993896
vt 0.126953 0.968018
vt 0.125000 0.997070
vt 0.117676 0.981934
vt 0.122070 0.948730
vt 0.122070 0.973389
vt 0.115723 0.931885
vt 0.118164 0.976074
vt 0.121338 0.962891
vt 0.108887 0.986328
vt 0.100342 0.916992
vt 0.116211 0.971680
vt 0.119629 0.947510
vt 0.117676 0.958740
vt 0.112793 0.969727
vt 0.110840 0.936279
vt 0.110840 0.939453
vt 0.087646 0.927734
vt 0.095703 0.934570
vt 0.106445 0.939941
vt 0.114746 0.957520
vt 0.112061 0.946533
vt 0.104980 0.945801
vt 0.108643 0.952637
vt 0.108398 0.967041
vt 0.103271 0.978760
vt 0.103027 0.958008
vt 0.102051 0.970703
vt 0.095947 0.958496
vt 0.094727 0.941650
vt 0.092285 0.947754
vt 0.086670 0.944336
vt 0.078857 0.944824
vt 0.089844 0.956543
vt 0.081787 0.958008
vt 0.089355 0.965332
vt 0.094482 0.975586
vt 0.089355 0.980713
vt 0.079834 0.954346
vt 0.079590 0.966553
vt 0.074707 0.963867
vt 0.080078 0.976074
vt 0.090088 0.983154
vt 0.103271 0.983643
vt 0.109375 0.977539
vt 0.090088 0.985596
vt 0.080322 0.980469
vt 0.102783 0.995361
vt 0.110840 0.998779
vt 0.088867 0.987549
vt 0.087158 0.994141
vt 0.071533 0.980713
vt 0.076172 0.997803
vt 0.059082 0.997314
vt 0.064209 0.949951
vt 0.069824 0.948975
vt 0.075684 0.919922
vt 0.083984 0.908203
vt 0.098633 0.890869
vt 0.114014 0.909912
vt 0.122070 0.897217
vt 0.133545 0.886719
vt 0.126709 0.874756
vt 0.143066 0.883057
vt 0.143311 0.878418
vt 0.132568 0.867920
vt 0.144531 0.867432
vt 0.957275 0.378174
vt 0.943848 0.388184
vt 0.946533 0.365479
vt 0.958008 0.394043
vt 0.932861 0.372559
vt 0.934326 0.356445
vt 0.942871 0.347412
vt 0.925049 0.394287
vt 0.940430 0.405029
vt 0.927246 0.375977
vt 0.921631 0.344238
vt 0.921143 0.336426
vt 0.890625 0.341553
vt 0.906982 0.352051
vt 0.884521 0.358154
vt 0.917969 0.360352
vt 0.926758 0.364014
vt 0.913574 0.364258
vt 0.911621 0.361328
vt 0.898193 0.372314
vt 0.907471 0.378906
vt 0.922852 0.392578
vt 0.898682 0.391357
vt 0.911865 0.398926
vt 0.885010 0.378906
vt 0.871094 0.370117
vt 0.871582 0.381348
vt 0.889648 0.385986
vt 0.887939 0.396729
vt 0.875000 0.395508
vt 0.857666 0.385010
vt 0.852539 0.392090
vt 0.851562 0.405518
vt 0.877197 0.401367
vt 0.852295 0.415039
vt 0.883545 0.406982
vt 0.901123 0.401123
vt 0.875000 0.413818
vt 0.889160 0.406738
vt 0.891357 0.420898
vt 0.905273 0.409180
vt 0.840820 0.429443
vt 0.842529 0.413086
vt 0.913818 0.417725
vt 0.850830 0.431641
vt 0.905029 0.417725
vt 0.931641 0.414795
vt 0.905518 0.430908
vt 0.901123 0.430664
vt 0.886719 0.431641
vt 0.949463 0.420654
vt 0.924316 0.436035
vt 0.937500 0.427002
vt 0.941406 0.443604
vt 0.921143 0.451416
vt 0.898682 0.439453
vt 0.911133 0.459717
vt 0.901367 0.460693
vt 0.943115 0.455322
vt 0.890137 0.444092
vt 0.960693 0.455322
vt 0.879639 0.444092
vt 0.917725 0.474854
vt 0.930908 0.468506
vt 0.947998 0.468018
vt 0.906982 0.487793
vt 0.930908 0.489014
vt 0.946777 0.481934
vt 0.915039 0.498779
vt 0.937500 0.496338
vt 0.899658 0.504883
vt 0.959961 0.471191
vt 0.947021 0.502930
vt 0.932617 0.507324
vt 0.958252 0.491699
vt 0.973145 0.468506
vt 0.974609 0.485596
vt 0.993408 0.474609
vt 0.989014 0.494385
vt 0.978760 0.453857
vt 0.970947 0.497559
vt 0.960449 0.506348
vt 0.975098 0.512695
vt 0.993896 0.511963
vt 0.987549 0.521484
vt 0.975098 0.531494
vt 0.963867 0.523438
vt 0.950928 0.515869
vt 0.948242 0.533936
vt 0.936279 0.521240
vt 0.907471 0.520996
vt 0.931885 0.531982
vt 0.892090 0.508545
vt 0.883789 0.514160
vt 0.903809 0.528320
vt 0.872314 0.495117
vt 0.854248 0.510010
vt 0.887451 0.487793
vt 0.844971 0.488525
vt 0.899170 0.479248
vt 0.827393 0.503906
vt 0.862305 0.480713
vt 0.830322 0.483398
vt 0.818604 0.490967
vt 0.826660 0.465088
vt 0.840820 0.461182
vt 0.841797 0.450684
vt 0.824219 0.455811
vt 0.852051 0.457764
vt 0.883301 0.477295
vt 0.864746 0.454834
vt 0.861572 0.451416
vt 0.871094 0.453613
vt 0.872314 0.447510
vt 0.876709 0.456787
vt 0.854248 0.441895
vt 0.842773 0.439453
vt 0.831055 0.434326
vt 0.866943 0.435059
vt 0.875488 0.434814
vt 0.861328 0.424072
vt 0.867432 0.429199
vt 0.877441 0.421875
vt 0.886719 0.450684
vt 0.887695 0.456299
vt 0.883057 0.465332
vt 0.897705 0.465820
vt 0.884521 0.476562
vt 0.890381 0.469727
vt 0.893555 0.474609
vt 0.889404 0.471436
vt 0.958252 0.407715
vt 0.968750 0.401855
vt 0.972168 0.411621
vt 0.967041 0.423340
vt 0.981445 0.431396
vt 0.962402 0.438232
vt 0.991211 0.443604
vt 0.817627 0.909912
vt 0.812012 0.947510
vt 0.796387 0.943604
vt 0.791748 0.927002
vt 0.798584 0.903320
vt 0.777832 0.942383
vt 0.772461 0.965820
vt 0.775879 0.928467
vt 0.756348 0.945557
vt 0.745117 0.954102
vt 0.734863 0.963379
vt 0.739746 0.939453
vt 0.729736 0.952881
vt 0.724854 0.968018
vt 0.712402 0.969238
vt 0.714111 0.952881
vt 0.709473 0.963135
vt 0.749023 0.928955
vt 0.776855 0.911133
vt 0.742188 0.918701
vt 0.694092 0.959473
vt 0.688477 0.988770
vt 0.655518 0.951172
vt 0.660156 0.973145
vt 0.644043 0.963867
vt 0.626953 0.945801
vt 0.616699 0.955566
vt 0.636475 0.943604
vt 0.616943 0.920654
vt 0.646484 0.937500
vt 0.623535 0.903320
vt 0.659668 0.922852
vt 0.632080 0.888916
vt 0.669678 0.938965
vt 0.687988 0.951172
vt 0.686279 0.926270
vt 0.671387 0.907959
vt 0.645020 0.875977
vt 0.621582 0.879639
vt 0.667725 0.889404
vt 0.702881 0.911865
vt 0.721191 0.929688
vt 0.716064 0.902588
vt 0.726562 0.911377
vt 0.695557 0.877930
vt 0.689941 0.876465
vt 0.665039 0.863770
vt 0.641846 0.849609
vt 0.631348 0.854736
vt 0.674316 0.845703
vt 0.653076 0.839355
vt 0.650879 0.833252
vt 0.666260 0.820068
vt 0.641846 0.812012
vt 0.679932 0.816650
vt 0.697998 0.849121
vt 0.689941 0.824463
vt 0.689453 0.800293
vt 0.706299 0.807861
vt 0.684326 0.787109
vt 0.675293 0.784180
vt 0.720703 0.781006
vt 0.698975 0.770020
vt 0.712158 0.799072
vt 0.703613 0.818604
vt 0.722412 0.816895
vt 0.721680 0.793457
vt 0.743408 0.787598
vt 0.719727 0.809326
vt 0.746826 0.810059
vt 0.731201 0.814209
vt 0.726562 0.833496
vt 0.757324 0.848877
vt 0.764160 0.843750
vt 0.715332 0.834717
vt 0.781494 0.855225
vt 0.713135 0.859375
vt 0.706543 0.865479
vt 0.748779 0.861328
vt 0.718506 0.861572
vt 0.712891 0.876709
vt 0.729248 0.874023
vt 0.728516 0.892822
vt 0.733154 0.883789
vt 0.740234 0.873047
vt 0.745117 0.885498
vt 0.743652 0.902832
vt 0.759766 0.891602
vt 0.752930 0.917725
vt 0.777832 0.889893
vt 0.772949 0.871094
vt 0.783936 0.902832
vt 0.792725 0.908936
vt 0.791260 0.904053
vt 0.783691 0.897705
vt 0.777832 0.878662
vt 0.790771 0.884521
vt 0.798096 0.901123
vt 0.780518 0.863770
vt 0.783691 0.858887
vt 0.794434 0.861084
vt 0.792969 0.866455
vt 0.798584 0.885986
vt 0.801514 0.886230
vt 0.806641 0.865234
vt 0.820068 0.892578
vt 0.871338 0.300293
vt 0.882080 0.300537
vt 0.876953 0.314697
vt 0.868164 0.312988
vt 0.853760 0.302490
vt 0.787598 0.023193
vt 0.785889 0.004395
vt 0.800293 0.017578
vt 0.803955 0.030762
vt 0.808105 0.007568
vt 0.816895 0.022705
vt 0.824707 0.004150
vt 0.830322 0.029053
vt 0.819824 0.999756
vt 0.827637 0.989258
vt 0.832275 0.997803
vt 0.083252 0.876221
vt 0.071289 0.882080
vt 0.061279 0.878662
vt 0.066895 0.896973
vt 0.093506 0.861328
vt 0.093262 0.875732
vt 0.053711 0.864990
vt 0.055664 0.845459
vt 0.042236 0.855225
vt 0.036377 0.860840
vt 0.041992 0.873535
vt 0.045166 0.896484
vt 0.045166 0.909912
vt 0.069824 0.907715
vt 0.048096 0.920410
vt 0.032715 0.930176
vt 0.026855 0.917480
vt 0.034668 0.895508
vt 0.031982 0.878906
vt 0.020752 0.909180
vt 0.018311 0.927979
vt 0.015137 0.896973
vt 0.003662 0.916992
vt 0.023438 0.870117
vt 0.006348 0.877197
vt 0.021240 0.856934
vt 0.000244 0.866455
vt 0.027832 0.848389
vt 0.020020 0.847168
vt 0.034668 0.831543
vt 0.024170 0.832031
vt 0.027832 0.837158
vt 0.069580 0.774414
vt 0.046143 0.775391
vt 0.067383 0.760742
vt 0.095215 0.775146
vt 0.098633 0.766602
vt 0.081299 0.752686
vt 0.067383 0.745117
vt 0.058350 0.735107
vt 0.087158 0.742188
vt 0.072266 0.736328
vt 0.106445 0.757324
vt 0.113037 0.755615
vt 0.121094 0.757080
vt 0.121338 0.745605
vt 0.110352 0.744385
vt 0.103760 0.745117
vt 0.095947 0.741699
vt 0.105225 0.739014
vt 0.125000 0.739014
vt 0.125000 0.762939
vt 0.117432 0.766846
vt 0.129639 0.757324
vt 0.134521 0.747559
vt 0.145508 0.739258
vt 0.145264 0.747559
vt 0.140381 0.757080
vt 0.151367 0.757568
vt 0.143555 0.761230
vt 0.133789 0.762695
vt 0.134277 0.769531
vt 0.213135 0.065674
vt 0.227783 0.042236
vt 0.224854 0.064941
vt 0.220703 0.038818
vt 0.208740 0.045410
vt 0.241455 0.050537
vt 0.243408 0.030029
vt 0.227783 0.026123
vt 0.220947 0.015869
vt 0.248779 0.000244
vt 0.244141 0.070068
vt 0.244385 0.008789
vt 0.265625 0.031006
vt 0.274658 0.009277
vt 0.259277 0.047363
vt 0.278564 0.018555
vt 0.285645 0.022705
vt 0.285400 0.031982
vt 0.298340 0.014648
vt 0.263672 0.052979
vt 0.280518 0.041260
vt 0.306641 0.032959
vt 0.296631 0.050537
vt 0.292725 0.056641
vt 0.276123 0.049805
vt 0.253418 0.066895
vt 0.272217 0.055420
vt 0.255859 0.073730
vt 0.261230 0.086670
vt 0.284424 0.055908
vt 0.291260 0.061523
vt 0.296875 0.060791
vt 0.280273 0.061523
vt 0.295410 0.068848
vt 0.275391 0.081055
vt 0.285889 0.083984
vt 0.297363 0.078613
vt 0.289307 0.089600
vt 0.289062 0.070557
vt 0.861816 0.027832
vt 0.842041 0.025146
vt 0.847168 0.016357
vt 0.834961 0.001953
vt 0.855957 0.009521
vt 0.866943 0.019531
vt 0.350342 0.128662
vt 0.366943 0.136475
vt 0.352051 0.141602
vt 0.335205 0.139404
vt 0.361816 0.149170
vt 0.343994 0.153809
vt 0.325195 0.152588
vt 0.310791 0.140137
vt 0.307129 0.153076
vt 0.331055 0.170898
vt 0.311768 0.166504
vt 0.293701 0.148438
vt 0.292725 0.156982
vt 0.289307 0.174072
vt 0.306641 0.181885
vt 0.295166 0.193848
vt 0.308105 0.201660
vt 0.320557 0.176025
vt 0.326416 0.189209
vt 0.349121 0.171143
vt 0.321045 0.205322
vt 0.305908 0.215820
vt 0.322510 0.222900
vt 0.335449 0.207031
vt 0.341553 0.189453
vt 0.345215 0.201660
vt 0.340332 0.224365
vt 0.327637 0.233154
vt 0.318115 0.235107
vt 0.336426 0.257812
vt 0.344727 0.254639
vt 0.353760 0.210693
vt 0.354736 0.189209
vt 0.362793 0.197998
vt 0.356689 0.220703
vt 0.365723 0.218018
vt 0.372070 0.206299
vt 0.370361 0.190430
vt 0.365967 0.177979
vt 0.386963 0.201416
vt 0.360840 0.165527
vt 0.376953 0.158447
vt 0.385254 0.180664
vt 0.379150 0.140869
vt 0.379150 0.128174
vt 0.390137 0.132080
vt 0.389404 0.147949
vt 0.394531 0.161377
vt 0.399414 0.177979
vt 0.402344 0.149658
vt 0.409668 0.167725
vt 0.408936 0.183350
vt 0.405518 0.136963
vt 0.401367 0.126221
vt 0.416992 0.158447
vt 0.415527 0.150146
vt 0.424561 0.136475
vt 0.424316 0.125977
vt 0.438232 0.149170
vt 0.441650 0.129639
vt 0.451660 0.134277
vt 0.460449 0.149170
vt 0.459961 0.130371
vt 0.468994 0.138672
vt 0.471680 0.142090
vt 0.443848 0.164795
vt 0.468750 0.169189
vt 0.475830 0.165771
vt 0.432861 0.163818
vt 0.421631 0.171631
vt 0.437988 0.172852
vt 0.431885 0.174561
vt 0.420410 0.179443
vt 0.442383 0.177979
vt 0.452393 0.173096
vt 0.479248 0.196777
vt 0.461914 0.194580
vt 0.451660 0.183105
vt 0.456055 0.197266
vt 0.458740 0.210205
vt 0.465088 0.219482
vt 0.451660 0.225586
vt 0.448730 0.216553
vt 0.443848 0.231689
vt 0.453125 0.229980
vt 0.446045 0.199463
vt 0.432861 0.235840
vt 0.449463 0.241211
vt 0.427979 0.221924
vt 0.438477 0.198242
vt 0.429932 0.190918
vt 0.407471 0.216064
vt 0.408691 0.188721
vt 0.410889 0.205078
vt 0.395020 0.198486
vt 0.387451 0.215576
vt 0.401367 0.224609
vt 0.385986 0.229492
vt 0.415039 0.231201
vt 0.405273 0.236572
vt 0.417236 0.246338
vt 0.427490 0.258545
vt 0.437012 0.252930
vt 0.415771 0.266602
vt 0.409180 0.254883
vt 0.394287 0.239746
vt 0.402344 0.277100
vt 0.408203 0.284668
vt 0.395752 0.285156
vt 0.402100 0.269287
vt 0.396484 0.276855
vt 0.386475 0.291016
vt 0.397705 0.307617
vt 0.365967 0.275391
vt 0.350342 0.279785
vt 0.401367 0.255859
vt 0.397217 0.264404
vt 0.382568 0.259766
vt 0.394531 0.256836
vt 0.387207 0.248291
vt 0.387695 0.234619
vt 0.373535 0.245361
vt 0.377197 0.234375
vt 0.364014 0.240234
vt 0.737305 0.986328
vt 0.767334 0.986328
vt 0.764648 0.993652
s 1
usemtl tripo_mat_630353cd-4d26-4185-8f00-0525d688dc1b
f 2017/1 1943/2 1710/3
f 1710/3 1943/2 1797/4
f 1797/4 1943/2 1952/5
f 1952/5 1943/2 2017/1
f 1710/3 1797/4 1594/6
f 1797/4 1952/5 1815/7
f 1797/4 1815/7 1594/6
f 1815/7 1952/5 1914/8
f 1594/6 1815/7 1717/9
f 1815/7 1914/8 1887/10
f 1815/7 1887/10 1717/9
f 1887/10 1914/8 1955/11
f 1955/11 1914/8 1952/5
f 1887/10 1955/11 1757/12
f 1887/10 1757/12 1717/9
f 1757/12 1955/11 1774/13
f 1757/12 1774/13 1613/14
f 1757/12 1613/14 56/15
f 1757/12 56/15 1717/9
f 1717/9 56/15 228/16
f 1955/11 1952/5 1991/17
f 1955/11 1991/17 1981/18
f 1981/18 1991/17 1972/19
f 1991/17 1952/5 2017/1
f 1717/9 228/16 1418/20
f 1717/9 1418/20 1594/6
f 1418/20 228/16 299/21
f 299/21 228/16 628/22
f 1418/20 299/21 1446/23
f 1418/20 1446/23 1594/6
f 1594/6 1446/23 1710/3
f 1990/24 1972/19 1991/17
f 1972/19 1990/24 1885/25
f 1990/24 1991/17 2021/26
f 2021/26 1991/17 2017/1
f 1885/25 1990/24 1894/27
f 1894/27 1990/24 2021/26
f 1885/25 1894/27 1805/28
f 298/29 1710/3 1446/23
f 298/29 1446/23 609/30
f 298/29 609/30 471/31
f 298/29 471/31 287/32
f 287/32 471/31 85/33
f 1710/3 298/29 41/34
f 41/34 298/29 287/32
f 1710/3 41/34 1558/35
f 41/34 287/32 23/36
f 23/36 287/32 85/33
f 41/34 23/36 1558/35
f 23/36 85/33 1564/37
f 23/36 1564/37 1558/35
f 1564/37 85/33 1424/38
f 1564/37 1424/38 1550/39
f 1710/3 1558/35 2017/1
f 1564/37 1550/39 1648/40
f 1564/37 1648/40 1558/35
f 1648/40 1550/39 1659/41
f 1648/40 1659/41 1805/28
f 1558/35 1648/40 1715/42
f 1558/35 1715/42 2017/1
f 1648/40 1805/28 1801/43
f 1648/40 1801/43 1715/42
f 1801/43 1805/28 1894/27
f 1715/42 1801/43 1904/44
f 1904/44 1801/43 1894/27
f 1715/42 1904/44 2017/1
f 1904/44 1894/27 2021/26
f 2017/1 1904/44 2024/45
f 2017/1 2024/45 2021/26
f 2021/26 2024/45 1904/44
f 1446/46 299/47 419/48
f 1446/46 419/48 609/49
f 419/48 299/47 555/50
f 609/49 419/48 764/51
f 764/51 419/48 555/50
f 555/50 299/47 503/52
f 503/52 299/47 628/53
f 555/50 503/52 787/54
f 787/54 503/52 628/53
f 609/49 764/51 744/55
f 609/49 744/55 471/56
f 764/51 555/50 783/57
f 783/57 555/50 787/54
f 85/58 471/56 605/59
f 605/59 471/56 644/60
f 644/60 471/56 744/55
f 644/60 744/55 816/61
f 1037/62 744/55 764/51
f 1037/62 764/51 783/57
f 816/61 744/55 925/63
f 925/63 744/55 1037/62
f 816/61 925/63 1214/64
f 925/63 1037/62 1078/65
f 1214/64 925/63 1193/66
f 1193/66 925/63 1078/65
f 1078/65 1037/62 1231/67
f 1078/65 1231/67 1193/66
f 1231/67 1037/62 783/57
f 1214/64 1193/66 1300/68
f 1300/68 1193/66 1231/67
f 1214/64 1300/68 1305/69
f 1300/68 1231/67 1352/70
f 1300/68 1352/70 1305/69
f 1305/69 1352/70 1383/71
f 1305/69 1383/71 1375/72
f 1352/70 1231/67 1363/73
f 1352/70 1363/73 1383/71
f 1363/73 1231/67 1403/74
f 1403/74 1231/67 783/57
f 1383/71 1363/73 1391/75
f 1391/75 1363/73 1403/74
f 1391/75 1403/74 1383/71
f 1393/76 1375/72 1383/71
f 1393/76 1383/71 1403/74
f 1375/72 1393/76 1388/77
f 1388/77 1393/76 1396/78
f 1396/78 1393/76 1403/74
f 1388/77 1396/78 1378/79
f 1388/77 1378/79 1374/80
f 1374/80 1378/79 1340/81
f 1378/79 1396/78 1382/82
f 1396/78 1403/74 1401/83
f 1396/78 1401/83 1382/82
f 1382/82 1401/83 1403/74
f 1378/79 1382/82 1368/84
f 1340/81 1378/79 1343/85
f 1343/85 1378/79 1368/84
f 1343/85 1368/84 1382/82
f 1382/82 1403/74 1348/86
f 1382/82 1348/86 1343/85
f 1340/81 1343/85 1217/87
f 1348/86 1403/74 1276/88
f 1348/86 1276/88 1343/85
f 1276/88 1403/74 1088/89
f 1088/89 1403/74 783/57
f 1343/85 1276/88 1288/90
f 1343/85 1288/90 1217/87
f 1276/88 1088/89 1177/91
f 1276/88 1177/91 1288/90
f 1217/87 1288/90 1171/92
f 1171/92 1288/90 1177/91
f 1217/87 1171/92 978/93
f 978/93 1171/92 1177/91
f 1217/87 978/93 1009/94
f 900/95 1088/89 783/57
f 900/95 783/57 918/96
f 900/95 918/96 1088/89
f 1088/89 918/96 1177/91
f 918/96 783/57 787/54
f 1177/91 918/96 897/97
f 1177/91 897/97 978/93
f 897/97 918/96 787/54
f 835/98 1009/94 978/93
f 835/98 978/93 897/97
f 835/98 897/97 787/54
f 1009/94 835/98 757/99
f 835/98 787/54 628/53
f 835/98 628/53 757/99
f 228/100 591/101 628/102
f 628/102 591/101 757/103
f 591/101 228/100 402/104
f 402/104 228/100 56/105
f 757/103 591/101 951/106
f 757/103 951/106 1009/107
f 591/101 402/104 689/108
f 402/104 56/105 261/109
f 951/106 591/101 817/110
f 817/110 591/101 689/108
f 689/108 402/104 601/111
f 601/111 402/104 261/109
f 817/110 689/108 737/112
f 689/108 601/111 685/113
f 689/108 685/113 737/112
f 685/113 601/111 660/114
f 685/113 660/114 737/112
f 601/111 261/109 488/115
f 601/111 488/115 620/116
f 601/111 620/116 660/114
f 488/115 261/109 344/117
f 620/116 488/115 541/118
f 541/118 488/115 344/117
f 660/114 620/116 662/119
f 662/119 620/116 541/118
f 344/117 261/109 242/120
f 660/114 662/119 713/121
f 541/118 344/117 362/122
f 362/122 344/117 242/120
f 541/118 362/122 458/123
f 660/114 713/121 739/124
f 660/114 739/124 737/112
f 739/124 713/121 746/125
f 746/125 713/121 662/119
f 737/112 739/124 778/126
f 458/123 362/122 527/127
f 541/118 458/123 643/128
f 643/128 458/123 527/127
f 541/118 643/128 662/119
f 643/128 527/127 558/129
f 527/127 362/122 303/130
f 303/130 362/122 242/120
f 662/119 643/128 667/131
f 667/131 643/128 558/129
f 303/130 242/120 208/132
f 208/132 242/120 169/133
f 303/130 208/132 28/134
f 28/134 208/132 169/133
f 303/130 28/134 1442/135
f 1442/135 28/134 1610/136
f 1610/136 28/134 1613/137
f 169/133 242/120 156/138
f 169/133 156/138 28/134
f 28/134 156/138 1613/137
f 156/138 242/120 261/109
f 1613/137 156/138 56/105
f 56/105 156/138 261/109
f 608/139 558/129 568/140
f 558/129 608/139 667/131
f 608/139 568/140 535/141
f 608/139 535/141 619/142
f 608/139 619/142 667/131
f 619/142 535/141 534/143
f 534/143 535/141 391/144
f 667/131 619/142 656/145
f 534/143 391/144 496/146
f 496/146 391/144 236/147
f 534/143 496/146 566/148
f 534/143 566/148 619/142
f 566/148 496/146 236/147
f 656/145 619/142 663/149
f 656/145 663/149 667/131
f 663/149 619/142 566/148
f 667/131 663/149 683/150
f 667/131 683/150 662/119
f 663/149 566/148 774/151
f 663/149 774/151 683/150
f 662/119 683/150 746/125
f 746/125 683/150 774/151
f 746/125 774/151 843/152
f 774/151 566/148 509/153
f 479/154 566/148 236/147
f 566/148 479/154 509/153
f 479/154 236/147 148/155
f 148/155 236/147 35/156
f 509/153 479/154 141/157
f 141/157 479/154 148/155
f 141/157 148/155 1424/158
f 1424/158 148/155 1505/159
f 1424/158 1505/159 1550/160
f 141/157 1424/158 85/161
f 141/157 85/161 605/162
f 141/157 605/162 509/153
f 509/153 605/162 801/163
f 509/153 801/163 774/151
f 801/163 605/162 644/164
f 774/151 801/163 843/152
f 801/163 644/164 840/165
f 840/165 644/164 816/166
f 840/165 816/166 1214/167
f 801/163 840/165 952/168
f 952/168 840/165 1214/167
f 843/152 801/163 982/169
f 982/169 801/163 952/168
f 952/168 1214/167 1265/170
f 952/168 1265/170 982/169
f 1265/170 1214/167 1305/171
f 1265/170 1305/171 1355/172
f 1355/172 1305/171 1375/173
f 1265/170 1355/172 1295/174
f 1265/170 1295/174 982/169
f 1355/172 1375/173 1222/175
f 1355/172 1222/175 1295/174
f 1222/175 1375/173 1388/176
f 1295/174 1222/175 1138/177
f 1295/174 1138/177 982/169
f 1222/175 1388/176 1202/178
f 1202/178 1388/176 1374/179
f 1138/177 1222/175 1077/180
f 1077/180 1222/175 1202/178
f 1202/178 1374/179 1145/181
f 1202/178 1145/181 1077/180
f 1145/181 1374/179 1301/182
f 1301/182 1374/179 1340/183
f 1301/182 1340/183 1227/184
f 1301/182 1227/184 1145/181
f 1227/184 1340/183 1217/185
f 1227/184 1217/185 1046/186
f 1227/184 1046/186 1145/181
f 1046/186 1217/185 1009/107
f 1046/186 1009/107 951/106
f 1145/181 1046/186 1007/187
f 1145/181 1007/187 1077/180
f 1007/187 1046/186 951/106
f 1007/187 951/106 991/188
f 1077/180 1007/187 1043/189
f 1043/189 1007/187 991/188
f 991/188 951/106 912/190
f 991/188 912/190 1043/189
f 912/190 951/106 846/191
f 846/191 951/106 817/110
f 912/190 846/191 922/192
f 922/192 846/191 817/110
f 912/190 922/192 1043/189
f 922/192 817/110 737/112
f 1117/193 1077/180 1043/189
f 1077/180 1117/193 1138/177
f 1043/189 922/192 988/194
f 1043/189 988/194 1117/193
f 1138/177 1117/193 1017/195
f 1017/195 1117/193 988/194
f 1138/177 1017/195 982/169
f 1017/195 988/194 924/196
f 924/196 988/194 922/192
f 1017/195 924/196 982/169
f 855/197 922/192 737/112
f 922/192 855/197 924/196
f 855/197 737/112 778/126
f 982/169 924/196 930/198
f 930/198 924/196 855/197
f 982/169 930/198 843/152
f 855/197 778/126 829/199
f 855/197 829/199 930/198
f 930/198 829/199 843/152
f 829/199 778/126 739/124
f 843/152 829/199 746/125
f 746/125 829/199 739/124
f 1955/200 1981/201 1774/202
f 1610/203 1613/204 1774/202
f 1610/203 1774/202 1442/205
f 1774/202 1981/201 1794/206
f 1794/206 1981/201 1972/207
f 1794/206 1972/207 1750/208
f 1750/208 1972/207 1885/209
f 1750/208 1885/209 1805/210
f 1750/208 1805/210 1659/211
f 1794/206 1750/208 1713/212
f 1774/202 1794/206 1826/213
f 1826/213 1794/206 1713/212
f 1713/212 1750/208 1590/214
f 1590/214 1750/208 1659/211
f 1713/212 1590/214 1826/213
f 1590/214 1659/211 1505/215
f 1505/215 1659/211 1550/216
f 1590/214 1505/215 1606/217
f 1590/214 1606/217 1826/213
f 148/218 35/219 1505/215
f 1505/215 35/219 106/220
f 1505/215 106/220 1606/217
f 106/220 35/219 236/221
f 106/220 236/221 391/222
f 1812/223 1774/202 1826/213
f 1774/202 1812/223 1442/205
f 1747/224 1826/213 1606/217
f 1606/217 106/220 6/225
f 1606/217 6/225 1747/224
f 106/220 391/222 411/226
f 106/220 411/226 6/225
f 411/226 391/222 569/227
f 569/227 391/222 535/228
f 569/227 535/228 568/229
f 569/227 568/229 558/230
f 411/226 569/227 390/231
f 390/231 569/227 504/232
f 6/225 411/226 158/233
f 158/233 411/226 390/231
f 390/231 504/232 407/234
f 390/231 407/234 158/233
f 407/234 504/232 514/235
f 407/234 514/235 425/236
f 407/234 425/236 158/233
f 425/236 514/235 547/237
f 6/225 158/233 1468/238
f 6/225 1468/238 1747/224
f 158/233 425/236 130/239
f 425/236 547/237 426/240
f 425/236 426/240 130/239
f 426/240 547/237 549/241
f 426/240 549/241 420/242
f 426/240 420/242 131/243
f 426/240 131/243 130/239
f 131/243 420/242 137/244
f 131/243 137/244 1569/245
f 131/243 1569/245 130/239
f 1498/246 158/233 130/239
f 158/233 1498/246 1468/238
f 1468/238 1498/246 1722/247
f 1468/238 1722/247 1747/224
f 1498/246 130/239 1571/248
f 1571/248 130/239 1586/249
f 1586/249 130/239 1569/245
f 1498/246 1571/248 1762/250
f 1498/246 1762/250 1722/247
f 1571/248 1586/249 1845/251
f 1571/248 1845/251 1762/250
f 1845/251 1586/249 1569/245
f 1722/247 1762/250 1897/252
f 1897/252 1762/250 1845/251
f 1899/253 1747/224 1722/247
f 1747/224 1899/253 1826/213
f 1826/213 1899/253 1812/223
f 1899/253 1722/247 1823/254
f 1823/254 1722/247 1897/252
f 1812/223 1899/253 1817/255
f 1817/255 1899/253 1823/254
f 1812/223 1817/255 1442/205
f 1817/255 1823/254 1729/256
f 1729/256 1823/254 1897/252
f 1442/205 1817/255 1417/257
f 1417/257 1817/255 1729/256
f 1729/256 1897/252 1820/258
f 1729/256 1820/258 1547/259
f 1729/256 1547/259 1417/257
f 1820/258 1897/252 1851/260
f 1442/205 1417/257 333/261
f 1442/205 333/261 303/262
f 303/262 333/261 527/263
f 1547/259 1820/258 1642/264
f 1642/264 1820/258 1851/260
f 1417/257 1547/259 62/265
f 62/265 1547/259 1642/264
f 333/261 1417/257 274/266
f 274/266 1417/257 62/265
f 527/263 333/261 526/267
f 526/267 333/261 274/266
f 527/263 526/267 569/268
f 527/263 569/268 558/269
f 569/268 526/267 504/270
f 504/270 526/267 475/271
f 475/271 526/267 274/266
f 504/270 475/271 514/272
f 244/273 274/266 62/265
f 274/266 244/273 475/271
f 19/274 62/265 1642/264
f 62/265 19/274 244/273
f 514/272 475/271 530/275
f 530/275 475/271 244/273
f 514/272 530/275 547/276
f 19/274 1642/264 2/277
f 19/274 2/277 244/273
f 2/277 1642/264 1662/278
f 1662/278 1642/264 1851/260
f 244/273 2/277 14/279
f 14/279 2/277 1662/278
f 530/275 244/273 320/280
f 320/280 244/273 14/279
f 587/281 547/276 530/275
f 587/281 530/275 320/280
f 547/276 587/281 549/282
f 587/281 320/280 336/283
f 336/283 320/280 14/279
f 549/282 587/281 581/284
f 581/284 587/281 336/283
f 549/282 581/284 572/285
f 336/283 14/279 65/286
f 581/284 336/283 546/287
f 581/284 546/287 572/285
f 572/285 546/287 559/288
f 65/286 14/279 1595/289
f 1595/289 14/279 1643/290
f 1643/290 14/279 1662/278
f 1595/289 1643/290 1782/291
f 1643/290 1662/278 1834/292
f 1643/290 1834/292 1782/291
f 1834/292 1662/278 1868/293
f 1868/293 1662/278 1851/260
f 1782/291 1834/292 1830/294
f 1782/291 1830/294 1755/295
f 1834/292 1868/293 1907/296
f 1834/292 1907/296 1830/294
f 1868/293 1851/260 1938/297
f 1938/297 1851/260 1897/252
f 1938/297 1897/252 1845/251
f 1868/293 1938/297 1947/298
f 1868/293 1947/298 1907/296
f 1938/297 1845/251 1853/299
f 1938/297 1853/299 1947/298
f 1853/299 1845/251 1569/245
f 1907/296 1947/298 1790/300
f 1790/300 1947/298 1853/299
f 1853/299 1569/245 1540/301
f 1853/299 1540/301 1790/300
f 1540/301 1569/245 137/244
f 1540/301 137/244 1546/302
f 1540/301 1546/302 1790/300
f 1907/296 1790/300 1736/303
f 1736/303 1790/300 1546/302
f 1907/296 1736/303 1830/294
f 1830/294 1736/303 1819/304
f 1736/303 1546/302 1702/305
f 1702/305 1546/302 1521/306
f 1755/307 1595/308 1782/309
f 1819/310 1755/307 1830/311
f 1595/308 1755/307 1565/312
f 1755/307 1819/310 1780/313
f 1702/314 1819/310 1736/315
f 1819/310 1702/314 1780/313
f 1755/307 1780/313 1731/316
f 1755/307 1731/316 1565/312
f 1780/313 1702/314 2028/317
f 1731/316 1780/313 2087/318
f 2087/318 1780/313 2028/317
f 1731/316 2087/318 1960/319
f 1731/316 1960/319 1565/312
f 1960/319 2087/318 2218/320
f 2087/318 2028/317 2092/321
f 2087/318 2092/321 2218/320
f 1703/322 2028/317 1702/314
f 1703/322 1702/314 1521/323
f 2092/321 2028/317 2200/324
f 2092/321 2200/324 2218/320
f 2028/317 1703/322 2166/325
f 2028/317 2166/325 2200/324
f 2200/324 2166/325 2274/326
f 2200/324 2274/326 2218/320
f 2166/325 1703/322 2009/327
f 2166/325 2009/327 2173/328
f 2166/325 2173/328 2274/326
f 2009/327 1703/322 1725/329
f 1725/329 1703/322 1431/330
f 1725/329 1431/330 165/331
f 2009/327 1725/329 2127/332
f 2009/327 2127/332 2173/328
f 1725/329 165/331 1696/333
f 1725/329 1696/333 2127/332
f 1696/333 165/331 45/334
f 45/334 165/331 110/335
f 45/334 110/335 1467/336
f 1467/336 110/335 1465/337
f 1467/336 1465/337 1508/338
f 45/334 1467/336 1562/339
f 45/334 1562/339 1696/333
f 1467/336 1508/338 1518/340
f 1467/336 1518/340 1562/339
f 1518/340 1508/338 1507/341
f 1507/341 1508/338 1512/342
f 1518/340 1507/341 1520/343
f 1696/333 1562/339 1685/344
f 1562/339 1518/340 1577/345
f 1577/345 1518/340 1520/343
f 1562/339 1577/345 1685/344
f 1520/343 1507/341 1513/346
f 1513/346 1507/341 1515/347
f 1520/343 1513/346 1577/345
f 1577/345 1513/346 1603/348
f 1603/348 1513/346 1673/349
f 1577/345 1603/348 1761/350
f 1696/333 1685/344 2127/332
f 1816/351 1685/344 1577/345
f 1816/351 1577/345 1761/350
f 1685/344 1816/351 2148/352
f 1685/344 2148/352 2127/332
f 1816/351 1761/350 2141/353
f 1816/351 2141/353 2148/352
f 2141/353 1761/350 2085/354
f 2141/353 2085/354 2254/355
f 2141/353 2254/355 2279/356
f 2279/356 2254/355 2321/357
f 2148/352 2141/353 2159/358
f 2159/358 2141/353 2279/356
f 2148/352 2159/358 2227/359
f 2227/359 2159/358 2279/356
f 2148/352 2227/359 2272/360
f 2272/360 2227/359 2279/356
f 2279/356 2321/357 2322/361
f 2322/361 2321/357 2303/362
f 2279/356 2322/361 2273/363
f 2279/356 2273/363 2272/360
f 2273/363 2322/361 2265/364
f 2273/363 2265/364 2272/360
f 2265/364 2322/361 2284/365
f 2265/364 2284/365 2178/366
f 2265/364 2178/366 2186/367
f 2265/364 2186/367 2272/360
f 2186/367 2178/366 1631/368
f 2186/367 1631/368 1764/369
f 2272/360 2186/367 2241/370
f 2241/370 2186/367 1764/369
f 1764/369 1631/368 1455/371
f 2272/360 2241/370 2260/372
f 2272/360 2260/372 2148/352
f 1455/371 1631/368 430/373
f 1764/369 1455/371 234/374
f 234/374 1455/371 430/373
f 2148/352 2260/372 2259/375
f 2148/352 2259/375 2127/332
f 2260/372 2241/370 2248/376
f 2260/372 2248/376 2259/375
f 2142/377 2241/370 1764/369
f 2241/370 2142/377 2248/376
f 2142/377 1764/369 1734/378
f 1734/378 1764/369 234/374
f 2248/376 2142/377 2280/379
f 2248/376 2280/379 2259/375
f 2142/377 1734/378 2183/380
f 2142/377 2183/380 2280/379
f 1734/378 234/374 232/381
f 2224/382 2127/332 2259/375
f 2127/332 2224/382 2229/383
f 2229/383 2224/382 2259/375
f 2127/332 2229/383 2173/328
f 2173/328 2229/383 2274/326
f 2229/383 2259/375 2285/384
f 2229/383 2285/384 2274/326
f 2285/384 2259/375 2280/379
f 2274/326 2285/384 2271/385
f 2271/385 2285/384 2280/379
f 2274/326 2271/385 2218/320
f 2271/385 2280/379 2171/386
f 2171/386 2280/379 2183/380
f 2218/320 2271/385 2111/387
f 2111/387 2271/385 2171/386
f 2218/320 2111/387 1960/319
f 2171/386 2183/380 1700/388
f 1700/388 2183/380 1734/378
f 2111/387 2171/386 1667/389
f 1667/389 2171/386 1700/388
f 1960/319 2111/387 1612/390
f 1612/390 2111/387 1667/389
f 1960/319 1612/390 1565/312
f 1700/388 1734/378 280/391
f 1700/388 280/391 1667/389
f 280/391 1734/378 232/381
f 1612/390 1667/389 180/392
f 180/392 1667/389 280/391
f 1612/390 180/392 1565/312
f 1565/312 180/392 97/393
f 1565/312 97/393 1595/308
f 1595/308 97/393 65/394
f 65/394 97/393 336/395
f 336/395 97/393 330/396
f 330/396 97/393 180/392
f 336/395 330/396 546/397
f 546/397 330/396 559/398
f 330/396 180/392 629/399
f 629/399 180/392 280/391
f 559/398 330/396 682/400
f 682/400 330/396 629/399
f 559/398 682/400 738/401
f 559/398 738/401 583/402
f 559/398 583/402 572/403
f 583/402 738/401 700/404
f 583/402 700/404 453/405
f 738/401 682/400 888/406
f 888/406 682/400 629/399
f 743/407 629/399 280/391
f 629/399 743/407 888/406
f 743/407 280/391 232/381
f 743/407 232/381 472/408
f 472/408 232/381 234/374
f 888/406 743/407 740/409
f 740/409 743/407 472/408
f 472/408 234/374 525/410
f 472/408 525/410 740/409
f 525/410 234/374 430/373
f 525/410 430/373 687/411
f 525/410 687/411 740/409
f 687/411 430/373 798/412
f 740/409 687/411 730/413
f 730/413 687/411 798/412
f 887/414 888/406 740/409
f 887/414 740/409 730/413
f 730/413 798/412 839/415
f 730/413 839/415 887/414
f 839/415 798/412 812/416
f 839/415 812/416 861/417
f 839/415 861/417 887/414
f 861/417 812/416 904/418
f 908/419 888/406 887/414
f 908/419 887/414 861/417
f 888/406 908/419 894/420
f 894/420 908/419 824/421
f 824/421 908/419 861/417
f 894/420 824/421 759/422
f 824/421 861/417 792/423
f 792/423 861/417 720/424
f 792/423 720/424 824/421
f 720/424 861/417 904/418
f 824/421 720/424 759/422
f 720/424 904/418 754/425
f 754/425 904/418 841/426
f 759/422 720/424 418/427
f 418/427 720/424 754/425
f 754/425 841/426 585/428
f 585/428 841/426 719/429
f 585/428 719/429 707/430
f 754/425 585/428 497/431
f 754/425 497/431 409/432
f 754/425 409/432 418/427
f 409/432 497/431 444/433
f 418/427 409/432 348/434
f 409/432 444/433 255/435
f 255/435 444/433 249/436
f 255/435 249/436 110/437
f 110/437 249/436 154/438
f 255/435 110/437 165/439
f 255/435 165/439 409/432
f 409/432 165/439 348/434
f 418/427 348/434 359/440
f 359/440 348/434 165/439
f 418/427 359/440 759/422
f 359/440 165/439 1431/441
f 759/422 359/440 339/442
f 339/442 359/440 1431/441
f 1521/443 1546/444 146/445
f 146/445 1546/444 137/446
f 1521/443 146/445 178/447
f 1521/443 178/447 1703/448
f 146/445 137/446 431/449
f 146/445 431/449 178/447
f 431/449 137/446 420/450
f 431/449 420/450 549/451
f 431/449 549/451 572/452
f 431/449 572/452 583/453
f 1703/448 178/447 339/454
f 178/447 431/449 434/455
f 178/447 434/455 339/454
f 431/449 583/453 453/456
f 431/449 453/456 434/455
f 434/455 453/456 339/454
f 339/454 453/456 722/457
f 339/454 722/457 759/458
f 722/457 453/456 700/459
f 759/458 722/457 894/460
f 894/460 722/457 700/459
f 894/460 700/459 738/461
f 894/460 738/461 888/462
f 1431/463 1703/464 339/465
f 1893/466 1953/467 1791/468
f 1791/468 1953/467 1926/469
f 1893/466 1791/468 1708/470
f 1893/466 1708/470 1688/471
f 1791/468 1926/469 1535/472
f 1708/470 1791/468 1479/473
f 1479/473 1791/468 1535/472
f 1708/470 1479/473 1444/474
f 1708/470 1444/474 1553/475
f 1444/474 1479/473 52/476
f 1479/473 1535/472 92/477
f 92/477 1535/472 1926/469
f 92/477 1926/469 1863/478
f 92/477 1863/478 1482/479
f 1482/479 1863/478 1639/480
f 92/477 1482/479 136/481
f 92/477 136/481 257/482
f 1482/479 1639/480 1534/483
f 1534/483 1639/480 1626/484
f 1482/479 1534/483 1428/485
f 1482/479 1428/485 136/481
f 1534/483 1626/484 1582/486
f 1428/485 1534/483 1488/487
f 1488/487 1534/483 1582/486
f 1582/486 1626/484 1585/488
f 1582/486 1585/488 1488/487
f 1585/488 1626/484 1656/489
f 1488/487 1585/488 1527/490
f 1527/490 1585/488 1656/489
f 1615/491 1656/489 1655/492
f 1656/489 1615/491 1527/490
f 1527/490 1615/491 1549/493
f 1527/490 1549/493 1448/494
f 1448/494 1549/493 17/495
f 1527/490 1448/494 11/496
f 1527/490 11/496 1488/487
f 11/496 1448/494 17/495
f 1488/487 11/496 1430/497
f 1488/487 1430/497 1428/485
f 11/496 17/495 127/498
f 1430/497 11/496 123/499
f 123/499 11/496 127/498
f 1430/497 123/499 122/500
f 1428/485 1430/497 114/501
f 114/501 1430/497 122/500
f 1428/485 114/501 136/481
f 122/500 123/499 256/502
f 256/502 123/499 127/498
f 122/500 256/502 114/501
f 136/481 114/501 237/503
f 237/503 114/501 256/502
f 136/481 237/503 281/504
f 136/481 281/504 257/482
f 237/503 256/502 305/505
f 237/503 305/505 281/504
f 257/482 281/504 323/506
f 323/506 281/504 305/505
f 257/482 323/506 354/507
f 354/507 323/506 349/508
f 323/506 305/505 327/509
f 327/509 305/505 256/502
f 349/508 323/506 324/510
f 324/510 323/506 327/509
f 349/508 324/510 302/511
f 324/510 327/509 278/512
f 324/510 278/512 302/511
f 327/509 256/502 245/513
f 327/509 245/513 278/512
f 245/513 256/502 127/498
f 302/511 278/512 233/514
f 302/511 233/514 153/515
f 278/512 245/513 120/516
f 120/516 245/513 127/498
f 120/516 127/498 17/495
f 120/516 17/495 1425/517
f 153/515 233/514 118/518
f 118/518 233/514 278/512
f 118/518 278/512 120/516
f 118/518 120/516 1425/517
f 153/515 118/518 1437/519
f 1437/519 118/518 1425/517
f 52/520 71/521 189/522
f 71/521 52/520 1479/523
f 52/520 189/522 243/524
f 71/521 1479/523 92/525
f 243/524 189/522 240/526
f 71/521 92/525 197/527
f 71/521 197/527 189/522
f 197/527 92/525 257/528
f 189/522 197/527 212/529
f 189/522 212/529 240/526
f 212/529 197/527 257/528
f 240/526 212/529 345/530
f 345/530 212/529 257/528
f 240/526 345/530 387/531
f 387/531 345/530 449/532
f 345/530 257/528 416/533
f 345/530 416/533 449/532
f 416/533 257/528 354/534
f 449/532 416/533 507/535
f 507/535 416/533 354/534
f 507/535 354/534 399/536
f 399/536 354/534 349/537
f 217/538 52/539 175/540
f 52/539 217/538 1444/541
f 175/540 52/539 243/542
f 175/540 243/542 217/538
f 1444/541 217/538 144/543
f 144/543 217/538 288/544
f 144/543 288/544 225/545
f 288/544 217/538 473/546
f 225/545 288/544 397/547
f 397/547 288/544 473/546
f 225/545 397/547 284/548
f 284/548 397/547 451/549
f 451/549 397/547 473/546
f 284/548 451/549 399/550
f 399/550 451/549 540/551
f 540/551 451/549 473/546
f 399/550 540/551 507/552
f 415/553 473/546 217/538
f 415/553 217/538 243/542
f 540/551 473/546 521/554
f 521/554 473/546 415/553
f 507/552 540/551 528/555
f 528/555 540/551 521/554
f 507/552 528/555 449/556
f 528/555 521/554 483/557
f 528/555 483/557 449/556
f 483/557 521/554 415/553
f 449/556 483/557 387/558
f 369/559 415/553 243/542
f 415/553 369/559 483/557
f 483/557 369/559 387/558
f 369/559 243/542 240/560
f 369/559 240/560 387/558
f 1806/561 1598/562 1536/563
f 1536/563 1598/562 43/564
f 1536/563 43/564 83/565
f 1536/563 83/565 1524/566
f 1536/563 1524/566 1744/567
f 1536/563 1744/567 1806/561
f 1524/566 83/565 50/568
f 1524/566 50/568 1744/567
f 50/568 83/565 495/569
f 1744/567 50/568 1720/570
f 1744/567 1720/570 1910/571
f 1910/571 1720/570 1951/572
f 1951/572 1720/570 1789/573
f 1951/572 1789/573 2149/574
f 1910/571 1951/572 2039/575
f 1910/571 2039/575 1744/567
f 1951/572 2149/574 2091/576
f 1951/572 2091/576 2039/575
f 2091/576 2149/574 2181/577
f 2091/576 2181/577 2175/578
f 2091/576 2175/578 2170/579
f 2091/576 2170/579 2039/575
f 1744/567 2039/575 1915/580
f 1744/567 1915/580 1806/561
f 2039/575 2170/579 2115/581
f 2115/581 2170/579 2155/582
f 1915/580 2039/575 2058/583
f 2058/583 2039/575 2115/581
f 2115/581 2155/582 2132/584
f 2115/581 2132/584 2058/583
f 2132/584 2155/582 2114/585
f 1976/586 1806/561 1915/580
f 1976/586 1915/580 2058/583
f 2058/583 2132/584 2078/587
f 2058/583 2078/587 1976/586
f 2132/584 2114/585 2116/588
f 2116/588 2114/585 2080/589
f 1806/561 1976/586 1917/590
f 1917/590 1976/586 2078/587
f 2116/588 2080/589 2134/591
f 2132/584 2116/588 2129/592
f 2132/584 2129/592 2078/587
f 2129/592 2116/588 2134/591
f 2078/587 2129/592 2135/593
f 2135/593 2129/592 2134/591
f 1806/561 1917/590 1598/562
f 1917/590 2078/587 2086/594
f 2086/594 2078/587 2135/593
f 2135/593 2134/591 1963/595
f 1963/595 2134/591 1854/596
f 2086/594 2135/593 1989/597
f 1917/590 2086/594 1934/598
f 1934/598 2086/594 1989/597
f 1917/590 1934/598 1784/599
f 1934/598 1989/597 1937/600
f 1934/598 1937/600 1784/599
f 1937/600 1989/597 2016/601
f 1917/590 1784/599 1601/602
f 1917/590 1601/602 1598/562
f 1601/602 1784/599 1724/603
f 1601/602 1724/603 1560/604
f 1601/602 1560/604 1447/605
f 1601/602 1447/605 1598/562
f 2016/601 1989/597 2027/606
f 2027/606 1989/597 2135/593
f 2016/601 2027/606 2036/607
f 2027/606 2135/593 1963/595
f 2036/607 2027/606 2003/608
f 2003/608 2027/606 1963/595
f 2003/608 1963/595 1949/609
f 177/610 1598/562 1447/605
f 177/610 1447/605 285/611
f 1598/562 177/610 43/564
f 177/610 285/611 394/612
f 1949/609 1963/595 1765/613
f 43/564 177/610 262/614
f 262/614 177/610 394/612
f 43/564 262/614 83/565
f 1949/609 1765/613 1836/615
f 1836/615 1765/613 1693/616
f 1765/613 1963/595 1854/596
f 1693/616 1765/613 1622/617
f 1622/617 1765/613 1854/596
f 1622/617 1854/596 1457/618
f 83/565 262/614 309/619
f 309/619 262/614 394/612
f 309/619 394/612 490/620
f 309/619 490/620 557/621
f 83/565 309/619 495/569
f 309/619 557/621 649/622
f 309/619 649/622 477/623
f 477/623 649/622 762/624
f 495/569 309/619 706/625
f 706/625 309/619 477/623
f 706/625 477/623 762/624
f 495/569 706/625 579/626
f 706/625 762/624 852/627
f 706/625 852/627 579/626
f 1631/628 404/629 430/630
f 404/629 1631/628 1552/631
f 1552/631 1631/628 2178/632
f 1552/631 2178/632 1464/633
f 1552/631 1464/633 404/629
f 430/630 404/629 512/634
f 430/630 512/634 798/635
f 512/634 404/629 675/636
f 798/635 512/634 712/637
f 712/637 512/634 675/636
f 675/636 404/629 634/638
f 634/638 404/629 1464/633
f 712/637 675/636 811/639
f 798/635 712/637 876/640
f 712/637 811/639 828/641
f 712/637 828/641 876/640
f 798/635 876/640 812/642
f 828/641 811/639 916/643
f 828/641 916/643 876/640
f 811/639 675/636 883/644
f 883/644 675/636 634/638
f 811/639 883/644 916/643
f 883/644 634/638 831/645
f 812/642 876/640 993/646
f 993/646 876/640 916/643
f 916/643 883/644 958/647
f 958/647 883/644 831/645
f 993/646 916/643 965/648
f 965/648 916/643 958/647
f 812/642 993/646 969/649
f 812/642 969/649 904/650
f 904/650 969/649 841/651
f 969/649 993/646 1071/652
f 1071/652 993/646 965/648
f 841/651 969/649 1032/653
f 1032/653 969/649 1071/652
f 841/651 1032/653 719/654
f 1071/652 965/648 1097/655
f 1071/652 1097/655 1123/656
f 1071/652 1123/656 1032/653
f 1097/655 965/648 1103/657
f 1123/656 1097/655 1130/658
f 1130/658 1097/655 1103/657
f 719/654 1032/653 939/659
f 719/654 939/659 707/660
f 1032/653 1123/656 1086/661
f 1123/656 1130/658 1149/662
f 1123/656 1149/662 1086/661
f 1032/653 1086/661 980/663
f 1032/653 980/663 939/659
f 1086/661 1149/662 1089/664
f 1086/661 1089/664 980/663
f 1149/662 1130/658 1150/665
f 1150/665 1130/658 1103/657
f 1089/664 1149/662 1105/666
f 1105/666 1149/662 1150/665
f 980/663 1089/664 1006/667
f 980/663 1006/667 939/659
f 1089/664 1105/666 1091/668
f 1089/664 1091/668 1006/667
f 1091/668 1105/666 1150/665
f 939/659 1006/667 1035/669
f 939/659 1035/669 707/660
f 1006/667 1091/668 1073/670
f 1073/670 1091/668 1150/665
f 1006/667 1073/670 1035/669
f 847/671 748/672 707/660
f 847/671 707/660 1035/669
f 847/671 1035/669 968/673
f 968/673 1035/669 1069/674
f 1035/669 1073/670 1124/675
f 1035/669 1124/675 1069/674
f 1124/675 1073/670 1150/665
f 1069/674 1124/675 1093/676
f 1093/676 1124/675 1150/665
f 1069/674 1093/676 966/677
f 1093/676 1150/665 1103/657
f 966/677 1093/676 1067/678
f 1067/678 1093/676 1103/657
f 966/677 1067/678 1011/679
f 966/677 1011/679 963/680
f 1011/679 1067/678 1064/681
f 1011/679 1064/681 963/680
f 1067/678 1103/657 1118/682
f 1067/678 1118/682 1064/681
f 963/680 1064/681 1031/683
f 963/680 1031/683 948/684
f 948/684 1031/683 986/685
f 948/684 986/685 999/686
f 986/685 1031/683 1068/687
f 986/685 1068/687 1072/688
f 1068/687 1031/683 1100/689
f 1068/687 1100/689 1072/688
f 1100/689 1031/683 1064/681
f 1072/688 1100/689 1224/690
f 1100/689 1064/681 1139/691
f 1139/691 1064/681 1118/682
f 1100/689 1139/691 1183/692
f 1100/689 1183/692 1224/690
f 1183/692 1139/691 1118/682
f 1224/690 1183/692 1098/693
f 1183/692 1118/682 1144/694
f 1183/692 1144/694 1098/693
f 1224/690 1098/693 1076/695
f 1144/694 1118/682 1062/696
f 1144/694 1062/696 1098/693
f 1062/696 1118/682 1103/657
f 1076/695 1098/693 1070/697
f 1076/695 1070/697 990/698
f 1070/697 1098/693 1030/699
f 1030/699 1098/693 1062/696
f 1070/697 1030/699 990/698
f 1062/696 1103/657 970/700
f 1062/696 970/700 1030/699
f 970/700 1103/657 965/648
f 990/698 1030/699 947/701
f 947/701 1030/699 970/700
f 990/698 947/701 996/702
f 970/700 965/648 958/647
f 970/700 958/647 947/701
f 947/701 958/647 859/703
f 859/703 958/647 747/704
f 747/704 958/647 831/645
f 747/704 831/645 634/638
f 859/703 747/704 579/705
f 579/705 747/704 634/638
f 859/703 579/705 852/706
f 579/705 634/638 1464/633
f 50/707 495/708 579/705
f 50/707 579/705 1789/709
f 1789/709 579/705 1464/633
f 50/707 1789/709 1720/710
f 1789/709 1464/633 2068/711
f 1789/709 2068/711 2149/712
f 2068/711 1464/633 2178/632
f 2149/712 2068/711 2213/713
f 2213/713 2068/711 2178/632
f 2213/713 2178/632 2284/714
f 2213/713 2284/714 2287/715
f 2287/715 2284/714 2322/716
f 2213/713 2287/715 2251/717
f 2287/715 2322/716 2303/718
f 2287/715 2303/718 2251/717
f 1553/719 1688/720 1708/721
f 1893/722 1688/720 1844/723
f 1844/723 1688/720 1862/724
f 2029/725 1844/723 1956/726
f 1956/726 1844/723 1862/724
f 1862/724 1688/720 1752/727
f 1961/728 2056/729 1956/726
f 1956/726 1862/724 1950/730
f 1961/728 1956/726 1942/731
f 1942/731 1956/726 1950/730
f 1752/727 1688/720 1624/732
f 1624/732 1688/720 1553/719
f 1862/724 1752/727 1891/733
f 1862/724 1891/733 1950/730
f 1752/727 1624/732 1788/734
f 1752/727 1788/734 1891/733
f 1624/732 1553/719 1600/735
f 1624/732 1600/735 1788/734
f 1950/730 1891/733 1913/736
f 1913/736 1891/733 1788/734
f 1788/734 1600/735 1724/737
f 1788/734 1724/737 1784/738
f 1788/734 1784/738 1937/739
f 1788/734 1937/739 1913/736
f 1724/737 1600/735 1560/740
f 1913/736 1937/739 1984/741
f 1913/736 1984/741 1950/730
f 1984/741 1937/739 2016/742
f 1950/730 1984/741 2013/743
f 2013/743 1984/741 2016/742
f 1950/730 2013/743 1942/731
f 1560/740 1600/735 1486/744
f 1486/744 1600/735 1553/719
f 1440/745 1447/746 1560/740
f 1486/744 1553/719 18/747
f 1560/740 1486/744 1432/748
f 1560/740 1432/748 1440/745
f 1432/748 1486/744 18/747
f 18/747 1553/719 1444/749
f 18/747 1444/749 144/750
f 18/747 144/750 149/751
f 18/747 149/751 1432/748
f 149/751 144/750 225/752
f 149/751 225/752 284/753
f 149/751 284/753 235/754
f 235/754 284/753 215/755
f 1432/748 149/751 94/756
f 149/751 235/754 219/757
f 219/757 235/754 215/755
f 94/756 149/751 259/758
f 259/758 149/751 219/757
f 1432/748 94/756 132/759
f 132/759 94/756 259/758
f 1432/748 132/759 1440/745
f 1440/745 132/759 143/760
f 143/760 132/759 239/761
f 239/761 132/759 259/758
f 143/760 239/761 209/762
f 239/761 259/758 266/763
f 239/761 266/763 209/762
f 266/763 259/758 219/757
f 209/762 266/763 172/764
f 266/763 219/757 198/765
f 198/765 219/757 215/755
f 172/764 266/763 139/766
f 139/766 266/763 198/765
f 172/764 139/766 81/767
f 81/767 139/766 21/768
f 81/767 21/768 1460/769
f 139/766 198/765 125/770
f 125/770 198/765 215/755
f 139/766 125/770 21/768
f 125/770 215/755 135/771
f 21/768 125/770 75/772
f 75/772 125/770 135/771
f 2012/773 2013/743 2016/742
f 2012/773 2016/742 2036/774
f 2012/773 2036/774 2003/775
f 2013/743 2012/773 2001/776
f 2013/743 2001/776 1942/731
f 2012/773 2003/775 1966/777
f 2012/773 1966/777 2001/776
f 1966/777 2003/775 1949/778
f 1942/731 2001/776 1880/779
f 1880/779 2001/776 1966/777
f 1966/777 1949/778 1864/780
f 1966/777 1864/780 1880/779
f 1864/780 1949/778 1836/781
f 1942/731 1880/779 1930/782
f 1942/731 1930/782 1961/728
f 1961/728 1930/782 2000/783
f 2000/783 1930/782 1839/784
f 1839/784 1930/782 1880/779
f 1864/780 1836/781 1707/785
f 1707/785 1836/781 1693/786
f 1775/787 1880/779 1864/780
f 1880/779 1775/787 1839/784
f 1864/780 1707/785 1676/788
f 1864/780 1676/788 1775/787
f 1707/785 1693/786 1614/789
f 1707/785 1614/789 1676/788
f 1614/789 1693/786 1563/790
f 1839/784 1775/787 1618/791
f 1618/791 1775/787 1676/788
f 1839/784 1618/791 1634/792
f 1839/784 1634/792 1838/793
f 1634/792 1618/791 1494/794
f 1618/791 1676/788 1539/795
f 1618/791 1539/795 1494/794
f 1539/795 1676/788 1614/789
f 1494/794 1539/795 1439/796
f 1439/796 1539/795 75/797
f 75/797 1539/795 21/798
f 1539/795 1614/789 1510/799
f 1539/795 1510/799 21/798
f 1510/799 1614/789 1563/790
f 21/798 1510/799 1460/800
f 1460/800 1510/799 1563/790
f 1992/801 2057/802 1916/803
f 2057/802 1992/801 2063/804
f 2063/804 1992/801 2034/805
f 2057/802 2063/804 2094/806
f 2094/806 2063/804 2075/807
f 2075/807 2063/804 2034/805
f 2057/802 2094/806 2096/808
f 2094/806 2075/807 2109/809
f 2094/806 2109/809 2096/808
f 2057/802 2096/808 2040/810
f 2057/802 2040/810 1916/803
f 1877/811 1992/801 1916/803
f 1992/801 1877/811 2034/805
f 1916/803 2040/810 1924/812
f 2040/810 2096/808 2059/813
f 2096/808 2109/809 2093/814
f 2096/808 2093/814 2059/813
f 2093/814 2109/809 2056/815
f 2093/814 2056/815 1961/816
f 2093/814 1961/816 2000/817
f 2093/814 2000/817 2059/813
f 2056/815 2109/809 2106/818
f 2106/818 2109/809 2075/807
f 2056/815 2106/818 2029/819
f 2056/815 2029/819 1956/820
f 2106/818 2075/807 2051/821
f 2106/818 2051/821 2029/819
f 2051/821 2075/807 2034/805
f 1893/822 1844/823 2029/819
f 1893/822 2029/819 1953/824
f 1953/824 2029/819 2051/821
f 1953/824 2051/821 1926/825
f 1926/825 2051/821 2034/805
f 1926/825 2034/805 1863/826
f 1863/826 2034/805 1749/827
f 1863/826 1749/827 1639/828
f 1639/828 1749/827 1626/829
f 1749/827 2034/805 1866/830
f 1866/830 2034/805 1877/811
f 1866/830 1877/811 1749/827
f 1749/827 1877/811 1718/831
f 1749/827 1718/831 1626/829
f 1626/829 1718/831 1746/832
f 1746/832 1718/831 1877/811
f 1626/829 1746/832 1656/833
f 1746/832 1877/811 1847/834
f 1746/832 1847/834 1656/833
f 1847/834 1877/811 1916/803
f 1847/834 1916/803 1924/812
f 1656/833 1847/834 1772/835
f 1772/835 1847/834 1924/812
f 1656/833 1772/835 1655/836
f 1772/835 1924/812 1808/837
f 1772/835 1808/837 1704/838
f 1772/835 1704/838 1655/836
f 1808/837 1924/812 1872/839
f 1704/838 1808/837 1769/840
f 1769/840 1808/837 1872/839
f 1872/839 1924/812 1995/841
f 1995/841 1924/812 2040/810
f 1995/841 2040/810 2059/813
f 1872/839 1995/841 1975/842
f 1975/842 1995/841 2059/813
f 1872/839 1975/842 1890/843
f 1872/839 1890/843 1769/840
f 1975/842 2059/813 1871/844
f 1890/843 1975/842 1730/845
f 1890/843 1730/845 1769/840
f 1730/845 1975/842 1871/844
f 1871/844 2059/813 2000/817
f 1769/840 1730/845 1640/846
f 1871/844 2000/817 1838/847
f 1838/847 2000/817 1839/848
f 1730/845 1871/844 1489/849
f 1730/845 1489/849 1640/846
f 1871/844 1838/847 1478/850
f 1871/844 1478/850 1489/849
f 1478/850 1838/847 1551/851
f 1551/851 1838/847 1634/852
f 1551/851 1634/852 1494/853
f 1551/851 1494/853 22/854
f 1551/851 22/854 1478/850
f 22/854 1494/853 1439/855
f 22/854 1439/855 75/856
f 1478/850 22/854 128/857
f 1478/850 128/857 1489/849
f 22/854 75/856 210/858
f 22/854 210/858 128/857
f 210/858 75/856 135/859
f 1489/849 128/857 153/860
f 153/860 128/857 302/861
f 302/861 128/857 210/858
f 1489/849 153/860 1437/862
f 302/861 210/858 304/863
f 304/863 210/858 135/859
f 302/861 304/863 349/864
f 304/863 135/859 215/865
f 349/864 304/863 399/866
f 304/863 215/865 284/867
f 304/863 284/867 399/866
f 1489/849 1437/862 1480/868
f 1480/868 1437/862 1425/869
f 1489/849 1480/868 1640/846
f 1640/846 1480/868 1632/870
f 1640/846 1632/870 1769/840
f 1769/840 1632/870 1704/838
f 1704/838 1632/870 1633/871
f 1633/871 1632/870 1480/868
f 1704/838 1633/871 1655/836
f 1480/868 1425/869 1500/872
f 1480/868 1500/872 1633/871
f 1633/871 1500/872 1655/836
f 1500/872 1425/869 17/873
f 1500/872 17/873 1549/874
f 1500/872 1549/874 1655/836
f 1655/836 1549/874 1615/875
f 456/876 394/877 285/878
f 456/876 285/878 1447/879
f 394/877 456/876 490/880
f 456/876 1447/879 109/881
f 109/881 1447/879 1440/882
f 109/881 1440/882 143/883
f 109/881 143/883 209/884
f 456/876 109/881 466/885
f 456/876 466/885 490/880
f 109/881 209/884 183/886
f 109/881 183/886 466/885
f 183/886 209/884 160/887
f 160/887 209/884 172/888
f 160/887 172/888 81/889
f 183/886 160/887 361/890
f 183/886 361/890 466/885
f 160/887 81/889 39/891
f 160/887 39/891 361/890
f 39/891 81/889 1460/892
f 39/891 1460/892 1483/893
f 1483/893 1460/892 1563/894
f 1483/893 1563/894 1622/895
f 1622/895 1563/894 1693/896
f 1483/893 1622/895 1457/897
f 1483/893 1457/897 39/891
f 39/891 1457/897 361/890
f 436/898 466/885 361/890
f 361/890 1457/897 93/899
f 436/898 361/890 360/900
f 360/900 361/890 93/899
f 93/899 1457/897 1456/901
f 436/898 360/900 459/902
f 436/898 459/902 466/885
f 459/902 360/900 367/903
f 1456/901 1457/897 1461/904
f 1456/901 1461/904 93/899
f 459/902 367/903 506/905
f 367/903 360/900 7/906
f 7/906 360/900 93/899
f 7/906 93/899 1461/904
f 1461/904 1457/897 1854/907
f 492/908 466/885 459/902
f 492/908 459/902 506/905
f 466/885 492/908 490/880
f 490/880 492/908 557/909
f 557/909 492/908 506/905
f 557/909 506/905 531/910
f 557/909 531/910 649/911
f 1592/912 1461/904 1854/907
f 1461/904 1592/912 7/906
f 2080/913 1854/907 2134/914
f 1592/912 1854/907 1870/915
f 1870/915 1854/907 2080/913
f 7/906 1592/912 1721/916
f 1721/916 1592/912 1870/915
f 1870/915 2080/913 2103/917
f 2103/917 2080/913 2114/918
f 1721/916 1870/915 1888/919
f 1870/915 2103/917 1929/920
f 1870/915 1929/920 1888/919
f 1888/919 1929/920 2103/917
f 2103/917 2114/918 2119/921
f 2119/921 2114/918 2155/922
f 1888/919 2103/917 2014/923
f 2014/923 2103/917 2119/921
f 1721/916 1888/919 1712/924
f 1721/916 1712/924 7/906
f 1888/919 2014/923 1824/925
f 1888/919 1824/925 1712/924
f 7/906 1712/924 1652/926
f 1652/926 1712/924 1824/925
f 7/906 1652/926 9/927
f 9/927 1652/926 1689/928
f 1689/928 1652/926 1824/925
f 9/927 1689/928 33/929
f 33/929 1689/928 1692/930
f 1689/928 1824/925 2032/931
f 2032/931 1824/925 2014/923
f 1689/928 2032/931 1692/930
f 2032/931 2014/923 2123/932
f 2123/932 2014/923 2119/921
f 1692/930 2032/931 2054/933
f 2054/933 2032/931 2123/932
f 1846/934 1658/935 1692/930
f 1846/934 1692/930 2054/933
f 1846/934 2054/933 2055/936
f 1846/934 2055/936 1678/937
f 2055/936 2054/933 2157/938
f 2054/933 2123/932 2152/939
f 2054/933 2152/939 2157/938
f 2152/939 2123/932 2165/940
f 2165/940 2123/932 2119/921
f 2152/939 2165/940 2203/941
f 2165/940 2119/921 2161/942
f 2165/940 2161/942 2203/941
f 2161/942 2119/921 2155/922
f 2161/942 2155/922 2170/943
f 2161/942 2170/943 2203/941
f 2152/939 2203/941 2214/944
f 2152/939 2214/944 2157/938
f 2203/941 2170/943 2193/945
f 2193/945 2170/943 2175/946
f 2214/944 2203/941 2215/947
f 2215/947 2203/941 2193/945
f 2214/944 2215/947 2192/948
f 2193/945 2175/946 2246/949
f 2246/949 2175/946 2181/950
f 2215/947 2193/945 2226/951
f 2226/951 2193/945 2246/949
f 2192/948 2215/947 2206/952
f 2206/952 2215/947 2226/951
f 2214/944 2192/948 2179/953
f 2179/953 2192/948 2206/952
f 2214/944 2179/953 2157/938
f 2206/952 2226/951 2221/954
f 2221/954 2226/951 2257/955
f 2257/955 2226/951 2246/949
f 2206/952 2221/954 2220/956
f 2257/955 2246/949 2256/957
f 2256/957 2246/949 2270/958
f 2206/952 2220/956 2196/959
f 2206/952 2196/959 2179/953
f 2196/959 2220/956 2190/960
f 2196/959 2190/960 2082/961
f 2270/958 2246/949 2251/962
f 2270/958 2251/962 2303/963
f 2251/962 2246/949 2181/950
f 2251/962 2181/950 2149/964
f 2251/962 2149/964 2213/965
f 2143/966 2179/953 2196/959
f 2143/966 2196/959 2082/961
f 2179/953 2143/966 2157/938
f 2143/966 2082/961 2062/967
f 2143/966 2062/967 2157/938
f 2062/967 2082/961 1674/968
f 2157/938 2062/967 2055/936
f 2055/936 2062/967 1674/968
f 852/969 947/970 859/971
f 947/972 852/973 905/974
f 947/972 905/974 996/975
f 905/974 852/973 923/976
f 996/975 905/974 964/977
f 964/977 905/974 923/976
f 990/978 996/975 1076/979
f 1076/979 996/975 1056/980
f 1056/980 996/975 964/977
f 1076/979 1056/980 1224/981
f 1224/981 1056/980 1195/982
f 1195/982 1056/980 1053/983
f 1053/983 1056/980 964/977
f 1195/982 1053/983 1096/984
f 1096/984 1053/983 1066/985
f 1066/985 1053/983 964/977
f 1066/985 964/977 954/986
f 1066/985 954/986 971/987
f 954/986 964/977 940/988
f 940/988 964/977 923/976
f 971/987 954/986 890/989
f 971/987 890/989 907/990
f 907/990 890/989 826/991
f 826/991 890/989 805/992
f 826/991 805/992 772/993
f 890/989 954/986 858/994
f 890/989 858/994 805/992
f 929/995 954/986 940/988
f 772/993 805/992 749/996
f 772/993 749/996 756/997
f 749/996 805/992 729/998
f 729/998 805/992 858/994
f 749/996 729/998 681/999
f 756/997 749/996 679/1000
f 679/1000 749/996 681/999
f 756/997 679/1000 698/1001
f 756/997 698/1001 742/1002
f 742/1002 698/1001 726/1003
f 681/999 729/998 550/1004
f 681/999 550/1004 679/1000
f 698/1001 679/1000 611/1005
f 611/1005 679/1000 550/1004
f 698/1001 611/1005 630/1006
f 726/1003 698/1001 695/1007
f 695/1007 698/1001 630/1006
f 630/1006 611/1005 484/1008
f 630/1006 484/1008 695/1007
f 726/1003 695/1007 615/1009
f 615/1009 695/1007 484/1008
f 726/1003 615/1009 607/1010
f 484/1008 611/1005 393/1011
f 393/1011 611/1005 550/1004
f 615/1009 484/1008 513/1012
f 607/1010 615/1009 596/1013
f 596/1013 615/1009 513/1012
f 607/1010 596/1013 877/1014
f 607/1010 877/1014 895/1015
f 596/1013 513/1012 848/1016
f 596/1013 848/1016 877/1014
f 513/1012 484/1008 382/1017
f 382/1017 484/1008 393/1011
f 895/1015 877/1014 1116/1018
f 895/1015 1116/1018 1129/1019
f 1116/1018 877/1014 848/1016
f 848/1016 513/1012 633/1020
f 633/1020 513/1012 382/1017
f 1116/1018 848/1016 1110/1021
f 1116/1018 1110/1021 1246/1022
f 1246/1022 1110/1021 1080/1023
f 1110/1021 848/1016 809/1024
f 809/1024 848/1016 633/1020
f 1110/1021 809/1024 1080/1023
f 633/1020 382/1017 205/1025
f 205/1025 382/1017 393/1011
f 809/1024 633/1020 597/1026
f 1080/1023 809/1024 800/1027
f 800/1027 809/1024 597/1026
f 1159/1028 1080/1023 1059/1029
f 1059/1029 1080/1023 836/1030
f 836/1030 1080/1023 800/1027
f 1059/1029 836/1030 1041/1031
f 836/1030 800/1027 699/1032
f 699/1032 800/1027 597/1026
f 1041/1031 836/1030 779/1033
f 779/1033 836/1030 699/1032
f 1041/1031 779/1033 1005/1034
f 779/1033 699/1032 565/1035
f 565/1035 699/1032 501/1036
f 501/1036 699/1032 597/1026
f 779/1033 565/1035 441/1037
f 779/1033 441/1037 745/1038
f 565/1035 501/1036 95/1039
f 565/1035 95/1039 441/1037
f 501/1036 597/1026 1435/1040
f 501/1036 1435/1040 95/1039
f 1435/1040 597/1026 102/1041
f 102/1041 597/1026 381/1042
f 381/1042 597/1026 633/1020
f 1435/1040 102/1041 1843/1043
f 1843/1043 102/1041 381/1042
f 1435/1040 1843/1043 2108/1044
f 1435/1040 2108/1044 1741/1045
f 1435/1040 1741/1045 95/1039
f 381/1042 633/1020 205/1025
f 95/1039 1741/1045 1533/1046
f 1843/1043 381/1042 1776/1047
f 1776/1047 381/1042 205/1025
f 1843/1043 1776/1047 2070/1048
f 2070/1048 1776/1047 1695/1049
f 1695/1049 1776/1047 1436/1050
f 1436/1050 1776/1047 205/1025
f 1695/1049 1436/1050 1604/1051
f 1436/1050 205/1025 77/1052
f 1436/1050 77/1052 1604/1051
f 77/1052 205/1025 393/1011
f 1604/1051 77/1052 40/1053
f 40/1053 77/1052 393/1011
f 40/1053 393/1011 357/1054
f 357/1054 393/1011 550/1004
f 1763/1055 40/1053 1674/1056
f 40/1053 357/1054 335/1057
f 1674/1056 40/1053 49/1058
f 49/1058 40/1053 335/1057
f 1678/1059 2055/1060 1674/1056
f 1678/1059 1674/1056 49/1058
f 1678/1059 49/1058 1658/1061
f 1678/1059 1658/1061 1846/1062
f 1658/1061 49/1058 33/1063
f 1658/1061 33/1063 1692/1064
f 49/1058 335/1057 316/1065
f 49/1058 316/1065 33/1063
f 316/1065 335/1057 610/1066
f 610/1066 335/1057 357/1054
f 33/1063 316/1065 292/1067
f 316/1065 610/1066 511/1068
f 316/1065 511/1068 292/1067
f 33/1063 292/1067 450/1069
f 450/1069 292/1067 511/1068
f 33/1063 450/1069 9/1070
f 610/1066 357/1054 612/1071
f 612/1071 357/1054 550/1004
f 511/1068 610/1066 701/1072
f 701/1072 610/1066 612/1071
f 612/1071 550/1004 723/1073
f 612/1071 723/1073 701/1072
f 723/1073 550/1004 729/998
f 723/1073 729/998 858/994
f 723/1073 858/994 701/1072
f 511/1068 701/1072 688/1074
f 701/1072 858/994 875/1075
f 701/1072 875/1075 688/1074
f 875/1075 858/994 898/1076
f 898/1076 858/994 954/986
f 898/1076 954/986 929/995
f 511/1068 688/1074 651/1077
f 511/1068 651/1077 450/1069
f 688/1074 875/1075 863/1078
f 875/1075 898/1076 874/1079
f 875/1075 874/1079 863/1078
f 874/1079 898/1076 962/1080
f 962/1080 898/1076 929/995
f 651/1077 688/1074 807/1081
f 807/1081 688/1074 863/1078
f 863/1078 874/1079 933/1082
f 933/1082 874/1079 962/1080
f 807/1081 863/1078 867/1083
f 863/1078 933/1082 931/1084
f 863/1078 931/1084 867/1083
f 933/1082 962/1080 994/1085
f 933/1082 994/1085 931/1084
f 973/1086 962/1080 929/995
f 962/1080 973/1086 1022/1087
f 962/1080 1022/1087 994/1085
f 973/1086 929/995 987/1088
f 973/1086 987/1088 1022/1087
f 987/1088 929/995 940/988
f 987/1088 940/988 923/976
f 1022/1087 987/1088 1019/1089
f 1022/1087 1019/1089 994/1085
f 1019/1089 987/1088 923/976
f 994/1085 1019/1089 974/1090
f 921/1091 931/1084 994/1085
f 921/1091 994/1085 974/1090
f 931/1084 921/1091 867/1083
f 974/1090 1019/1089 936/1092
f 974/1090 936/1092 921/1091
f 936/1092 1019/1089 923/976
f 921/1091 936/1092 867/1083
f 867/1083 936/1092 923/976
f 867/1083 923/976 830/1093
f 830/1093 923/976 852/973
f 867/1083 830/1093 807/1081
f 830/1093 852/973 762/1094
f 807/1081 830/1093 760/1095
f 760/1095 830/1093 762/1094
f 807/1081 760/1095 651/1077
f 760/1095 762/1094 649/1096
f 651/1077 760/1095 647/1097
f 647/1097 760/1095 649/1096
f 651/1077 647/1097 450/1069
f 647/1097 649/1096 531/1098
f 647/1097 531/1098 450/1069
f 450/1069 531/1098 364/1099
f 450/1069 364/1099 9/1070
f 9/1070 364/1099 7/1100
f 7/1100 364/1099 367/1101
f 367/1101 364/1099 531/1098
f 367/1101 531/1098 506/1102
f 1679/1103 1561/1104 1903/1105
f 1561/1104 1679/1103 1597/1106
f 1679/1103 1903/1105 1770/1107
f 1679/1103 1770/1107 1597/1106
f 1561/1104 1597/1106 1422/1108
f 1561/1104 1422/1108 270/1109
f 1422/1108 1597/1106 31/1110
f 1422/1108 31/1110 270/1109
f 1597/1106 1770/1107 1647/1111
f 1647/1111 1770/1107 1781/1112
f 1781/1112 1770/1107 1901/1113
f 1901/1113 1770/1107 1903/1105
f 1781/1112 1901/1113 1896/1114
f 1896/1114 1901/1113 1988/1115
f 1896/1114 1988/1115 1970/1116
f 1597/1106 1647/1111 1566/1117
f 1597/1106 1566/1117 31/1110
f 1566/1117 1647/1111 1557/1118
f 1557/1118 1647/1111 1506/1119
f 31/1110 1566/1117 1427/1120
f 1427/1120 1566/1117 1557/1118
f 1970/1116 1988/1115 1993/1121
f 1970/1116 1993/1121 1980/1122
f 2026/1123 1988/1115 1901/1113
f 1988/1115 2026/1123 1993/1121
f 2026/1123 1901/1113 1903/1105
f 1980/1122 1993/1121 1959/1124
f 2026/1123 1903/1105 2008/1125
f 2026/1123 2008/1125 2022/1126
f 2022/1126 2008/1125 1903/1105
f 2026/1123 2022/1126 1993/1121
f 2022/1126 1903/1105 1977/1127
f 2022/1126 1977/1127 1993/1121
f 1977/1127 1903/1105 1561/1104
f 1964/1128 1959/1124 1993/1121
f 1964/1128 1993/1121 1977/1127
f 1959/1124 1964/1128 1922/1129
f 1922/1129 1964/1128 1977/1127
f 1977/1127 1561/1104 270/1109
f 1959/1124 1922/1129 1879/1130
f 1977/1127 270/1109 1504/1131
f 1959/1124 1879/1130 1778/1132
f 1977/1127 1504/1131 1828/1133
f 1977/1127 1828/1133 1922/1129
f 1828/1133 1504/1131 1608/1134
f 1922/1129 1828/1133 1814/1135
f 1814/1135 1828/1133 1608/1134
f 1922/1129 1814/1135 1879/1130
f 1814/1135 1608/1134 1753/1136
f 1814/1135 1753/1136 1879/1130
f 1753/1136 1608/1134 1580/1137
f 1879/1130 1753/1136 1739/1138
f 1739/1138 1753/1136 1580/1137
f 1879/1130 1739/1138 1778/1132
f 1739/1138 1580/1137 105/1139
f 1778/1132 1739/1138 1669/1140
f 1778/1132 1669/1140 1574/1141
f 1739/1138 105/1139 170/1142
f 1739/1138 170/1142 1669/1140
f 170/1142 105/1139 264/1143
f 1669/1140 170/1142 1574/1141
f 1574/1141 170/1142 30/1144
f 30/1144 170/1142 179/1145
f 1574/1141 30/1144 1449/1146
f 30/1144 179/1145 213/1147
f 30/1144 213/1147 1449/1146
f 312/1148 598/1149 270/1109
f 312/1148 270/1109 31/1110
f 270/1109 598/1149 672/1150
f 312/1148 31/1110 250/1151
f 250/1151 31/1110 1427/1120
f 312/1148 250/1151 452/1152
f 312/1148 452/1152 598/1149
f 672/1150 598/1149 755/1153
f 250/1151 1427/1120 82/1154
f 82/1154 1427/1120 1557/1118
f 452/1152 250/1151 618/1155
f 618/1155 250/1151 82/1154
f 598/1149 452/1152 641/1156
f 641/1156 452/1152 618/1155
f 598/1149 641/1156 780/1157
f 598/1149 780/1157 755/1153
f 641/1156 618/1155 795/1158
f 641/1156 795/1158 780/1157
f 780/1157 795/1158 935/1159
f 618/1155 82/1154 487/1160
f 618/1155 487/1160 574/1161
f 574/1161 487/1160 500/1162
f 500/1162 487/1160 241/1163
f 487/1160 82/1154 126/1164
f 487/1160 126/1164 241/1163
f 126/1164 82/1154 1557/1118
f 126/1164 1557/1118 1506/1119
f 241/1163 126/1164 61/1165
f 241/1163 61/1165 119/1166
f 126/1164 1506/1119 13/1167
f 13/1167 1506/1119 61/1165
f 13/1167 61/1165 126/1164
f 967/1168 780/1157 935/1159
f 780/1157 967/1168 1014/1169
f 967/1168 935/1159 1236/1170
f 967/1168 1236/1170 1014/1169
f 780/1157 1014/1169 755/1153
f 1236/1170 935/1159 1283/1171
f 1283/1171 935/1159 960/1172
f 1283/1171 960/1172 1271/1173
f 1236/1170 1283/1171 1376/1174
f 1236/1170 1376/1174 1309/1175
f 1309/1175 1376/1174 1387/1176
f 1309/1175 1387/1176 1334/1177
f 1236/1170 1309/1175 1212/1178
f 1236/1170 1212/1178 1014/1169
f 1309/1175 1334/1177 1223/1179
f 1309/1175 1223/1179 1212/1178
f 1014/1169 1212/1178 1038/1180
f 1038/1180 1212/1178 1223/1179
f 1014/1169 1038/1180 755/1153
f 1223/1179 1334/1177 1024/1181
f 1223/1179 1024/1181 1038/1180
f 1038/1180 1024/1181 755/1153
f 1024/1181 1334/1177 901/1182
f 755/1153 1024/1181 775/1183
f 273/1184 1504/1185 270/1186
f 273/1184 270/1186 672/1187
f 755/1188 775/1189 672/1187
f 672/1187 775/1189 552/1190
f 672/1187 552/1190 273/1184
f 552/1190 775/1189 784/1191
f 784/1191 775/1189 1024/1192
f 784/1191 1024/1192 901/1193
f 552/1190 784/1191 524/1194
f 552/1190 524/1194 273/1184
f 784/1191 901/1193 789/1195
f 784/1191 789/1195 524/1194
f 789/1195 901/1193 909/1196
f 789/1195 909/1196 865/1197
f 865/1197 909/1196 1027/1198
f 524/1194 789/1195 627/1199
f 627/1199 789/1195 865/1197
f 865/1197 1027/1198 731/1200
f 865/1197 731/1200 627/1199
f 731/1200 1027/1198 949/1201
f 524/1194 627/1199 216/1202
f 524/1194 216/1202 273/1184
f 627/1199 731/1200 575/1203
f 627/1199 575/1203 216/1202
f 575/1203 731/1200 949/1201
f 273/1184 216/1202 16/1204
f 273/1184 16/1204 1504/1185
f 1504/1185 16/1204 1608/1205
f 16/1204 216/1202 207/1206
f 16/1204 207/1206 1608/1205
f 207/1206 216/1202 575/1203
f 1608/1205 207/1206 1580/1207
f 1580/1207 207/1206 105/1208
f 105/1208 207/1206 413/1209
f 413/1209 207/1206 575/1203
f 105/1208 413/1209 264/1210
f 413/1209 575/1203 626/1211
f 413/1209 626/1211 264/1210
f 810/1212 575/1203 949/1201
f 575/1203 810/1212 677/1213
f 575/1203 677/1213 626/1211
f 810/1212 949/1201 868/1214
f 810/1212 868/1214 677/1213
f 868/1214 949/1201 910/1215
f 910/1215 949/1201 1016/1216
f 910/1215 1016/1216 944/1217
f 944/1217 1016/1216 977/1218
f 910/1215 944/1217 946/1219
f 946/1219 944/1217 977/1218
f 910/1215 946/1219 868/1214
f 716/1220 677/1213 868/1214
f 946/1219 977/1218 920/1221
f 920/1221 977/1218 960/1222
f 868/1214 946/1219 786/1223
f 868/1214 786/1223 716/1220
f 946/1219 920/1221 832/1224
f 946/1219 832/1224 786/1223
f 920/1221 960/1222 914/1225
f 920/1221 914/1225 832/1224
f 914/1225 960/1222 935/1226
f 914/1225 935/1226 795/1227
f 914/1225 795/1227 788/1228
f 914/1225 788/1228 832/1224
f 788/1228 795/1227 618/1229
f 788/1228 618/1229 574/1230
f 717/1231 786/1223 832/1224
f 832/1224 788/1228 750/1232
f 832/1224 750/1232 717/1231
f 750/1232 788/1228 666/1233
f 666/1233 788/1228 574/1230
f 750/1232 666/1233 678/1234
f 750/1232 678/1234 717/1231
f 786/1223 717/1231 725/1235
f 786/1223 725/1235 716/1220
f 716/1220 725/1235 677/1213
f 677/1213 725/1235 626/1211
f 725/1235 717/1231 673/1236
f 725/1235 673/1236 626/1211
f 717/1231 678/1234 664/1237
f 717/1231 664/1237 673/1236
f 626/1211 673/1236 476/1238
f 626/1211 476/1238 264/1210
f 673/1236 664/1237 621/1239
f 673/1236 621/1239 476/1238
f 664/1237 678/1234 668/1240
f 668/1240 678/1234 666/1233
f 621/1239 664/1237 571/1241
f 621/1239 571/1241 476/1238
f 664/1237 668/1240 642/1242
f 664/1237 642/1242 571/1241
f 668/1240 666/1233 639/1243
f 639/1243 666/1233 574/1230
f 642/1242 668/1240 603/1244
f 603/1244 668/1240 639/1243
f 639/1243 574/1230 606/1245
f 606/1245 574/1230 510/1246
f 510/1246 574/1230 500/1247
f 639/1243 606/1245 594/1248
f 594/1248 606/1245 510/1246
f 639/1243 594/1248 603/1244
f 510/1246 500/1247 241/1249
f 510/1246 241/1249 395/1250
f 510/1246 395/1250 536/1251
f 510/1246 536/1251 594/1248
f 594/1248 536/1251 603/1244
f 603/1244 536/1251 561/1252
f 561/1252 536/1251 564/1253
f 603/1244 561/1252 529/1254
f 603/1244 529/1254 642/1242
f 642/1242 529/1254 448/1255
f 642/1242 448/1255 571/1241
f 448/1255 529/1254 297/1256
f 571/1241 448/1255 464/1257
f 571/1241 464/1257 476/1238
f 448/1255 297/1256 317/1258
f 448/1255 317/1258 464/1257
f 317/1258 297/1256 213/1259
f 213/1259 297/1256 328/1260
f 476/1238 464/1257 351/1261
f 351/1261 464/1257 317/1258
f 476/1238 351/1261 264/1210
f 317/1258 213/1259 231/1262
f 317/1258 231/1262 351/1261
f 351/1261 231/1262 264/1210
f 231/1262 213/1259 179/1263
f 264/1210 231/1262 170/1264
f 170/1264 231/1262 179/1263
f 1605/1265 1647/1266 1781/1267
f 1605/1265 1781/1267 1896/1268
f 1647/1266 1605/1265 1506/1269
f 1605/1265 1896/1268 1735/1270
f 1735/1270 1896/1268 1970/1271
f 1506/1269 1605/1265 1616/1272
f 1616/1272 1605/1265 1735/1270
f 119/1273 61/1274 1506/1269
f 119/1273 1506/1269 1616/1272
f 119/1273 1616/1272 5/1275
f 1735/1270 1970/1271 1802/1276
f 1802/1276 1970/1271 1980/1277
f 1616/1272 1735/1270 1829/1278
f 1829/1278 1735/1270 1802/1276
f 5/1275 1616/1272 1745/1279
f 1745/1279 1616/1272 1829/1278
f 5/1275 1745/1279 1472/1280
f 1802/1276 1980/1277 1792/1281
f 1802/1276 1792/1281 1829/1278
f 1792/1281 1980/1277 1959/1282
f 1792/1281 1959/1282 1778/1283
f 1792/1281 1778/1283 1829/1278
f 1472/1280 1745/1279 1714/1284
f 1472/1280 1714/1284 1799/1285
f 1714/1284 1745/1279 1822/1286
f 1714/1284 1822/1286 1799/1285
f 1472/1280 1799/1285 1579/1287
f 1579/1287 1799/1285 1856/1288
f 1579/1287 1856/1288 1575/1289
f 1856/1288 1799/1285 1918/1290
f 1918/1290 1799/1285 1822/1286
f 1575/1289 1856/1288 1857/1291
f 1857/1291 1856/1288 1918/1290
f 1575/1289 1857/1291 1544/1292
f 1895/1293 1822/1286 1745/1279
f 1895/1293 1745/1279 1829/1278
f 1895/1293 1829/1278 1807/1294
f 1807/1294 1829/1278 1778/1283
f 1807/1294 1778/1283 1449/1295
f 1449/1295 1778/1283 1574/1296
f 1895/1293 1807/1294 1813/1297
f 1813/1297 1807/1294 1449/1295
f 1738/1298 1822/1286 1895/1293
f 1738/1298 1895/1293 1813/1297
f 1813/1297 1449/1295 3/1299
f 1813/1297 3/1299 1738/1298
f 3/1299 1449/1295 328/1300
f 328/1300 1449/1295 213/1301
f 3/1299 328/1300 68/1302
f 68/1302 328/1300 263/1303
f 1738/1298 3/1299 1543/1304
f 1543/1304 3/1299 68/1302
f 1818/1305 1822/1286 1738/1298
f 1818/1305 1738/1298 1543/1304
f 1822/1286 1818/1305 1918/1290
f 1543/1304 68/1302 1638/1306
f 1543/1304 1638/1306 1818/1305
f 15/1307 68/1302 263/1303
f 68/1302 15/1307 1638/1306
f 15/1307 263/1303 252/1308
f 15/1307 252/1308 247/1309
f 1918/1290 1818/1305 1850/1310
f 1850/1310 1818/1305 1638/1306
f 15/1307 247/1309 1414/1311
f 15/1307 1414/1311 1638/1306
f 1850/1310 1638/1306 1670/1312
f 1670/1312 1638/1306 1414/1311
f 1918/1290 1850/1310 1867/1313
f 1867/1313 1850/1310 1670/1312
f 1414/1311 247/1309 1/1314
f 1414/1311 1/1314 1670/1312
f 1/1314 247/1309 59/1315
f 1/1314 59/1315 1628/1316
f 1/1314 1628/1316 1670/1312
f 1628/1316 59/1315 1548/1317
f 1628/1316 1548/1317 1777/1318
f 1670/1312 1628/1316 1832/1319
f 1832/1319 1628/1316 1777/1318
f 1670/1312 1832/1319 1867/1313
f 1832/1319 1777/1318 1831/1320
f 1946/1321 1918/1290 1867/1313
f 1946/1321 1867/1313 1832/1319
f 1918/1290 1946/1321 1857/1291
f 1832/1319 1831/1320 1898/1322
f 1832/1319 1898/1322 1946/1321
f 1857/1291 1946/1321 1793/1323
f 1793/1323 1946/1321 1898/1322
f 1793/1323 1898/1322 1831/1320
f 1857/1291 1793/1323 1544/1292
f 1793/1323 1831/1320 1743/1324
f 1793/1323 1743/1324 1544/1292
f 1743/1324 1831/1320 1821/1325
f 1544/1292 1743/1324 1532/1326
f 119/1327 395/1328 241/1329
f 395/1328 119/1327 5/1330
f 395/1328 5/1330 412/1331
f 395/1328 412/1331 564/1332
f 395/1328 564/1332 536/1333
f 412/1331 5/1330 392/1334
f 412/1331 392/1334 564/1332
f 392/1334 5/1330 145/1335
f 145/1335 5/1330 1472/1336
f 145/1335 1472/1336 138/1337
f 138/1337 1472/1336 1579/1338
f 392/1334 145/1335 408/1339
f 408/1339 145/1335 138/1337
f 392/1334 408/1339 520/1340
f 138/1337 1579/1338 129/1341
f 129/1341 1579/1338 1575/1342
f 408/1339 138/1337 435/1343
f 435/1343 138/1337 129/1341
f 408/1339 435/1343 520/1340
f 129/1341 1575/1342 133/1344
f 129/1341 133/1344 435/1343
f 133/1344 1575/1342 140/1345
f 140/1345 1575/1342 1544/1346
f 435/1343 133/1344 428/1347
f 428/1347 133/1344 140/1345
f 140/1345 1544/1346 152/1348
f 140/1345 152/1348 428/1347
f 152/1348 1544/1346 1532/1349
f 152/1348 1532/1349 186/1350
f 152/1348 186/1350 447/1351
f 152/1348 447/1351 428/1347
f 428/1347 447/1351 567/1352
f 567/1352 447/1351 584/1353
f 567/1352 584/1353 544/1354
f 428/1347 567/1352 554/1355
f 428/1347 554/1355 435/1343
f 567/1352 544/1354 577/1356
f 567/1352 577/1356 554/1355
f 577/1356 544/1354 341/1357
f 435/1343 554/1355 545/1358
f 554/1355 577/1356 588/1359
f 588/1359 577/1356 341/1357
f 554/1355 588/1359 545/1358
f 435/1343 545/1358 520/1340
f 545/1358 588/1359 533/1360
f 545/1358 533/1360 520/1340
f 588/1359 341/1357 319/1361
f 588/1359 319/1361 533/1360
f 319/1361 341/1357 59/1362
f 59/1362 341/1357 98/1363
f 319/1361 59/1362 247/1364
f 319/1361 247/1364 533/1360
f 533/1360 247/1364 494/1365
f 533/1360 494/1365 520/1340
f 494/1365 247/1364 252/1366
f 520/1340 494/1365 502/1367
f 520/1340 502/1367 392/1334
f 392/1334 502/1367 564/1332
f 494/1365 252/1366 468/1368
f 494/1365 468/1368 502/1367
f 468/1368 252/1366 263/1369
f 564/1332 502/1367 519/1370
f 519/1370 502/1367 468/1368
f 519/1370 468/1368 263/1369
f 564/1332 519/1370 561/1371
f 519/1370 263/1369 328/1372
f 561/1371 519/1370 529/1373
f 529/1373 519/1370 328/1372
f 529/1373 328/1372 297/1374
f 1387/1375 1390/1376 1334/1377
f 1390/1376 1387/1375 1400/1378
f 1400/1378 1387/1375 1376/1379
f 1334/1377 1390/1376 1395/1380
f 1390/1376 1400/1378 1402/1381
f 1390/1376 1402/1381 1395/1380
f 1395/1380 1402/1381 1400/1378
f 1334/1377 1395/1380 901/1382
f 1400/1378 1376/1379 1385/1383
f 1395/1380 1400/1378 1397/1384
f 1397/1384 1400/1378 1385/1383
f 1385/1383 1376/1379 1338/1385
f 1338/1385 1376/1379 1283/1386
f 1338/1385 1283/1386 1271/1387
f 1385/1383 1338/1385 1189/1388
f 1189/1388 1338/1385 1271/1387
f 1397/1384 1385/1383 1386/1389
f 1386/1389 1385/1383 1337/1390
f 1337/1390 1385/1383 1189/1388
f 1397/1384 1386/1389 1381/1391
f 1397/1384 1381/1391 1395/1380
f 1386/1389 1337/1390 1369/1392
f 1386/1389 1369/1392 1381/1391
f 1369/1392 1337/1390 1278/1393
f 1278/1393 1337/1390 1189/1388
f 1381/1391 1369/1392 1324/1394
f 1369/1392 1278/1393 1248/1395
f 1369/1392 1248/1395 1324/1394
f 1278/1393 1189/1388 1140/1396
f 1278/1393 1140/1396 1248/1395
f 1381/1391 1324/1394 1370/1397
f 1381/1391 1370/1397 1395/1380
f 1370/1397 1324/1394 1345/1398
f 1395/1380 1370/1397 1364/1399
f 1364/1399 1370/1397 1345/1398
f 1395/1380 1364/1399 1168/1400
f 1395/1380 1168/1400 901/1382
f 1364/1399 1345/1398 1282/1401
f 1364/1399 1282/1401 1168/1400
f 1345/1398 1324/1394 1294/1402
f 1345/1398 1294/1402 1282/1401
f 1294/1402 1324/1394 1248/1395
f 901/1382 1168/1400 1161/1403
f 1161/1403 1168/1400 1282/1401
f 1161/1403 1282/1401 1294/1402
f 901/1382 1161/1403 909/1404
f 1161/1403 1294/1402 1158/1405
f 1161/1403 1158/1405 909/1404
f 1158/1405 1294/1402 1248/1395
f 909/1404 1158/1405 1027/1406
f 1158/1405 1248/1395 1133/1407
f 1158/1405 1133/1407 1027/1406
f 1133/1407 1248/1395 1045/1408
f 1133/1407 1045/1408 1027/1406
f 1045/1408 1248/1395 1140/1396
f 1027/1406 1045/1408 949/1409
f 949/1409 1045/1408 1015/1410
f 1015/1410 1045/1408 1140/1396
f 949/1409 1015/1410 1016/1411
f 1015/1410 1140/1396 1057/1412
f 1015/1410 1057/1412 1016/1411
f 1057/1412 1140/1396 1189/1388
f 1016/1411 1057/1412 1061/1413
f 1016/1411 1061/1413 977/1414
f 1057/1412 1189/1388 1120/1415
f 1057/1412 1120/1415 1061/1413
f 1061/1413 1120/1415 977/1414
f 1120/1415 1189/1388 1271/1387
f 1120/1415 1271/1387 1107/1416
f 1120/1415 1107/1416 977/1414
f 1107/1416 1271/1387 960/1417
f 1002/1418 960/1417 977/1414
f 960/1417 1002/1418 1107/1416
f 1107/1416 1002/1418 977/1414
f 2277/1419 2168/1420 2069/1421
f 2069/1421 2168/1420 1928/1422
f 1928/1422 2168/1420 1711/1423
f 2168/1420 2277/1419 2177/1424
f 1928/1422 1711/1423 1651/1425
f 1651/1425 1711/1423 1532/1426
f 2069/1421 1928/1422 2018/1427
f 2018/1427 1928/1422 1651/1425
f 1651/1425 1532/1426 1705/1428
f 1651/1425 1705/1428 2018/1427
f 1705/1428 1532/1426 1743/1429
f 1705/1428 1743/1429 1821/1430
f 2018/1427 1705/1428 1786/1431
f 1786/1431 1705/1428 1821/1430
f 2069/1421 2018/1427 2195/1432
f 2069/1421 2195/1432 2277/1419
f 2018/1427 1786/1431 2083/1433
f 2018/1427 2083/1433 2195/1432
f 1786/1431 1821/1430 1726/1434
f 1786/1431 1726/1434 2083/1433
f 1726/1434 1821/1430 1831/1435
f 1726/1434 1831/1435 1777/1436
f 1726/1434 1777/1436 1548/1437
f 2083/1433 1726/1434 1968/1438
f 1968/1438 1726/1434 1548/1437
f 2216/1439 2195/1432 2083/1433
f 2216/1439 2083/1433 1968/1438
f 2195/1432 2216/1439 2269/1440
f 2195/1432 2269/1440 2277/1419
f 2216/1439 1968/1438 2110/1441
f 2216/1439 2110/1441 2172/1442
f 2216/1439 2172/1442 2269/1440
f 2110/1441 1968/1438 1645/1443
f 2110/1441 1645/1443 2172/1442
f 1645/1443 1968/1438 1537/1444
f 1537/1444 1968/1438 1548/1437
f 2172/1442 1645/1443 1706/1445
f 1706/1445 1645/1443 1537/1444
f 2269/1440 2172/1442 2184/1446
f 2184/1446 2172/1442 1706/1445
f 1537/1444 1548/1437 98/1447
f 98/1447 1548/1437 59/1448
f 1537/1444 98/1447 161/1449
f 1706/1445 1537/1444 277/1450
f 277/1450 1537/1444 161/1449
f 161/1449 98/1447 625/1451
f 161/1449 625/1451 277/1450
f 1706/1445 277/1450 1740/1452
f 1706/1445 1740/1452 2184/1446
f 1740/1452 277/1450 238/1453
f 2184/1446 1740/1452 2138/1454
f 2138/1454 1740/1452 1754/1455
f 1754/1455 1740/1452 238/1453
f 2184/1446 2138/1454 2249/1456
f 238/1453 277/1450 741/1457
f 741/1457 277/1450 625/1451
f 238/1453 741/1457 735/1458
f 741/1457 625/1451 889/1459
f 741/1457 889/1459 735/1458
f 321/1460 625/1451 98/1447
f 321/1460 98/1447 341/1461
f 321/1460 341/1461 544/1462
f 321/1460 544/1462 560/1463
f 321/1460 560/1463 625/1451
f 560/1463 544/1462 584/1464
f 625/1451 560/1463 686/1465
f 686/1465 560/1463 584/1464
f 625/1451 686/1465 889/1459
f 686/1465 584/1464 736/1466
f 686/1465 736/1466 889/1459
f 736/1466 584/1464 705/1467
f 705/1467 584/1464 447/1468
f 230/1469 238/1453 735/1458
f 238/1453 230/1469 1754/1455
f 230/1469 735/1458 539/1470
f 1754/1455 230/1469 1621/1471
f 230/1469 539/1470 427/1472
f 230/1469 427/1472 1621/1471
f 427/1472 539/1470 724/1473
f 724/1473 539/1470 735/1458
f 427/1472 724/1473 804/1474
f 1754/1455 1621/1471 2185/1475
f 2185/1475 1621/1471 2182/1476
f 2185/1475 2182/1476 2267/1477
f 804/1474 724/1473 838/1478
f 1754/1455 2185/1475 2238/1479
f 1754/1455 2238/1479 2138/1454
f 2138/1454 2238/1479 2249/1456
f 2238/1479 2185/1475 2276/1480
f 2276/1480 2185/1475 2267/1477
f 2249/1456 2238/1479 2262/1481
f 2262/1481 2238/1479 2276/1480
f 804/1474 838/1478 866/1482
f 804/1474 866/1482 903/1483
f 886/1484 838/1478 724/1473
f 838/1478 886/1484 866/1482
f 886/1484 724/1473 735/1458
f 886/1484 735/1458 889/1459
f 886/1484 889/1459 906/1485
f 886/1484 906/1485 866/1482
f 906/1485 889/1459 893/1486
f 906/1485 893/1486 827/1487
f 906/1485 827/1487 866/1482
f 827/1487 893/1486 751/1488
f 866/1482 827/1487 790/1489
f 866/1482 790/1489 727/1490
f 727/1490 790/1489 827/1487
f 727/1490 827/1487 751/1488
f 727/1490 751/1488 403/1491
f 2261/1492 2249/1456 2262/1481
f 2249/1456 2261/1492 2278/1493
f 2249/1456 2278/1493 2184/1446
f 2184/1446 2278/1493 2269/1440
f 2269/1440 2278/1493 2286/1494
f 2286/1494 2278/1493 2261/1492
f 2269/1440 2286/1494 2277/1419
f 2277/1419 2286/1494 2232/1495
f 2232/1495 2286/1494 2261/1492
f 2277/1419 2232/1495 2177/1424
f 2177/1424 2232/1495 2204/1496
f 2204/1496 2232/1495 2261/1492
f 2177/1424 2204/1496 2101/1497
f 2204/1496 2261/1492 2147/1498
f 2147/1498 2261/1492 2262/1481
f 2147/1498 2262/1481 2276/1480
f 2147/1498 2276/1480 2268/1499
f 2268/1499 2276/1480 2267/1477
f 2147/1498 2268/1499 2140/1500
f 2268/1499 2267/1477 2282/1501
f 2268/1499 2282/1501 2140/1500
f 2283/1502 2323/1503 2267/1477
f 2267/1477 2323/1503 2282/1501
f 2282/1501 2323/1503 2321/1504
f 2321/1504 2323/1503 2303/1505
f 2282/1501 2321/1504 2254/1506
f 2140/1500 2282/1501 2191/1507
f 2191/1507 2282/1501 2254/1506
f 2140/1500 2191/1507 2126/1508
f 2126/1508 2191/1507 2254/1506
f 2126/1508 2254/1506 2085/1509
f 2126/1508 2085/1509 1761/1510
f 322/1511 1532/1512 1711/1513
f 1532/1512 322/1511 186/1514
f 186/1514 322/1511 414/1515
f 186/1514 414/1515 447/1516
f 447/1516 414/1515 705/1517
f 414/1515 322/1511 721/1518
f 414/1515 721/1518 705/1517
f 721/1518 322/1511 751/1519
f 721/1518 751/1519 893/1520
f 721/1518 893/1520 705/1517
f 705/1517 893/1520 736/1521
f 736/1521 893/1520 889/1522
f 2124/1523 2101/1524 2204/1525
f 2124/1523 2204/1525 2147/1526
f 2168/1527 2177/1528 2101/1524
f 2168/1527 2101/1524 1711/1529
f 1711/1529 2101/1524 1723/1530
f 1711/1529 1723/1530 322/1531
f 2101/1524 2124/1523 1699/1532
f 2101/1524 1699/1532 1723/1530
f 2124/1523 2147/1526 1673/1533
f 2124/1523 1673/1533 1699/1532
f 322/1531 1723/1530 353/1534
f 322/1531 353/1534 751/1535
f 1723/1530 1699/1532 1503/1536
f 1723/1530 1503/1536 353/1534
f 1503/1536 1699/1532 1673/1533
f 751/1535 353/1534 352/1537
f 751/1535 352/1537 403/1538
f 353/1534 1503/1536 203/1539
f 353/1534 203/1539 352/1537
f 203/1539 1503/1536 29/1540
f 29/1540 1503/1536 1673/1533
f 352/1537 203/1539 249/1541
f 249/1541 203/1539 154/1542
f 154/1542 203/1539 29/1540
f 352/1537 249/1541 444/1543
f 154/1542 29/1540 110/1544
f 352/1537 444/1543 497/1545
f 352/1537 497/1545 403/1538
f 110/1544 29/1540 1465/1546
f 1465/1546 29/1540 1511/1547
f 1465/1546 1511/1547 1508/1548
f 1511/1547 29/1540 1673/1533
f 1508/1548 1511/1547 1512/1549
f 1512/1549 1511/1547 1515/1550
f 1512/1549 1515/1550 1507/1551
f 1515/1550 1511/1547 1673/1533
f 1515/1550 1673/1533 1513/1552
f 1761/1553 1603/1554 1673/1533
f 1761/1553 1673/1533 1811/1555
f 1811/1555 1673/1533 2147/1526
f 1761/1553 1811/1555 2126/1556
f 1811/1555 2147/1526 2140/1557
f 1811/1555 2140/1557 2126/1556
f 753/1558 727/1559 403/1538
f 753/1558 403/1538 497/1545
f 727/1559 753/1558 903/1560
f 727/1559 903/1560 866/1561
f 903/1560 753/1558 847/1562
f 847/1562 753/1558 748/1563
f 748/1563 753/1558 497/1545
f 748/1563 497/1545 585/1564
f 748/1563 585/1564 707/1565
f 847/1566 968/1567 903/1568
f 903/1568 968/1567 804/1569
f 804/1569 968/1567 998/1570
f 998/1570 968/1567 1069/1571
f 998/1570 1069/1571 966/1572
f 998/1570 966/1572 911/1573
f 804/1569 998/1570 878/1574
f 878/1574 998/1570 911/1573
f 911/1573 966/1572 963/1575
f 878/1574 911/1573 823/1576
f 804/1569 878/1574 714/1577
f 714/1577 878/1574 823/1576
f 823/1576 911/1573 796/1578
f 823/1576 796/1578 714/1577
f 911/1573 963/1575 885/1579
f 911/1573 885/1579 796/1578
f 714/1577 796/1578 661/1580
f 661/1580 796/1578 885/1579
f 804/1569 714/1577 489/1581
f 489/1581 714/1577 661/1580
f 804/1569 489/1581 427/1582
f 885/1579 963/1575 871/1583
f 427/1582 489/1581 400/1584
f 400/1584 489/1581 661/1580
f 427/1582 400/1584 1621/1585
f 661/1580 885/1579 631/1586
f 631/1586 885/1579 871/1583
f 400/1584 661/1580 538/1587
f 538/1587 661/1580 631/1586
f 1621/1585 400/1584 1470/1588
f 1470/1588 400/1584 538/1587
f 1470/1588 538/1587 631/1586
f 853/1589 871/1583 963/1575
f 871/1583 853/1589 631/1586
f 853/1589 963/1575 948/1590
f 631/1586 853/1589 590/1591
f 590/1591 853/1589 849/1592
f 631/1586 590/1591 1470/1588
f 469/1593 66/1594 590/1591
f 590/1591 66/1594 78/1595
f 590/1591 78/1595 1470/1588
f 78/1595 66/1594 1732/1596
f 78/1595 1732/1596 1800/1597
f 78/1595 1800/1597 1470/1588
f 1470/1588 1800/1597 2066/1598
f 2066/1598 1800/1597 2146/1599
f 2066/1598 2146/1599 2211/1600
f 1470/1588 2066/1598 2182/1601
f 2182/1601 2066/1598 2211/1600
f 1470/1588 2182/1601 1621/1585
f 2182/1601 2211/1600 2283/1602
f 2182/1601 2283/1602 2267/1603
f 2283/1602 2211/1600 2288/1604
f 2288/1604 2211/1600 2237/1605
f 2283/1602 2288/1604 2323/1606
f 2288/1604 2237/1605 2250/1607
f 2323/1606 2288/1604 2303/1608
f 2303/1608 2288/1604 2250/1607
f 2250/1609 2270/1610 2303/1611
f 2270/1610 2250/1609 2245/1612
f 2270/1610 2245/1612 2256/1613
f 2256/1613 2245/1612 2257/1614
f 2245/1612 2250/1609 2174/1615
f 2257/1614 2245/1612 2219/1616
f 2219/1616 2245/1612 2194/1617
f 2194/1617 2245/1612 2174/1615
f 2257/1614 2219/1616 2205/1618
f 2257/1614 2205/1618 2221/1619
f 2221/1619 2205/1618 2220/1620
f 2205/1618 2219/1616 2212/1621
f 2212/1621 2219/1616 2194/1617
f 2220/1620 2205/1618 2197/1622
f 2220/1620 2197/1622 2190/1623
f 2205/1618 2212/1621 2189/1624
f 2205/1618 2189/1624 2197/1622
f 2212/1621 2194/1617 2202/1625
f 2189/1624 2212/1621 2210/1626
f 2210/1626 2212/1621 2202/1625
f 2197/1622 2189/1624 2158/1627
f 2158/1627 2189/1624 2210/1626
f 2098/1628 2190/1623 2197/1622
f 2098/1628 2197/1622 2158/1627
f 2190/1623 2098/1628 2145/1629
f 2145/1629 2098/1628 1923/1630
f 2145/1629 1923/1630 2010/1631
f 2098/1628 2158/1627 2052/1632
f 2098/1628 2052/1632 1923/1630
f 2164/1633 2158/1627 2210/1626
f 2158/1627 2164/1633 2052/1632
f 2164/1633 2210/1626 2153/1634
f 2153/1634 2210/1626 2202/1625
f 2153/1634 2202/1625 2156/1635
f 2156/1635 2202/1625 2154/1636
f 2154/1636 2202/1625 2194/1617
f 2153/1634 2156/1635 2117/1637
f 2117/1637 2156/1635 2154/1636
f 2164/1633 2153/1634 2047/1638
f 2154/1636 2194/1617 2176/1639
f 2047/1638 2153/1634 2031/1640
f 2031/1640 2153/1634 2117/1637
f 2176/1639 2194/1617 2174/1615
f 2164/1633 2047/1638 2050/1641
f 2164/1633 2050/1641 2052/1632
f 2050/1641 2047/1638 1848/1642
f 1848/1642 2047/1638 2031/1640
f 2052/1632 2050/1641 1882/1643
f 1882/1643 2050/1641 1848/1642
f 2151/1644 2154/1636 2176/1639
f 2154/1636 2151/1644 2117/1637
f 1882/1643 1848/1642 1649/1645
f 2052/1632 1882/1643 1682/1646
f 1682/1646 1882/1643 1661/1647
f 1661/1647 1882/1643 1649/1645
f 1682/1646 1661/1647 12/1648
f 1661/1647 1649/1645 53/1649
f 53/1649 1649/1645 32/1650
f 32/1650 1649/1645 26/1651
f 2052/1632 1682/1646 1835/1652
f 2052/1632 1835/1652 1923/1630
f 1835/1652 1682/1646 1701/1653
f 1923/1630 1835/1652 1873/1654
f 1835/1652 1701/1653 1733/1655
f 1835/1652 1733/1655 1873/1654
f 1873/1654 1733/1655 1810/1656
f 1873/1654 1810/1656 1973/1657
f 1663/1658 26/1651 1649/1645
f 1663/1658 1649/1645 1848/1642
f 26/1651 1663/1658 4/1659
f 26/1651 4/1659 296/1660
f 296/1660 4/1659 379/1661
f 1663/1658 1848/1642 1690/1662
f 1663/1658 1690/1662 4/1659
f 1690/1662 1848/1642 2031/1640
f 379/1661 4/1659 1429/1663
f 1429/1663 4/1659 1690/1662
f 379/1661 1429/1663 318/1664
f 1690/1662 2031/1640 1787/1665
f 1690/1662 1787/1665 1429/1663
f 1787/1665 2031/1640 2011/1666
f 2011/1666 2031/1640 2117/1637
f 1429/1663 1787/1665 1728/1667
f 1787/1665 2011/1666 1935/1668
f 1787/1665 1935/1668 1728/1667
f 2011/1666 2117/1637 2102/1669
f 2011/1666 2102/1669 1935/1668
f 2102/1669 2117/1637 2113/1670
f 1935/1668 2102/1669 1860/1671
f 1935/1668 1860/1671 1728/1667
f 1860/1671 2102/1669 2081/1672
f 2081/1672 2102/1669 2113/1670
f 1860/1671 2081/1672 1861/1673
f 1860/1671 1861/1673 1728/1667
f 1728/1667 1861/1673 1602/1674
f 2151/1644 2113/1670 2117/1637
f 2081/1672 2113/1670 2118/1675
f 1861/1673 2081/1672 2136/1676
f 2136/1676 2081/1672 2118/1675
f 1602/1674 1861/1673 1855/1677
f 1855/1677 1861/1673 2136/1676
f 1728/1667 1602/1674 1459/1678
f 1459/1678 1602/1674 1855/1677
f 2118/1675 2113/1670 2128/1679
f 2118/1675 2128/1679 2136/1676
f 2128/1679 2113/1670 2131/1680
f 2131/1680 2113/1670 2151/1644
f 2136/1676 2128/1679 2137/1681
f 2128/1679 2131/1680 2077/1682
f 2128/1679 2077/1682 2137/1681
f 2131/1680 2151/1644 2060/1683
f 2131/1680 2060/1683 2077/1682
f 2060/1683 2151/1644 2064/1684
f 2064/1684 2151/1644 2176/1639
f 2077/1682 2060/1683 1925/1685
f 1925/1685 2060/1683 2064/1684
f 2064/1684 2176/1639 2097/1686
f 2097/1686 2176/1639 2174/1615
f 2097/1686 2174/1615 2180/1687
f 2180/1687 2174/1615 2250/1609
f 2180/1687 2250/1609 2237/1688
f 2097/1686 2180/1687 1982/1689
f 2097/1686 1982/1689 2064/1684
f 2180/1687 2237/1688 2146/1690
f 2180/1687 2146/1690 1982/1689
f 2146/1690 2237/1688 2211/1691
f 1982/1689 2146/1690 1932/1692
f 2064/1684 1982/1689 1941/1693
f 1941/1693 1982/1689 1932/1692
f 2064/1684 1941/1693 1925/1685
f 1932/1692 2146/1690 1732/1694
f 1932/1692 1732/1694 1941/1693
f 1732/1694 2146/1690 1800/1695
f 1941/1693 1732/1694 1742/1696
f 1941/1693 1742/1696 1925/1685
f 1742/1696 1732/1694 66/1697
f 1925/1685 1742/1696 1795/1698
f 1742/1696 66/1697 1525/1699
f 1742/1696 1525/1699 1795/1698
f 1525/1699 66/1697 104/1700
f 104/1700 66/1697 469/1701
f 104/1700 469/1701 314/1702
f 1525/1699 104/1700 47/1703
f 1525/1699 47/1703 1596/1704
f 1525/1699 1596/1704 1795/1698
f 2019/1705 1925/1685 1795/1698
f 1925/1685 2019/1705 2077/1682
f 1795/1698 1596/1704 1911/1706
f 1795/1698 1911/1706 2019/1705
f 1911/1706 1596/1704 1680/1707
f 2077/1682 2019/1705 2084/1708
f 2084/1708 2019/1705 1911/1706
f 2077/1682 2084/1708 2137/1681
f 1911/1706 1680/1707 1842/1709
f 1911/1706 1842/1709 2084/1708
f 1842/1709 1680/1707 1859/1710
f 2084/1708 1842/1709 1985/1711
f 2084/1708 1985/1711 2137/1681
f 1985/1711 1842/1709 1958/1712
f 1985/1711 1958/1712 2020/1713
f 1985/1711 2020/1713 2023/1714
f 1985/1711 2023/1714 2137/1681
f 2023/1714 2020/1713 2033/1715
f 2137/1681 2023/1714 1994/1716
f 1994/1716 2023/1714 2033/1715
f 2137/1681 1994/1716 2136/1676
f 1994/1716 2033/1715 2002/1717
f 2136/1676 1994/1716 1855/1677
f 1994/1716 2002/1717 1889/1718
f 1994/1716 1889/1718 1748/1719
f 1994/1716 1748/1719 1855/1677
f 1748/1719 1889/1718 1737/1720
f 1855/1677 1748/1719 1589/1721
f 1855/1677 1589/1721 1459/1678
f 1748/1719 1737/1720 1653/1722
f 1653/1722 1737/1720 1568/1723
f 1653/1722 1568/1723 1492/1724
f 1748/1719 1653/1722 1496/1725
f 1496/1725 1653/1722 1492/1724
f 1748/1719 1496/1725 1589/1721
f 1496/1725 1492/1724 88/1726
f 1454/1727 1459/1678 1589/1721
f 1454/1727 1589/1721 1496/1725
f 1459/1678 1454/1727 113/1728
f 1454/1727 1496/1725 188/1729
f 1454/1727 188/1729 113/1728
f 1496/1725 88/1726 73/1730
f 1496/1725 73/1730 188/1729
f 73/1730 88/1726 163/1731
f 163/1731 88/1726 185/1732
f 188/1729 73/1730 332/1733
f 332/1733 73/1730 163/1731
f 113/1728 188/1729 355/1734
f 355/1734 188/1729 332/1733
f 1416/1735 1459/1678 113/1728
f 1459/1678 1416/1735 1728/1667
f 1728/1667 1416/1735 1429/1663
f 1429/1663 1416/1735 318/1664
f 1416/1735 113/1728 221/1736
f 1416/1735 221/1736 318/1664
f 221/1736 113/1728 355/1734
f 318/1664 221/1736 366/1737
f 366/1737 221/1736 355/1734
f 366/1737 355/1734 446/1738
f 366/1737 446/1738 505/1739
f 385/1740 355/1734 332/1733
f 385/1740 332/1733 163/1731
f 446/1738 355/1734 438/1741
f 438/1741 355/1734 385/1740
f 505/1739 446/1738 465/1742
f 465/1742 446/1738 438/1741
f 505/1739 465/1742 486/1743
f 505/1739 486/1743 556/1744
f 465/1742 438/1741 467/1745
f 465/1742 467/1745 486/1743
f 467/1745 438/1741 385/1740
f 556/1744 486/1743 481/1746
f 481/1746 486/1743 467/1745
f 556/1744 481/1746 374/1747
f 481/1746 467/1745 429/1748
f 192/1749 385/1740 163/1731
f 385/1740 192/1749 467/1745
f 192/1749 163/1731 185/1732
f 192/1749 185/1732 194/1750
f 467/1745 192/1749 63/1751
f 63/1751 192/1749 194/1750
f 467/1745 63/1751 429/1748
f 63/1751 194/1750 67/1752
f 63/1751 67/1752 1450/1753
f 429/1748 63/1751 282/1754
f 429/1748 282/1754 481/1746
f 63/1751 1450/1753 1484/1755
f 1484/1755 1450/1753 1567/1756
f 1484/1755 1567/1756 1680/1757
f 1484/1755 1680/1757 1596/1758
f 63/1751 1484/1755 173/1759
f 173/1759 1484/1755 1596/1758
f 63/1751 173/1759 282/1754
f 173/1759 1596/1758 47/1760
f 396/1761 481/1746 282/1754
f 396/1761 282/1754 173/1759
f 481/1746 396/1761 374/1747
f 173/1759 47/1760 268/1762
f 173/1759 268/1762 396/1761
f 268/1762 47/1760 104/1763
f 268/1762 104/1763 314/1764
f 268/1762 314/1764 396/1761
f 396/1761 314/1764 374/1747
f 374/1747 314/1764 515/1765
f 708/1766 515/1767 314/1768
f 708/1766 314/1768 469/1769
f 708/1766 469/1769 849/1770
f 849/1770 469/1769 590/1771
f 515/1767 708/1766 766/1772
f 766/1772 708/1766 849/1770
f 515/1767 766/1772 650/1773
f 515/1767 650/1773 374/1774
f 374/1774 650/1773 556/1775
f 556/1775 650/1773 516/1776
f 556/1775 516/1776 505/1777
f 505/1777 516/1776 366/1778
f 366/1778 516/1776 318/1779
f 318/1779 516/1776 478/1780
f 318/1779 478/1780 379/1781
f 516/1776 650/1773 655/1782
f 516/1776 655/1782 478/1780
f 655/1782 650/1773 770/1783
f 770/1783 650/1773 766/1772
f 379/1781 478/1780 532/1784
f 770/1783 766/1772 833/1785
f 833/1785 766/1772 849/1770
f 379/1781 532/1784 296/1786
f 478/1780 655/1782 657/1787
f 478/1780 657/1787 532/1784
f 655/1782 770/1783 763/1788
f 655/1782 763/1788 657/1787
f 763/1788 770/1783 815/1789
f 815/1789 770/1783 833/1785
f 657/1787 763/1788 694/1790
f 657/1787 694/1790 532/1784
f 763/1788 815/1789 854/1791
f 854/1791 815/1789 833/1785
f 763/1788 854/1791 694/1790
f 532/1784 694/1790 710/1792
f 582/1793 296/1786 532/1784
f 582/1793 532/1784 710/1792
f 296/1786 582/1793 331/1794
f 296/1786 331/1794 26/1795
f 26/1795 331/1794 32/1796
f 32/1796 331/1794 53/1797
f 710/1792 694/1790 872/1798
f 872/1798 694/1790 854/1791
f 582/1793 710/1792 665/1799
f 331/1794 582/1793 578/1800
f 578/1800 582/1793 665/1799
f 53/1797 331/1794 306/1801
f 306/1801 331/1794 578/1800
f 53/1797 306/1801 12/1802
f 53/1797 12/1802 1661/1803
f 665/1799 710/1792 767/1804
f 767/1804 710/1792 872/1798
f 665/1799 767/1804 733/1805
f 665/1799 733/1805 578/1800
f 306/1801 578/1800 329/1806
f 306/1801 329/1806 12/1802
f 1701/1807 1682/1808 12/1802
f 1701/1807 12/1802 1599/1809
f 1701/1807 1599/1809 1733/1810
f 1733/1810 1599/1809 1583/1811
f 1733/1810 1583/1811 1810/1812
f 1599/1809 12/1802 51/1813
f 1599/1809 51/1813 1583/1811
f 51/1813 12/1802 329/1806
f 1583/1811 51/1813 55/1814
f 55/1814 51/1813 329/1806
f 55/1814 329/1806 347/1815
f 347/1815 329/1806 421/1816
f 347/1815 421/1816 562/1817
f 421/1816 329/1806 592/1818
f 592/1818 329/1806 578/1800
f 562/1817 421/1816 553/1819
f 421/1816 592/1818 622/1820
f 421/1816 622/1820 553/1819
f 562/1817 553/1819 602/1821
f 562/1817 602/1821 607/1822
f 553/1819 622/1820 709/1823
f 709/1823 622/1820 592/1818
f 602/1821 553/1819 693/1824
f 602/1821 693/1824 607/1822
f 693/1824 553/1819 709/1823
f 607/1822 693/1824 726/1825
f 726/1825 693/1824 709/1823
f 726/1825 709/1823 742/1826
f 709/1823 592/1818 684/1827
f 709/1823 684/1827 742/1826
f 635/1828 592/1818 578/1800
f 592/1818 635/1828 684/1827
f 635/1828 578/1800 733/1805
f 684/1827 635/1828 734/1829
f 684/1827 734/1829 742/1826
f 734/1829 635/1828 733/1805
f 742/1826 734/1829 772/1830
f 742/1826 772/1830 756/1831
f 772/1830 734/1829 826/1832
f 734/1829 733/1805 803/1833
f 734/1829 803/1833 826/1832
f 803/1833 733/1805 857/1834
f 857/1834 733/1805 767/1804
f 826/1832 803/1833 891/1835
f 891/1835 803/1833 857/1834
f 826/1832 891/1835 907/1836
f 857/1834 767/1804 872/1798
f 907/1836 891/1835 955/1837
f 907/1836 955/1837 971/1838
f 891/1835 857/1834 896/1839
f 896/1839 857/1834 872/1798
f 891/1835 896/1839 955/1837
f 971/1838 955/1837 1066/1840
f 955/1837 896/1839 934/1841
f 1066/1840 955/1837 975/1842
f 975/1842 955/1837 934/1841
f 896/1839 872/1798 943/1843
f 896/1839 943/1843 934/1841
f 943/1843 872/1798 926/1844
f 926/1844 872/1798 854/1791
f 943/1843 926/1844 985/1845
f 934/1841 943/1843 997/1846
f 997/1846 943/1843 985/1845
f 985/1845 926/1844 1010/1847
f 985/1845 1010/1847 997/1846
f 926/1844 854/1791 927/1848
f 926/1844 927/1848 1010/1847
f 927/1848 854/1791 880/1849
f 880/1849 854/1791 833/1785
f 1010/1847 927/1848 959/1850
f 959/1850 927/1848 880/1849
f 997/1846 1010/1847 1023/1851
f 1023/1851 1010/1847 959/1850
f 880/1849 833/1785 917/1852
f 880/1849 917/1852 959/1850
f 917/1852 833/1785 849/1770
f 948/1853 849/1770 853/1854
f 849/1770 948/1853 917/1852
f 917/1852 948/1853 999/1855
f 1023/1851 959/1850 976/1856
f 976/1856 959/1850 917/1852
f 992/1857 997/1846 1023/1851
f 992/1857 1023/1851 976/1856
f 997/1846 992/1857 934/1841
f 992/1857 976/1856 942/1858
f 992/1857 942/1858 934/1841
f 942/1858 976/1856 917/1852
f 934/1841 942/1858 975/1842
f 975/1842 942/1858 917/1852
f 975/1842 917/1852 972/1859
f 972/1859 917/1852 999/1855
f 975/1842 972/1859 1051/1860
f 975/1842 1051/1860 1066/1840
f 1066/1840 1051/1860 1096/1861
f 1096/1861 1051/1860 1126/1862
f 1126/1862 1051/1860 972/1859
f 1096/1861 1126/1862 1195/1863
f 1195/1863 1126/1862 1224/1864
f 1126/1862 972/1859 1050/1865
f 1126/1862 1050/1865 1224/1864
f 1050/1865 972/1859 999/1855
f 1224/1864 1050/1865 1072/1866
f 1072/1866 1050/1865 999/1855
f 1072/1866 999/1855 986/1867
f 222/1868 72/1869 290/1870
f 290/1870 72/1869 211/1871
f 290/1870 211/1871 383/1872
f 383/1872 211/1871 286/1873
f 383/1872 286/1873 376/1874
f 376/1874 286/1873 445/1875
f 376/1874 445/1875 383/1872
f 290/1870 383/1872 474/1876
f 474/1876 383/1872 445/1875
f 290/1870 474/1876 222/1868
f 474/1876 445/1875 508/1877
f 508/1877 445/1875 537/1878
f 508/1877 537/1878 517/1879
f 474/1876 508/1877 315/1880
f 474/1876 315/1880 222/1868
f 508/1877 517/1879 485/1881
f 485/1881 517/1879 365/1882
f 315/1880 508/1877 422/1883
f 422/1883 508/1877 485/1881
f 485/1881 365/1882 377/1884
f 485/1881 377/1884 422/1883
f 377/1884 365/1882 246/1885
f 422/1883 377/1884 325/1886
f 325/1886 377/1884 246/1885
f 422/1883 325/1886 315/1880
f 325/1886 246/1885 195/1887
f 325/1886 195/1887 229/1888
f 325/1886 229/1888 315/1880
f 315/1880 229/1888 222/1868
f 222/1868 229/1888 76/1889
f 76/1889 229/1888 1477/1890
f 222/1868 76/1889 72/1869
f 76/1889 1477/1890 1475/1891
f 76/1889 1475/1891 72/1869
f 1573/1892 1463/1893 1475/1894
f 1475/1894 1463/1893 72/1895
f 1686/1896 1694/1897 1573/1892
f 1573/1892 1694/1897 1646/1898
f 1646/1898 1694/1897 1759/1899
f 1463/1893 1573/1892 1517/1900
f 1517/1900 1573/1892 1646/1898
f 1646/1898 1759/1899 1773/1901
f 1773/1901 1759/1899 1859/1902
f 1646/1898 1773/1901 1697/1903
f 1697/1903 1773/1901 1859/1902
f 1646/1898 1697/1903 1517/1900
f 1697/1903 1859/1902 1680/1904
f 1697/1903 1680/1904 1567/1905
f 1697/1903 1567/1905 1517/1900
f 1517/1900 1567/1905 8/1906
f 8/1906 1567/1905 1450/1907
f 8/1906 1450/1907 67/1908
f 1517/1900 8/1906 1426/1909
f 1517/1900 1426/1909 1463/1893
f 8/1906 67/1908 224/1910
f 224/1910 67/1908 194/1911
f 1426/1909 8/1906 108/1912
f 108/1912 8/1906 224/1910
f 1463/1893 1426/1909 103/1913
f 103/1913 1426/1909 108/1912
f 1463/1893 103/1913 72/1895
f 72/1895 103/1913 211/1914
f 211/1914 103/1913 206/1915
f 206/1915 103/1913 108/1912
f 211/1914 206/1915 286/1916
f 108/1912 224/1910 168/1917
f 108/1912 168/1917 206/1915
f 168/1917 224/1910 227/1918
f 168/1917 227/1918 206/1915
f 286/1916 206/1915 226/1919
f 226/1919 206/1915 227/1918
f 286/1916 226/1919 193/1920
f 227/1918 224/1910 275/1921
f 275/1921 224/1910 194/1911
f 226/1919 227/1918 199/1922
f 226/1919 199/1922 193/1920
f 199/1922 227/1918 275/1921
f 275/1921 194/1911 185/1923
f 275/1921 185/1923 267/1924
f 275/1921 267/1924 199/1922
f 267/1924 185/1923 214/1925
f 267/1924 214/1925 199/1922
f 214/1925 185/1923 134/1926
f 214/1925 134/1926 199/1922
f 134/1926 185/1923 88/1927
f 112/1928 193/1920 199/1922
f 112/1928 199/1922 134/1926
f 193/1920 112/1928 87/1929
f 134/1926 88/1927 25/1930
f 134/1926 25/1930 112/1928
f 25/1930 88/1927 1492/1931
f 87/1929 112/1928 1434/1932
f 1434/1932 112/1928 25/1930
f 25/1930 1492/1931 1568/1933
f 1434/1932 25/1930 1538/1934
f 25/1930 1568/1933 1584/1935
f 25/1930 1584/1935 1538/1934
f 1584/1935 1568/1933 1737/1936
f 1434/1932 1538/1934 1495/1937
f 1434/1932 1495/1937 1554/1938
f 1538/1934 1584/1935 1698/1939
f 1698/1939 1584/1935 1737/1936
f 1554/1938 1495/1937 1623/1940
f 1623/1940 1495/1937 1538/1934
f 1554/1938 1623/1940 1751/1941
f 1698/1939 1737/1936 1939/1942
f 1939/1942 1737/1936 1889/1943
f 1538/1934 1698/1939 1683/1944
f 1538/1934 1683/1944 1623/1940
f 1939/1942 1889/1943 2002/1945
f 1683/1944 1698/1939 1931/1946
f 1931/1946 1698/1939 1939/1942
f 1623/1940 1683/1944 1849/1947
f 1849/1947 1683/1944 1931/1946
f 1623/1940 1849/1947 1751/1941
f 1939/1942 2002/1945 1996/1948
f 1996/1948 2002/1945 2033/1949
f 1931/1946 1939/1942 2006/1950
f 2006/1950 1939/1942 1996/1948
f 1996/1948 2033/1949 2020/1951
f 1996/1948 2020/1951 2006/1950
f 1751/1941 1849/1947 1905/1952
f 1751/1941 1905/1952 1841/1953
f 1921/1954 1849/1947 1931/1946
f 1849/1947 1921/1954 1905/1952
f 1921/1954 1931/1946 2006/1950
f 1905/1952 1921/1954 1948/1955
f 1948/1955 1921/1954 2006/1950
f 1905/1952 1948/1955 1971/1956
f 1998/1957 2006/1950 2020/1951
f 2006/1950 1998/1957 1948/1955
f 1998/1957 2020/1951 1957/1958
f 1948/1955 1998/1957 1945/1959
f 1948/1955 1945/1959 1971/1956
f 1945/1959 1998/1957 1957/1958
f 1957/1958 2020/1951 1958/1960
f 1957/1958 1958/1960 1859/1961
f 1859/1961 1958/1960 1842/1962
f 1957/1958 1859/1961 1837/1963
f 1837/1963 1859/1961 1759/1964
f 1837/1963 1759/1964 1694/1965
f 1957/1958 1837/1963 1912/1966
f 1957/1958 1912/1966 1945/1959
f 1837/1963 1694/1965 1878/1967
f 1837/1963 1878/1967 1912/1966
f 1878/1967 1694/1965 1944/1968
f 1945/1959 1912/1966 1954/1969
f 1954/1969 1912/1966 1878/1967
f 1945/1959 1954/1969 1971/1956
f 1954/1969 1878/1967 2038/1970
f 1954/1969 2038/1970 1971/1956
f 1840/1971 1694/1972 1686/1973
f 1694/1972 1840/1971 1944/1974
f 1944/1974 1840/1971 1920/1975
f 1944/1974 1920/1975 2042/1976
f 1840/1971 1686/1973 1783/1977
f 1840/1971 1783/1977 1920/1975
f 1783/1977 1686/1973 1477/1978
f 1477/1978 1686/1973 1573/1979
f 1477/1978 1573/1979 1475/1980
f 1783/1977 1477/1978 1542/1981
f 1783/1977 1542/1981 1920/1975
f 1542/1981 1477/1978 38/1982
f 1542/1981 38/1982 204/1983
f 1542/1981 204/1983 1473/1984
f 1920/1975 1542/1981 1833/1985
f 1833/1985 1542/1981 1473/1984
f 2015/1986 2042/1976 1920/1975
f 2015/1986 1920/1975 1833/1985
f 2042/1976 2015/1986 2076/1987
f 2076/1987 2015/1986 2045/1988
f 2076/1987 2045/1988 2089/1989
f 2089/1989 2045/1988 2030/1990
f 2030/1990 2045/1988 1986/1991
f 2045/1988 2015/1986 1874/1992
f 2045/1988 1874/1992 1986/1991
f 2030/1990 1986/1991 1902/1993
f 1902/1993 1986/1991 1874/1992
f 2030/1990 1902/1993 2004/1994
f 1874/1992 2015/1986 1876/1995
f 1876/1995 2015/1986 1833/1985
f 1874/1992 1876/1995 1779/1996
f 1874/1992 1779/1996 1902/1993
f 2004/1994 1902/1993 1892/1997
f 1876/1995 1833/1985 1760/1998
f 1876/1995 1760/1998 1779/1996
f 1760/1998 1833/1985 1627/1999
f 1627/1999 1833/1985 1523/2000
f 1523/2000 1833/1985 1473/1984
f 1760/1998 1627/1999 1630/2001
f 1760/1998 1630/2001 1779/1996
f 1627/1999 1523/2000 1530/2002
f 1627/1999 1530/2002 1630/2001
f 1523/2000 1473/1984 1433/2003
f 1523/2000 1433/2003 1530/2002
f 1433/2003 1473/1984 174/2004
f 1433/2003 174/2004 116/2005
f 116/2005 174/2004 218/2006
f 1530/2002 1433/2003 1420/2007
f 1420/2007 1433/2003 116/2005
f 116/2005 218/2006 124/2008
f 116/2005 124/2008 1420/2007
f 124/2008 218/2006 258/2009
f 124/2008 258/2009 184/2010
f 1420/2007 124/2008 27/2011
f 27/2011 124/2008 184/2010
f 1530/2002 1420/2007 1474/2012
f 1474/2012 1420/2007 27/2011
f 27/2011 184/2010 10/2013
f 10/2013 184/2010 150/2014
f 27/2011 10/2013 1452/2015
f 27/2011 1452/2015 1474/2012
f 1452/2015 10/2013 1469/2016
f 1530/2002 1474/2012 1578/2017
f 1530/2002 1578/2017 1630/2001
f 1474/2012 1452/2015 1528/2018
f 1528/2018 1452/2015 1469/2016
f 1578/2017 1474/2012 1609/2019
f 1609/2019 1474/2012 1528/2018
f 1630/2001 1578/2017 1644/2020
f 1644/2020 1578/2017 1609/2019
f 1630/2001 1644/2020 1779/1996
f 1528/2018 1469/2016 1587/2021
f 1528/2018 1587/2021 1609/2019
f 1587/2021 1469/2016 1490/2022
f 1587/2021 1490/2022 1636/2023
f 1779/1996 1644/2020 1796/2024
f 1779/1996 1796/2024 1902/1993
f 1644/2020 1609/2019 1654/2025
f 1654/2025 1609/2019 1587/2021
f 1796/2024 1644/2020 1771/2026
f 1771/2026 1644/2020 1654/2025
f 1902/1993 1796/2024 1883/2027
f 1883/2027 1796/2024 1771/2026
f 1902/1993 1883/2027 1892/1997
f 1771/2026 1654/2025 1756/2028
f 1771/2026 1756/2028 1883/2027
f 1654/2025 1587/2021 1629/2029
f 1654/2025 1629/2029 1756/2028
f 1629/2029 1587/2021 1636/2023
f 1883/2027 1756/2028 1767/2030
f 1883/2027 1767/2030 1892/1997
f 1767/2030 1756/2028 1629/2029
f 1892/1997 1767/2030 1768/2031
f 1768/2031 1767/2030 1629/2029
f 1768/2031 1629/2029 1636/2023
f 1892/1997 1768/2031 1884/2032
f 1768/2031 1636/2023 1719/2033
f 1768/2031 1719/2033 1884/2032
f 1477/2034 229/2035 38/2036
f 38/2036 229/2035 195/2037
f 38/2036 195/2037 181/2038
f 38/2036 181/2038 204/2039
f 181/2038 195/2037 200/2040
f 200/2040 195/2037 246/2041
f 200/2040 246/2041 365/2042
f 181/2038 200/2040 279/2043
f 181/2038 279/2043 204/2039
f 200/2040 365/2042 342/2044
f 200/2040 342/2044 279/2043
f 342/2044 365/2042 480/2045
f 480/2045 365/2042 517/2046
f 480/2045 517/2046 537/2047
f 342/2044 480/2045 373/2048
f 373/2048 480/2045 537/2047
f 342/2044 373/2048 279/2043
f 174/2049 204/2039 279/2043
f 204/2039 174/2049 1473/2050
f 174/2049 279/2043 295/2051
f 174/2049 295/2051 218/2052
f 279/2043 373/2048 337/2053
f 279/2043 337/2053 295/2051
f 218/2052 295/2051 300/2054
f 300/2054 295/2051 337/2053
f 218/2052 300/2054 258/2055
f 258/2055 300/2054 326/2056
f 326/2056 300/2054 337/2053
f 258/2055 326/2056 184/2057
f 340/2058 337/2053 373/2048
f 326/2056 337/2053 308/2059
f 308/2059 337/2053 340/2058
f 184/2057 326/2056 276/2060
f 276/2060 326/2056 308/2059
f 184/2057 276/2060 150/2061
f 340/2058 373/2048 389/2062
f 389/2062 373/2048 537/2047
f 389/2062 537/2047 380/2063
f 389/2062 380/2063 340/2058
f 380/2063 537/2047 445/2064
f 380/2063 445/2064 286/2065
f 380/2063 286/2065 269/2066
f 380/2063 269/2066 340/2058
f 269/2066 286/2065 193/2067
f 269/2066 193/2067 87/2068
f 340/2058 269/2066 293/2069
f 293/2069 269/2066 87/2068
f 340/2058 293/2069 308/2059
f 293/2069 87/2068 111/2070
f 308/2059 293/2069 223/2071
f 308/2059 223/2071 276/2060
f 293/2069 111/2070 171/2072
f 293/2069 171/2072 223/2071
f 171/2072 111/2070 1481/2073
f 223/2071 171/2072 117/2074
f 276/2060 223/2071 121/2075
f 121/2075 223/2071 117/2074
f 276/2060 121/2075 150/2061
f 150/2061 121/2075 10/2076
f 121/2075 117/2074 1421/2077
f 1421/2077 117/2074 171/2072
f 121/2075 1421/2077 10/2076
f 1421/2077 171/2072 1481/2073
f 10/2076 1421/2077 1490/2078
f 10/2076 1490/2078 1469/2079
f 1421/2077 1481/2073 1487/2080
f 1421/2077 1487/2080 1490/2078
f 1487/2080 1481/2073 1719/2081
f 1490/2078 1487/2080 1636/2082
f 1636/2082 1487/2080 1719/2081
f 1944/2083 2038/2084 1878/2085
f 2038/2084 1944/2083 2042/2086
f 2038/2084 2042/2086 2112/2087
f 2112/2087 2042/2086 2076/2088
f 2038/2084 2112/2087 1971/2089
f 2112/2087 2076/2088 2104/2090
f 2104/2090 2076/2088 2089/2091
f 1971/2089 2112/2087 2067/2092
f 1971/2089 2067/2092 1905/2093
f 2112/2087 2104/2090 2100/2094
f 2112/2087 2100/2094 2067/2092
f 2104/2090 2089/2091 2074/2095
f 2104/2090 2074/2095 2100/2094
f 2074/2095 2089/2091 2030/2096
f 2074/2095 2030/2096 2004/2097
f 1905/2093 2067/2092 1969/2098
f 1905/2093 1969/2098 1841/2099
f 2067/2092 2100/2094 2061/2100
f 2067/2092 2061/2100 1969/2098
f 2100/2094 2074/2095 2053/2101
f 2053/2101 2074/2095 2004/2097
f 2100/2094 2053/2101 2061/2100
f 1841/2099 1969/2098 1881/2102
f 1881/2102 1969/2098 2061/2100
f 2053/2101 2004/2097 1978/2103
f 1978/2103 2004/2097 1892/2104
f 1978/2103 1892/2104 1884/2105
f 2053/2101 1978/2103 1987/2106
f 2053/2101 1987/2106 2061/2100
f 1987/2106 1978/2103 1884/2105
f 2061/2100 1987/2106 1881/2102
f 1987/2106 1884/2105 1719/2107
f 1987/2106 1719/2107 1881/2102
f 1881/2102 1719/2107 1481/2108
f 1881/2102 1481/2108 1529/2109
f 1881/2102 1529/2109 1841/2099
f 1529/2109 1481/2108 111/2110
f 1841/2099 1529/2109 1491/2111
f 1491/2111 1529/2109 111/2110
f 1841/2099 1491/2111 1751/2112
f 1491/2111 111/2110 87/2113
f 1751/2112 1491/2111 1554/2114
f 1491/2111 87/2113 1434/2115
f 1491/2111 1434/2115 1554/2114
f 1620/2116 54/2117 1556/2118
f 54/2117 1620/2116 1666/2119
f 54/2117 1666/2119 1438/2120
f 54/2117 1438/2120 69/2121
f 54/2117 69/2121 201/2122
f 1556/2118 54/2117 191/2123
f 191/2123 54/2117 201/2122
f 1556/2118 191/2123 1451/2124
f 191/2123 201/2122 289/2125
f 191/2123 289/2125 1451/2124
f 289/2125 201/2122 371/2126
f 371/2126 201/2122 406/2127
f 371/2126 406/2127 441/1037
f 371/2126 441/1037 95/1039
f 289/2125 371/2126 42/2128
f 289/2125 42/2128 1451/2124
f 42/2128 371/2126 95/1039
f 1501/2129 1556/2118 1451/2124
f 1501/2129 1451/2124 42/2128
f 1501/2129 42/2128 95/1039
f 1556/2118 1501/2129 1641/2130
f 1501/2129 95/1039 1533/1046
f 1501/2129 1533/1046 1641/2130
f 1620/2131 1641/2132 1666/2133
f 1641/2132 1620/2131 1556/2134
f 1641/2135 1681/2136 1666/2137
f 1666/2138 1681/2139 1687/2140
f 1687/2140 1681/2139 1665/2141
f 1665/2141 1681/2139 1641/2142
f 1665/2141 1641/2142 1533/2143
f 1665/2141 1533/2143 1803/2144
f 1803/2144 1533/2143 1741/2145
f 1803/2144 1741/2145 2048/2146
f 2048/2146 1741/2145 2150/2147
f 2150/2147 1741/2145 2108/2148
f 1666/2149 1687/2150 1637/2151
f 1637/2151 1687/2150 1581/2152
f 1637/2151 1581/2152 20/2153
f 20/2153 1581/2152 99/2154
f 1581/2152 1687/2150 1625/2155
f 1625/2155 1687/2150 1665/2156
f 99/2154 1581/2152 1485/2157
f 1485/2157 1581/2152 1625/2155
f 99/2154 1485/2157 155/2158
f 1485/2157 1625/2155 1471/2159
f 1485/2157 1471/2159 350/2160
f 350/2160 1471/2159 1441/2161
f 350/2160 1441/2161 356/2162
f 1441/2161 1471/2159 1509/2163
f 1509/2163 1471/2159 1825/2164
f 1825/2164 1471/2159 1625/2155
f 1509/2163 1825/2164 1865/2165
f 1865/2165 1825/2164 1999/2166
f 1999/2166 1825/2164 2095/2167
f 1865/2165 1999/2166 2125/2168
f 2125/2168 1999/2166 2095/2167
f 1865/2165 2125/2168 2144/2169
f 1865/2165 2144/2169 1962/2170
f 1962/2170 2144/2169 2139/2171
f 2144/2169 2125/2168 2264/2172
f 2264/2172 2125/2168 2095/2167
f 2139/2171 2144/2169 2230/2173
f 2139/2171 2230/2173 2297/2174
f 2230/2173 2144/2169 2293/2175
f 2293/2175 2144/2169 2264/2172
f 2230/2173 2293/2175 2297/2174
f 2139/2171 2297/2174 2207/2176
f 2207/2176 2297/2174 2309/2177
f 2207/2176 2309/2177 2298/2178
f 2297/2174 2293/2175 2327/2179
f 2309/2177 2297/2174 2341/2180
f 2341/2180 2297/2174 2327/2179
f 2298/2178 2309/2177 2343/2181
f 2343/2181 2309/2177 2341/2180
f 2298/2178 2343/2181 2333/2182
f 2333/2182 2343/2181 2357/2183
f 2333/2182 2357/2183 2307/2184
f 2343/2181 2341/2180 2376/2185
f 2343/2181 2376/2185 2357/2183
f 2307/2184 2357/2183 2355/2186
f 2376/2185 2341/2180 2363/2187
f 2363/2187 2341/2180 2364/2188
f 2364/2188 2341/2180 2327/2179
f 2376/2185 2363/2187 2389/2189
f 2389/2189 2363/2187 2364/2188
f 2376/2185 2389/2189 2413/2190
f 2389/2189 2364/2188 2398/2191
f 2389/2189 2398/2191 2413/2190
f 2364/2188 2327/2179 2370/2192
f 2364/2188 2370/2192 2398/2191
f 2392/2193 2357/2183 2376/2185
f 2392/2193 2376/2185 2413/2190
f 2357/2183 2392/2193 2380/2194
f 2357/2183 2380/2194 2355/2186
f 2392/2193 2413/2190 2410/2195
f 2392/2193 2410/2195 2380/2194
f 2355/2186 2380/2194 2384/2196
f 2355/2186 2384/2196 2352/2197
f 2352/2197 2384/2196 2369/2198
f 2384/2196 2380/2194 2401/2199
f 2401/2199 2380/2194 2410/2195
f 2369/2198 2384/2196 2394/2200
f 2394/2200 2384/2196 2401/2199
f 2369/2198 2394/2200 2395/2201
f 2369/2198 2395/2201 2358/2202
f 2395/2201 2394/2200 2414/2203
f 2414/2203 2394/2200 2401/2199
f 2395/2201 2414/2203 2412/2204
f 2412/2204 2414/2203 2423/2205
f 2414/2203 2401/2199 2419/2206
f 2414/2203 2419/2206 2423/2205
f 2419/2206 2401/2199 2410/2195
f 2423/2205 2419/2206 2433/2207
f 2423/2205 2433/2207 2437/2208
f 2419/2206 2410/2195 2432/2209
f 2419/2206 2432/2209 2433/2207
f 2433/2207 2432/2209 2437/2208
f 2432/2209 2410/2195 2413/2190
f 2437/2208 2432/2209 2438/2210
f 2437/2208 2438/2210 2440/2211
f 2440/2211 2438/2210 2439/2212
f 2432/2209 2413/2190 2427/2213
f 2432/2209 2427/2213 2438/2210
f 2427/2213 2413/2190 2398/2191
f 2439/2212 2438/2210 2435/2214
f 2427/2213 2398/2191 2406/2215
f 2438/2210 2427/2213 2429/2216
f 2429/2216 2427/2213 2406/2215
f 2406/2215 2398/2191 2370/2192
f 2438/2210 2429/2216 2424/2217
f 2438/2210 2424/2217 2435/2214
f 2429/2216 2406/2215 2407/2218
f 2429/2216 2407/2218 2424/2217
f 2406/2215 2370/2192 2375/2219
f 2406/2215 2375/2219 2407/2218
f 2421/2220 2434/2221 2435/2214
f 2421/2220 2435/2214 2417/2222
f 2417/2222 2435/2214 2424/2217
f 2421/2220 2417/2222 2402/2223
f 2424/2217 2407/2218 2403/2224
f 2424/2217 2403/2224 2417/2222
f 2402/2223 2417/2222 2390/2225
f 2402/2223 2390/2225 2383/2226
f 2417/2222 2403/2224 2391/2227
f 2417/2222 2391/2227 2390/2225
f 2403/2224 2407/2218 2382/2228
f 2403/2224 2382/2228 2391/2227
f 2390/2225 2391/2227 2367/2229
f 2367/2229 2391/2227 2382/2228
f 2383/2226 2390/2225 2374/2230
f 2374/2230 2390/2225 2367/2229
f 2383/2226 2374/2230 2350/2231
f 2382/2228 2407/2218 2371/2232
f 2371/2232 2407/2218 2375/2219
f 2367/2229 2382/2228 2347/2233
f 2347/2233 2382/2228 2371/2232
f 2371/2232 2375/2219 2351/2234
f 2351/2234 2375/2219 2370/2192
f 2371/2232 2351/2234 2334/2235
f 2371/2232 2334/2235 2347/2233
f 2351/2234 2370/2192 2340/2236
f 2340/2236 2370/2192 2327/2179
f 2334/2235 2351/2234 2320/2237
f 2320/2237 2351/2234 2340/2236
f 2340/2236 2327/2179 2316/2238
f 2340/2236 2316/2238 2320/2237
f 2316/2238 2327/2179 2293/2175
f 2316/2238 2293/2175 2264/2172
f 2316/2238 2264/2172 2320/2237
f 2320/2237 2264/2172 2263/2239
f 2263/2239 2264/2172 2095/2167
f 2292/2240 2334/2235 2320/2237
f 2292/2240 2320/2237 2263/2239
f 2334/2235 2292/2240 2296/2241
f 2334/2235 2296/2241 2347/2233
f 2292/2240 2263/2239 2072/2242
f 2263/2239 2095/2167 2169/2243
f 2263/2239 2169/2243 2072/2242
f 2169/2243 2095/2167 1933/2244
f 1933/2244 2095/2167 1825/2164
f 1933/2244 1825/2164 1625/2155
f 2169/2243 1933/2244 1886/2245
f 1886/2245 1933/2244 1625/2155
f 2169/2243 1886/2245 2072/2242
f 1886/2245 1625/2155 1665/2156
f 1886/2245 1665/2156 2072/2242
f 2072/2242 1665/2156 1803/2246
f 2072/2242 1803/2246 2048/2247
f 2072/2242 2048/2247 2209/2248
f 2072/2242 2209/2248 2292/2240
f 2292/2240 2209/2248 2296/2241
f 2209/2248 2048/2247 2150/2249
f 2209/2248 2150/2249 2253/2250
f 2209/2248 2253/2250 2296/2241
f 2253/2250 2150/2249 2108/2251
f 2296/2241 2253/2250 2310/2252
f 2296/2241 2310/2252 2347/2233
f 2253/2250 2108/2251 2275/2253
f 2253/2250 2275/2253 2310/2252
f 2275/2253 2108/2251 2217/2254
f 2347/2233 2310/2252 2339/2255
f 2339/2255 2310/2252 2275/2253
f 2347/2233 2339/2255 2367/2229
f 2275/2253 2217/2254 2308/2256
f 2275/2253 2308/2256 2339/2255
f 2308/2256 2217/2254 2266/2257
f 2367/2229 2339/2255 2335/2258
f 2335/2258 2339/2255 2308/2256
f 2335/2258 2308/2256 2266/2257
f 2367/2229 2335/2258 2374/2230
f 2335/2258 2266/2257 2255/2259
f 2374/2230 2335/2258 2344/2260
f 2344/2260 2335/2258 2255/2259
f 2374/2230 2344/2260 2350/2231
f 2344/2260 2255/2259 2305/2261
f 2344/2260 2305/2261 2350/2231
f 2350/2231 2305/2261 2318/2262
f 1637/2263 1438/2264 1666/2265
f 1438/2264 1637/2263 1445/2266
f 1445/2266 1637/2263 20/2267
f 1438/2264 1445/2266 69/2268
f 69/2268 1445/2266 20/2267
f 69/2268 20/2267 74/2269
f 74/2269 20/2267 99/2270
f 69/2268 74/2269 46/2271
f 46/2271 74/2269 84/2272
f 69/2268 46/2271 100/2273
f 74/2269 99/2270 167/2274
f 74/2269 167/2274 84/2272
f 69/2268 100/2273 201/2275
f 46/2271 84/2272 176/2276
f 176/2276 84/2272 167/2274
f 46/2271 176/2276 100/2273
f 167/2274 99/2270 301/2277
f 167/2274 301/2277 176/2276
f 201/2275 100/2273 187/2278
f 100/2273 176/2276 294/2279
f 100/2273 294/2279 187/2278
f 187/2278 294/2279 201/2275
f 294/2279 176/2276 301/2277
f 201/2275 294/2279 406/2280
f 406/2280 294/2279 301/2277
f 155/2281 301/2277 99/2270
f 406/2280 301/2277 401/2282
f 301/2277 155/2281 378/2283
f 301/2277 378/2283 401/2282
f 406/2280 401/2282 440/2284
f 406/2280 440/2284 441/2285
f 441/2285 440/2284 745/2286
f 440/2284 401/2282 417/2287
f 417/2287 401/2282 378/2283
f 745/2286 440/2284 821/2288
f 821/2288 440/2284 417/2287
f 745/2286 821/2288 953/2289
f 745/2286 953/2289 779/2290
f 779/2290 953/2289 1005/2291
f 417/2287 378/2283 463/2292
f 463/2292 378/2283 155/2281
f 821/2288 417/2287 563/2293
f 563/2293 417/2287 463/2292
f 953/2289 821/2288 837/2294
f 837/2294 821/2288 563/2293
f 953/2289 837/2294 941/2295
f 463/2292 155/2281 350/2296
f 350/2296 155/2281 1485/2297
f 941/2295 837/2294 856/2298
f 941/2295 856/2298 979/2299
f 837/2294 563/2293 640/2300
f 837/2294 640/2300 856/2298
f 979/2299 856/2298 703/2301
f 703/2301 856/2298 640/2300
f 979/2299 703/2301 844/2302
f 640/2300 563/2293 632/2303
f 640/2300 632/2303 703/2301
f 632/2303 563/2293 463/2292
f 703/2301 632/2303 825/2304
f 632/2303 463/2292 589/2305
f 632/2303 589/2305 825/2304
f 589/2305 463/2292 350/2296
f 825/2304 589/2305 638/2306
f 638/2306 589/2305 350/2296
f 638/2306 350/2296 356/2307
f 1005/2308 1013/2309 1041/2310
f 1013/2309 1005/2308 953/2311
f 1013/2309 953/2311 1012/2312
f 1012/2312 953/2311 941/2313
f 1012/2312 941/2313 979/2314
f 1012/2312 979/2314 1136/2315
f 1012/2312 1136/2315 1065/2316
f 1041/2310 1013/2309 1095/2317
f 1095/2317 1013/2309 1012/2312
f 1041/2310 1095/2317 1159/2318
f 1041/2310 1159/2318 1059/2319
f 1095/2317 1012/2312 1058/2320
f 1058/2320 1012/2312 1065/2316
f 1159/2318 1095/2317 1199/2321
f 1199/2321 1095/2317 1058/2320
f 1159/2318 1199/2321 1229/2322
f 1159/2318 1229/2322 1080/2323
f 1058/2320 1065/2316 1094/2324
f 1094/2324 1065/2316 1143/2325
f 1094/2324 1143/2325 1141/2326
f 1094/2324 1141/2326 1054/2327
f 1080/2323 1229/2322 1250/2328
f 1058/2320 1094/2324 1084/2329
f 1094/2324 1054/2327 1029/2330
f 1094/2324 1029/2330 1084/2329
f 1029/2330 1054/2327 1111/2331
f 1111/2331 1054/2327 1153/2332
f 1084/2329 1029/2330 1033/2333
f 1033/2333 1029/2330 1111/2331
f 1058/2320 1084/2329 1113/2334
f 1113/2334 1084/2329 1033/2333
f 1111/2331 1153/2332 1188/2335
f 1058/2320 1113/2334 1151/2336
f 1033/2333 1111/2331 1137/2337
f 1137/2337 1111/2331 1188/2335
f 1113/2334 1033/2333 1052/2338
f 1052/2338 1033/2333 1137/2337
f 1113/2334 1052/2338 1151/2336
f 1058/2320 1151/2336 1199/2321
f 1137/2337 1188/2335 1148/2339
f 1137/2337 1148/2339 1052/2338
f 1148/2339 1188/2335 1178/2340
f 1178/2340 1188/2335 1176/2341
f 1178/2340 1176/2341 1112/2342
f 1148/2339 1178/2340 1106/2343
f 1106/2343 1178/2340 1112/2342
f 1148/2339 1106/2343 1052/2338
f 1106/2343 1112/2342 1099/2344
f 1099/2344 1112/2342 1180/2345
f 1099/2344 1180/2345 1206/2346
f 1099/2344 1206/2346 1106/2343
f 1206/2346 1180/2345 1237/2347
f 1206/2346 1237/2347 1275/2348
f 1106/2343 1206/2346 1204/2349
f 1106/2343 1204/2349 1052/2338
f 1206/2346 1275/2348 1259/2350
f 1206/2346 1259/2350 1204/2349
f 1259/2350 1275/2348 1267/2351
f 1052/2338 1204/2349 1160/2352
f 1052/2338 1160/2352 1151/2336
f 1160/2352 1204/2349 1209/2353
f 1160/2352 1209/2353 1151/2336
f 1209/2353 1204/2349 1259/2350
f 1151/2336 1209/2353 1199/2321
f 1209/2353 1259/2350 1225/2354
f 1225/2354 1259/2350 1267/2351
f 1209/2353 1225/2354 1258/2355
f 1209/2353 1258/2355 1199/2321
f 1258/2355 1225/2354 1267/2351
f 1199/2321 1258/2355 1318/2356
f 1318/2356 1258/2355 1267/2351
f 1199/2321 1318/2356 1229/2322
f 1304/2357 1267/2351 1293/2358
f 1267/2351 1304/2357 1336/2359
f 1267/2351 1336/2359 1318/2356
f 1373/2360 1336/2359 1406/2361
f 1336/2359 1373/2360 1398/2362
f 1398/2362 1373/2360 1413/2363
f 1318/2356 1336/2359 1333/2364
f 1333/2364 1336/2359 1398/2362
f 1398/2362 1413/2363 1327/2365
f 1398/2362 1327/2365 1333/2364
f 1327/2365 1413/2363 1377/2366
f 1327/2365 1377/2366 1329/2367
f 1318/2356 1333/2364 1296/2368
f 1296/2368 1333/2364 1327/2365
f 1318/2356 1296/2368 1229/2322
f 1296/2368 1327/2365 1284/2369
f 1284/2369 1327/2365 1290/2370
f 1229/2322 1296/2368 1247/2371
f 1247/2371 1296/2368 1284/2369
f 1229/2322 1247/2371 1250/2328
f 1284/2369 1290/2370 1253/2372
f 1284/2369 1253/2372 1247/2371
f 1247/2371 1253/2372 1250/2328
f 1253/2372 1290/2370 1257/2373
f 1253/2372 1257/2373 1269/2374
f 1253/2372 1269/2374 1250/2328
f 1250/2328 1269/2374 1246/2375
f 1250/2328 1246/2375 1080/2323
f 1246/2375 1269/2374 1252/2376
f 1246/2375 1252/2376 1240/2377
f 1246/2375 1240/2377 1116/2378
f 1116/2378 1240/2377 1129/2379
f 2145/2380 2082/2381 2190/2382
f 2082/2381 2145/2380 1900/2383
f 1900/2383 2145/2380 1979/2384
f 1979/2384 2145/2380 2010/2385
f 2082/2381 1900/2383 1763/2386
f 2082/2381 1763/2386 1674/2387
f 1900/2383 1979/2384 1875/2388
f 1900/2383 1875/2388 1763/2386
f 1979/2384 2010/2385 1967/2389
f 1979/2384 1967/2389 1875/2388
f 1967/2389 2010/2385 1983/2390
f 1967/2389 1983/2390 2025/2391
f 1875/2388 1967/2389 1936/2392
f 1875/2388 1936/2392 1727/2393
f 1875/2388 1727/2393 1763/2386
f 1727/2393 1936/2392 1695/2394
f 1727/2393 1695/2394 1604/2395
f 1727/2393 1604/2395 1763/2386
f 1763/2386 1604/2395 40/2396
f 1936/2397 1967/2398 2025/2399
f 1936/2397 2025/2399 2235/2400
f 2235/2400 2025/2399 2199/2401
f 2235/2400 2199/2401 2305/2402
f 2235/2400 2305/2402 2255/2403
f 2235/2400 2255/2403 1936/2397
f 1936/2397 2255/2403 2070/2404
f 1936/2397 2070/2404 1695/2405
f 2070/2404 2255/2403 2266/2406
f 2070/2404 2266/2406 2217/2407
f 2070/2404 2217/2407 1843/2408
f 1843/2408 2217/2407 2108/2409
f 2400/2410 2402/2411 2383/2412
f 2402/2411 2400/2410 2422/2413
f 2402/2411 2422/2413 2421/2414
f 2421/2414 2422/2413 2434/2415
f 2400/2410 2383/2412 2381/2416
f 2434/2415 2422/2413 2425/2417
f 2422/2413 2400/2410 2416/2418
f 2422/2413 2416/2418 2425/2417
f 2416/2418 2400/2410 2396/2419
f 2396/2419 2400/2410 2381/2416
f 2416/2418 2396/2419 2399/2420
f 2416/2418 2399/2420 2425/2417
f 2439/2421 2435/2422 2434/2415
f 2439/2421 2434/2415 2436/2423
f 2436/2423 2434/2415 2425/2417
f 2439/2421 2436/2423 2440/2424
f 2436/2423 2425/2417 2428/2425
f 2428/2425 2425/2417 2409/2426
f 2409/2426 2425/2417 2399/2420
f 2436/2423 2428/2425 2426/2427
f 2428/2425 2409/2426 2411/2428
f 2428/2425 2411/2428 2426/2427
f 2440/2424 2436/2423 2431/2429
f 2431/2429 2436/2423 2426/2427
f 2440/2424 2431/2429 2430/2430
f 2440/2424 2430/2430 2437/2431
f 2437/2431 2430/2430 2423/2432
f 2423/2432 2430/2430 2420/2433
f 2423/2432 2420/2433 2412/2434
f 2420/2433 2430/2430 2415/2435
f 2415/2435 2430/2430 2431/2429
f 2420/2433 2415/2435 2404/2436
f 2415/2435 2431/2429 2418/2437
f 2418/2437 2431/2429 2426/2427
f 2415/2435 2418/2437 2386/2438
f 2418/2437 2426/2427 2408/2439
f 2418/2437 2408/2439 2386/2438
f 2408/2439 2426/2427 2405/2440
f 2408/2439 2405/2440 2386/2438
f 2405/2440 2426/2427 2411/2428
f 2386/2438 2405/2440 2372/2441
f 2405/2440 2411/2428 2393/2442
f 2372/2441 2405/2440 2379/2443
f 2379/2443 2405/2440 2393/2442
f 2372/2441 2379/2443 2348/2444
f 2372/2441 2348/2444 2338/2445
f 2338/2445 2348/2444 2324/2446
f 2348/2444 2379/2443 2345/2447
f 2348/2444 2345/2447 2324/2446
f 2379/2443 2393/2442 2368/2448
f 2379/2443 2368/2448 2345/2447
f 2324/2446 2345/2447 2315/2449
f 2324/2446 2315/2449 2289/2450
f 2345/2447 2368/2448 2342/2451
f 2345/2447 2342/2451 2315/2449
f 2289/2450 2315/2449 2228/2452
f 2368/2448 2393/2442 2377/2453
f 2368/2448 2377/2453 2342/2451
f 2377/2453 2393/2442 2397/2454
f 2397/2454 2393/2442 2411/2428
f 2397/2454 2411/2428 2409/2426
f 2397/2454 2409/2426 2388/2455
f 2397/2454 2388/2455 2377/2453
f 2388/2455 2409/2426 2399/2420
f 2342/2451 2377/2453 2360/2456
f 2360/2456 2377/2453 2388/2455
f 2342/2451 2360/2456 2336/2457
f 2360/2456 2388/2455 2354/2458
f 2360/2456 2354/2458 2336/2457
f 2388/2455 2399/2420 2378/2459
f 2388/2455 2378/2459 2354/2458
f 2378/2459 2399/2420 2373/2460
f 2373/2460 2399/2420 2396/2419
f 2354/2458 2378/2459 2346/2461
f 2346/2461 2378/2459 2373/2460
f 2373/2460 2396/2419 2381/2416
f 2373/2460 2381/2416 2361/2462
f 2373/2460 2361/2462 2346/2461
f 2354/2458 2346/2461 2337/2463
f 2354/2458 2337/2463 2336/2457
f 2346/2461 2361/2462 2332/2464
f 2337/2463 2346/2461 2312/2465
f 2312/2465 2346/2461 2332/2464
f 2361/2462 2381/2416 2356/2466
f 2361/2462 2356/2466 2332/2464
f 2356/2466 2381/2416 2365/2467
f 2365/2467 2381/2416 2383/2412
f 2365/2467 2383/2412 2350/2468
f 2365/2467 2350/2468 2318/2469
f 2356/2466 2365/2467 2325/2470
f 2325/2470 2365/2467 2318/2469
f 2332/2464 2356/2466 2326/2471
f 2326/2471 2356/2466 2325/2470
f 2332/2464 2326/2471 2291/2472
f 2332/2464 2291/2472 2312/2465
f 2326/2471 2325/2470 2294/2473
f 2326/2471 2294/2473 2291/2472
f 2325/2470 2318/2469 2239/2474
f 2325/2470 2239/2474 2294/2473
f 2199/2475 2318/2469 2305/2476
f 2318/2469 2199/2475 2239/2474
f 2239/2474 2199/2475 2162/2477
f 2162/2477 2199/2475 2025/2478
f 2239/2474 2162/2477 2090/2479
f 2239/2474 2090/2479 2187/2480
f 2239/2474 2187/2480 2294/2473
f 2294/2473 2187/2480 2231/2481
f 2294/2473 2231/2481 2291/2472
f 2231/2481 2187/2480 2133/2482
f 2231/2481 2133/2482 2291/2472
f 2133/2482 2187/2480 1766/2483
f 2291/2472 2133/2482 2252/2484
f 2291/2472 2252/2484 2312/2465
f 2252/2484 2133/2482 2079/2485
f 1709/2486 2079/2485 1617/2487
f 2252/2484 2079/2485 2130/2488
f 2130/2488 2079/2485 1709/2486
f 2130/2488 1709/2486 1869/2489
f 1869/2489 1709/2486 1650/2490
f 2130/2488 1869/2489 2005/2491
f 2005/2491 1869/2489 1650/2490
f 2252/2484 2130/2488 2240/2492
f 2252/2484 2240/2492 2312/2465
f 2240/2492 2130/2488 2005/2491
f 2312/2465 2240/2492 2299/2493
f 2312/2465 2299/2493 2337/2463
f 2240/2492 2005/2491 2233/2494
f 2240/2492 2233/2494 2299/2493
f 2337/2463 2299/2493 2314/2495
f 2314/2495 2299/2493 2233/2494
f 2337/2463 2314/2495 2336/2457
f 2314/2495 2233/2494 2290/2496
f 2314/2495 2290/2496 2336/2457
f 2233/2494 2005/2491 2035/2497
f 2290/2496 2233/2494 2160/2498
f 2160/2498 2233/2494 2035/2497
f 2160/2498 2035/2497 2049/2499
f 2160/2498 2049/2499 2290/2496
f 2035/2497 2005/2491 1672/2500
f 1672/2500 2005/2491 1650/2490
f 2035/2497 1672/2500 1611/2501
f 2035/2497 1611/2501 2049/2499
f 1672/2500 1650/2490 1691/2502
f 1691/2502 1650/2490 1657/2503
f 1691/2502 1657/2503 1675/2504
f 1691/2502 1675/2504 1671/2505
f 1672/2500 1691/2502 1660/2506
f 1660/2506 1691/2502 1671/2505
f 1672/2500 1660/2506 1611/2501
f 1660/2506 1671/2505 1635/2507
f 1611/2501 1660/2506 1576/2508
f 1576/2508 1660/2506 1635/2507
f 1635/2507 1671/2505 1443/2509
f 1635/2507 1443/2509 1576/2508
f 1443/2509 1671/2505 1419/2510
f 1611/2501 1576/2508 1519/2511
f 1576/2508 1443/2509 24/2512
f 1576/2508 24/2512 1519/2511
f 24/2512 1443/2509 115/2513
f 115/2513 1443/2509 80/2514
f 24/2512 115/2513 142/2515
f 24/2512 142/2515 1519/2511
f 1519/2511 142/2515 157/2516
f 157/2516 142/2515 260/2517
f 157/2516 260/2517 443/2518
f 157/2516 443/2518 90/2519
f 1519/2511 157/2516 1858/2520
f 1519/2511 1858/2520 1611/2501
f 157/2516 90/2519 1591/2521
f 157/2516 1591/2521 1858/2520
f 1591/2521 90/2519 1462/2522
f 1611/2501 1858/2520 2049/2499
f 1591/2521 1462/2522 1664/2523
f 1858/2520 1591/2521 2105/2524
f 2105/2524 1591/2521 1664/2523
f 1858/2520 2105/2524 2049/2499
f 2105/2524 1664/2523 2046/2525
f 2046/2525 1664/2523 1909/2526
f 2049/2499 2105/2524 2071/2527
f 2071/2527 2105/2524 2046/2525
f 2049/2499 2071/2527 2290/2496
f 2046/2525 1909/2526 1997/2528
f 2046/2525 1997/2528 2071/2527
f 2071/2527 1997/2528 2247/2529
f 2071/2527 2247/2529 2290/2496
f 2247/2529 1997/2528 2228/2452
f 2228/2452 1997/2528 2167/2530
f 2247/2529 2228/2452 2315/2449
f 2290/2496 2247/2529 2311/2531
f 2311/2531 2247/2529 2315/2449
f 2290/2496 2311/2531 2336/2457
f 2311/2531 2315/2449 2342/2451
f 2311/2531 2342/2451 2336/2457
f 1192/2532 1180/2533 1112/2534
f 1180/2533 1192/2532 1237/2535
f 1192/2532 1112/2534 1125/2536
f 1125/2536 1112/2534 1176/2537
f 1192/2532 1125/2536 1173/2538
f 1237/2535 1192/2532 1244/2539
f 1244/2539 1192/2532 1173/2538
f 1237/2535 1244/2539 1272/2540
f 1237/2535 1272/2540 1275/2541
f 1272/2540 1244/2539 1234/2542
f 1234/2542 1244/2539 1173/2538
f 1275/2541 1272/2540 1289/2543
f 1272/2540 1234/2542 1256/2544
f 1272/2540 1256/2544 1289/2543
f 1275/2541 1289/2543 1280/2545
f 1280/2545 1289/2543 1256/2544
f 1275/2541 1280/2545 1267/2546
f 1267/2546 1280/2545 1293/2547
f 1234/2542 1173/2538 1213/2548
f 1234/2542 1213/2548 1256/2544
f 1280/2545 1256/2544 1268/2549
f 1280/2545 1268/2549 1293/2547
f 1256/2544 1213/2548 1190/2550
f 1190/2550 1213/2548 1141/2551
f 1256/2544 1190/2550 1184/2552
f 1256/2544 1184/2552 1268/2549
f 1190/2550 1141/2551 1143/2553
f 1190/2550 1143/2553 1184/2552
f 1184/2552 1143/2553 1065/2554
f 1141/2551 1213/2548 1155/2555
f 1155/2555 1213/2548 1173/2538
f 1141/2551 1155/2555 1054/2556
f 1155/2555 1173/2538 1142/2557
f 1155/2555 1142/2557 1054/2556
f 1142/2557 1173/2538 1125/2536
f 1054/2556 1142/2557 1153/2558
f 1142/2557 1125/2536 1176/2537
f 1142/2557 1176/2537 1153/2558
f 1153/2558 1176/2537 1188/2559
f 1136/2560 1184/2552 1065/2554
f 1184/2552 1136/2560 1205/2561
f 1184/2552 1205/2561 1268/2549
f 1205/2561 1136/2560 1220/2562
f 1205/2561 1220/2562 1268/2549
f 1220/2562 1136/2560 1156/2563
f 1156/2563 1136/2560 1179/2564
f 1179/2564 1136/2560 979/2565
f 1220/2562 1156/2563 1210/2566
f 1210/2566 1156/2563 1179/2564
f 1268/2549 1220/2562 1286/2567
f 1220/2562 1210/2566 1307/2568
f 1220/2562 1307/2568 1286/2567
f 1210/2566 1179/2564 1264/2569
f 1210/2566 1264/2569 1307/2568
f 1268/2549 1286/2567 1303/2570
f 1268/2549 1303/2570 1293/2547
f 1286/2567 1307/2568 1323/2571
f 1286/2567 1323/2571 1303/2570
f 1307/2568 1264/2569 1261/2572
f 1261/2572 1264/2569 1179/2564
f 1323/2571 1307/2568 1315/2573
f 1315/2573 1307/2568 1261/2572
f 1303/2570 1323/2571 1321/2574
f 1321/2574 1323/2571 1315/2573
f 1303/2570 1321/2574 1328/2575
f 1303/2570 1328/2575 1293/2547
f 1293/2547 1328/2575 1299/2576
f 1293/2547 1299/2576 1304/2577
f 1299/2576 1328/2575 1342/2578
f 1328/2575 1321/2574 1346/2579
f 1328/2575 1346/2579 1342/2578
f 1346/2579 1321/2574 1315/2573
f 1342/2578 1346/2579 1351/2580
f 1346/2579 1315/2573 1331/2581
f 1346/2579 1331/2581 1351/2580
f 1331/2581 1315/2573 1322/2582
f 1331/2581 1322/2582 1351/2580
f 1322/2582 1315/2573 1308/2583
f 1308/2583 1315/2573 1261/2572
f 1351/2580 1322/2582 1409/2584
f 1308/2583 1261/2572 1179/2564
f 1351/2580 1409/2584 1379/2585
f 1351/2580 1379/2585 1350/2586
f 1350/2586 1379/2585 1412/2587
f 1412/2587 1379/2585 1409/2584
f 1412/2587 1409/2584 1410/2588
f 1292/2589 1322/2582 1308/2583
f 1322/2582 1292/2589 1409/2584
f 1410/2588 1409/2584 1407/2590
f 1410/2588 1407/2590 1394/2591
f 1409/2584 1292/2589 1344/2592
f 1407/2590 1409/2584 1361/2593
f 1361/2593 1409/2584 1344/2592
f 1394/2591 1407/2590 1380/2594
f 1380/2594 1407/2590 1361/2593
f 1394/2591 1380/2594 1316/2595
f 1394/2591 1316/2595 1372/2596
f 1372/2596 1316/2595 1392/2597
f 1182/2598 1198/2599 1316/2595
f 1182/2598 1316/2595 1251/2600
f 1316/2595 1380/2594 1347/2601
f 1316/2595 1347/2601 1251/2600
f 1347/2601 1380/2594 1361/2593
f 1347/2601 1361/2593 1314/2602
f 1314/2602 1361/2593 1344/2592
f 1251/2600 1347/2601 1221/2603
f 1221/2603 1347/2601 1314/2602
f 1251/2600 1221/2603 1036/2604
f 1314/2602 1344/2592 1330/2605
f 1314/2602 1330/2605 1221/2603
f 1221/2603 1330/2605 1263/2606
f 1221/2603 1263/2606 1128/2607
f 1128/2607 1263/2606 1092/2608
f 1263/2606 1330/2605 1157/2609
f 1263/2606 1157/2609 1092/2608
f 1092/2608 1157/2609 1081/2610
f 1092/2608 1081/2610 983/2611
f 983/2611 1081/2610 1000/2612
f 1000/2612 1081/2610 995/2613
f 1081/2610 1157/2609 1207/2614
f 1207/2614 1157/2609 1330/2605
f 995/2613 1081/2610 1135/2615
f 1135/2615 1081/2610 1207/2614
f 995/2613 1135/2615 1008/2616
f 995/2613 1008/2616 950/2617
f 1207/2614 1330/2605 1356/2618
f 1356/2618 1330/2605 1344/2592
f 1356/2618 1344/2592 1359/2619
f 1359/2619 1344/2592 1292/2589
f 1359/2619 1292/2589 1353/2620
f 1359/2619 1353/2620 1356/2618
f 1353/2620 1292/2589 1308/2583
f 1207/2614 1356/2618 1273/2621
f 1273/2621 1356/2618 1353/2620
f 1207/2614 1273/2621 1135/2615
f 1353/2620 1308/2583 1134/2622
f 1353/2620 1134/2622 1273/2621
f 1134/2622 1308/2583 1179/2564
f 1135/2615 1273/2621 1163/2623
f 1163/2623 1273/2621 1134/2622
f 1135/2615 1163/2623 1008/2616
f 1134/2622 1179/2564 1042/2624
f 1134/2622 1042/2624 1163/2623
f 1042/2624 1179/2564 1003/2625
f 1003/2625 1179/2564 979/2565
f 1003/2625 979/2565 937/2626
f 1003/2625 937/2626 1042/2624
f 937/2626 979/2565 844/2627
f 1163/2623 1042/2624 1004/2628
f 1004/2628 1042/2624 937/2626
f 1163/2623 1004/2628 1008/2616
f 937/2626 844/2627 870/2629
f 1008/2616 1004/2628 862/2630
f 1004/2628 937/2626 932/2631
f 932/2631 937/2626 870/2629
f 1004/2628 932/2631 862/2630
f 1008/2616 862/2630 950/2617
f 870/2629 844/2627 825/2632
f 870/2629 825/2632 932/2631
f 825/2632 844/2627 703/2633
f 950/2617 862/2630 850/2634
f 950/2617 850/2634 842/2635
f 850/2634 862/2630 732/2636
f 769/2637 862/2630 932/2631
f 862/2630 769/2637 732/2636
f 769/2637 932/2631 825/2632
f 732/2636 769/2637 617/2638
f 617/2638 769/2637 825/2632
f 617/2638 825/2632 638/2639
f 617/2638 638/2639 356/2640
f 1413/2641 1373/2642 1406/2643
f 1413/2641 1406/2643 1377/2644
f 1377/2644 1406/2643 1329/2645
f 1329/2645 1406/2643 1339/2646
f 1339/2646 1406/2643 1336/2647
f 1339/2646 1336/2647 1281/2648
f 1281/2648 1336/2647 1304/2649
f 1329/2645 1339/2646 1274/2650
f 1327/2651 1329/2645 1290/2652
f 1290/2652 1329/2645 1277/2653
f 1277/2653 1329/2645 1274/2650
f 1290/2652 1277/2653 1257/2654
f 1257/2654 1277/2653 1241/2655
f 1241/2655 1277/2653 1274/2650
f 1257/2654 1241/2655 1269/2656
f 1306/2657 1339/2646 1281/2648
f 1339/2646 1306/2657 1274/2650
f 1297/2658 1281/2648 1304/2649
f 1297/2658 1304/2649 1299/2659
f 1297/2658 1299/2659 1342/2660
f 1297/2658 1342/2660 1279/2661
f 1297/2658 1279/2661 1281/2648
f 1279/2661 1342/2660 1319/2662
f 1279/2661 1319/2662 1270/2663
f 1281/2648 1279/2661 1255/2664
f 1281/2648 1255/2664 1306/2657
f 1255/2664 1279/2661 1287/2665
f 1287/2665 1279/2661 1270/2663
f 1306/2657 1255/2664 1245/2666
f 1306/2657 1245/2666 1274/2650
f 1287/2665 1270/2663 1262/2667
f 1287/2665 1262/2667 1260/2668
f 1287/2665 1260/2668 1255/2664
f 1262/2667 1270/2663 1232/2669
f 1274/2650 1245/2666 1162/2670
f 1260/2668 1262/2667 1254/2671
f 1254/2671 1262/2667 1232/2669
f 1255/2664 1260/2668 1243/2672
f 1260/2668 1254/2671 1226/2673
f 1260/2668 1226/2673 1243/2672
f 1226/2673 1254/2671 1187/2674
f 1219/2675 1245/2666 1255/2664
f 1219/2675 1255/2664 1211/2676
f 1211/2676 1255/2664 1243/2672
f 1245/2666 1219/2675 1121/2677
f 1245/2666 1121/2677 1162/2670
f 1219/2675 1211/2676 1147/2678
f 1219/2675 1147/2678 1121/2677
f 1211/2676 1243/2672 1170/2679
f 1211/2676 1170/2679 1147/2678
f 1181/2680 1243/2672 1226/2673
f 1181/2680 1226/2673 1187/2674
f 1170/2679 1243/2672 1174/2681
f 1174/2681 1243/2672 1181/2680
f 1170/2679 1174/2681 1101/2682
f 1174/2681 1181/2680 1108/2683
f 1174/2681 1108/2683 1101/2682
f 1181/2680 1187/2674 1131/2684
f 1181/2680 1131/2684 1108/2683
f 1131/2684 1187/2674 1127/2685
f 1108/2683 1131/2684 1166/2686
f 1108/2683 1166/2686 1101/2682
f 1166/2686 1131/2684 1169/2687
f 1169/2687 1131/2684 1127/2685
f 1101/2682 1166/2686 1185/2688
f 1185/2688 1166/2686 1169/2687
f 1047/2689 1170/2679 1101/2682
f 1170/2679 1047/2689 1147/2678
f 1047/2689 1101/2682 1114/2690
f 1114/2690 1101/2682 1185/2688
f 1147/2678 1047/2689 1040/2691
f 1040/2691 1047/2689 1114/2690
f 1147/2678 1040/2691 1090/2692
f 1114/2690 1185/2688 1152/2693
f 1040/2691 1114/2690 1075/2694
f 1075/2694 1114/2690 1152/2693
f 1152/2693 1185/2688 1164/2695
f 1152/2693 1164/2695 1075/2694
f 1172/2696 1185/2688 1169/2687
f 1185/2688 1172/2696 1164/2695
f 1172/2696 1169/2687 1127/2685
f 1164/2695 1172/2696 1102/2697
f 1164/2695 1102/2697 1075/2694
f 1102/2697 1172/2696 1127/2685
f 1021/2698 1040/2691 1075/2694
f 1040/2691 1021/2698 1090/2692
f 1021/2698 1075/2694 1025/2699
f 1025/2699 1075/2694 1102/2697
f 1090/2692 1021/2698 1085/2700
f 1085/2700 1021/2698 1025/2699
f 1025/2699 1102/2697 1119/2701
f 1025/2699 1119/2701 1085/2700
f 1119/2701 1102/2697 1146/2702
f 1191/2703 1102/2697 1127/2685
f 1102/2697 1191/2703 1146/2702
f 1191/2703 1127/2685 1194/2704
f 1194/2704 1127/2685 1187/2674
f 1194/2704 1187/2674 1254/2671
f 1194/2704 1254/2671 1232/2669
f 1194/2704 1232/2669 1191/2703
f 1146/2702 1191/2703 1167/2705
f 1146/2702 1167/2705 1119/2701
f 1167/2705 1191/2703 1232/2669
f 1119/2701 1167/2705 1122/2706
f 1119/2701 1122/2706 1085/2700
f 1167/2705 1232/2669 1228/2707
f 1167/2705 1228/2707 1122/2706
f 1228/2707 1232/2669 1270/2663
f 1228/2707 1270/2663 1285/2708
f 1122/2706 1228/2707 1186/2709
f 1186/2709 1228/2707 1208/2710
f 1122/2706 1186/2709 1055/2711
f 1055/2711 1186/2709 1208/2710
f 1122/2706 1055/2711 1085/2700
f 1055/2711 1208/2710 1132/2712
f 1055/2711 1132/2712 984/2713
f 1055/2711 984/2713 1026/2714
f 1085/2700 1055/2711 1063/2715
f 1063/2715 1055/2711 1026/2714
f 1085/2700 1063/2715 1090/2692
f 1063/2715 1026/2714 1121/2677
f 1063/2715 1121/2677 1090/2692
f 1090/2692 1121/2677 1147/2678
f 1121/2677 1026/2714 1020/2716
f 1121/2677 1020/2716 1162/2670
f 1162/2670 1020/2716 1039/2717
f 1162/2670 1039/2717 1079/2718
f 1162/2670 1079/2718 1203/2719
f 1162/2670 1203/2719 1274/2650
f 1274/2650 1203/2719 1241/2655
f 1203/2719 1079/2718 1235/2720
f 1203/2719 1235/2720 1241/2655
f 1241/2655 1235/2720 1269/2656
f 1269/2656 1235/2720 1238/2721
f 1238/2721 1235/2720 1109/2722
f 1269/2656 1238/2721 1252/2723
f 1252/2723 1238/2721 1240/2724
f 1240/2724 1238/2721 1115/2725
f 1240/2724 1115/2725 1129/2726
f 1865/2727 1668/2728 1509/2729
f 1668/2728 1865/2727 1962/2730
f 1509/2729 1668/2728 37/2731
f 1509/2729 37/2731 64/2732
f 1509/2729 64/2732 1441/2733
f 37/2731 1668/2728 86/2734
f 1668/2728 1962/2730 1677/2735
f 1668/2728 1677/2735 86/2734
f 37/2731 86/2734 44/2736
f 37/2731 44/2736 64/2732
f 1441/2733 64/2732 271/2737
f 1441/2733 271/2737 356/2738
f 356/2738 271/2737 617/2739
f 617/2739 271/2737 470/2740
f 617/2739 470/2740 732/2741
f 271/2737 64/2732 311/2742
f 271/2737 311/2742 470/2740
f 58/2743 64/2732 44/2736
f 64/2732 58/2743 368/2744
f 368/2744 58/2743 44/2736
f 64/2732 368/2744 311/2742
f 470/2740 311/2742 386/2745
f 386/2745 311/2742 368/2744
f 614/2746 732/2741 470/2740
f 614/2746 470/2740 386/2745
f 386/2745 368/2744 442/2747
f 442/2747 368/2744 44/2736
f 386/2745 442/2747 614/2746
f 442/2747 44/2736 91/2748
f 91/2748 44/2736 86/2734
f 614/2746 442/2747 518/2749
f 518/2749 442/2747 91/2748
f 91/2748 86/2734 248/2750
f 91/2748 248/2750 518/2749
f 248/2750 86/2734 1677/2735
f 702/2751 732/2741 614/2746
f 732/2741 702/2751 850/2752
f 850/2752 702/2751 842/2753
f 702/2751 614/2746 659/2754
f 702/2751 659/2754 842/2753
f 659/2754 614/2746 518/2749
f 659/2754 518/2749 648/2755
f 842/2753 659/2754 794/2756
f 842/2753 794/2756 950/2757
f 950/2757 794/2756 995/2758
f 995/2758 794/2756 1000/2759
f 794/2756 659/2754 768/2760
f 794/2756 768/2760 1000/2759
f 768/2760 659/2754 648/2755
f 1000/2759 768/2760 983/2761
f 692/2762 648/2755 518/2749
f 648/2755 692/2762 768/2760
f 692/2762 518/2749 455/2763
f 455/2763 518/2749 248/2750
f 768/2760 692/2762 776/2764
f 768/2760 776/2764 983/2761
f 692/2762 455/2763 646/2765
f 646/2765 455/2763 248/2750
f 692/2762 646/2765 593/2766
f 646/2765 248/2750 358/2767
f 646/2765 358/2767 593/2766
f 1128/2768 1092/2769 983/2761
f 358/2767 248/2750 272/2770
f 1128/2768 983/2761 989/2771
f 358/2767 272/2770 343/2772
f 358/2767 343/2772 593/2766
f 272/2770 248/2750 1572/2773
f 1572/2773 248/2750 1677/2735
f 343/2772 272/2770 334/2774
f 593/2766 343/2772 384/2775
f 384/2775 343/2772 334/2774
f 593/2766 384/2775 623/2776
f 1572/2773 1677/2735 1940/2777
f 272/2770 1572/2773 1497/2778
f 272/2770 1497/2778 334/2774
f 1497/2778 1572/2773 1716/2779
f 1716/2779 1572/2773 1940/2777
f 1497/2778 1716/2779 1906/2780
f 1906/2780 1716/2779 1940/2777
f 334/2774 1497/2778 1499/2781
f 1499/2781 1497/2778 1906/2780
f 410/2782 384/2775 334/2774
f 384/2775 410/2782 623/2776
f 410/2782 334/2774 34/2783
f 34/2783 334/2774 1499/2781
f 410/2782 34/2783 254/2784
f 1499/2781 1906/2780 1965/2785
f 410/2782 254/2784 548/2786
f 410/2782 548/2786 623/2776
f 1965/2785 1906/2780 2201/2787
f 623/2776 548/2786 637/2788
f 34/2783 1499/2781 1570/2789
f 1499/2781 1965/2785 1785/2790
f 1499/2781 1785/2790 1570/2789
f 1785/2790 1965/2785 2088/2791
f 2088/2791 1965/2785 2201/2787
f 34/2783 1570/2789 101/2792
f 34/2783 101/2792 254/2784
f 1570/2789 1785/2790 1827/2793
f 1785/2790 2088/2791 2099/2794
f 1785/2790 2099/2794 1827/2793
f 1570/2789 1827/2793 1493/2795
f 1570/2789 1493/2795 101/2792
f 1493/2795 1827/2793 2007/2796
f 2007/2796 1827/2793 2099/2794
f 101/2792 1493/2795 159/2797
f 2099/2794 2088/2791 2225/2798
f 2225/2798 2088/2791 2201/2787
f 2007/2796 2099/2794 2163/2799
f 1493/2795 2007/2796 1974/2800
f 1493/2795 1974/2800 159/2797
f 1974/2800 2007/2796 2163/2799
f 2099/2794 2225/2798 2243/2801
f 2099/2794 2243/2801 2163/2799
f 2225/2798 2201/2787 2301/2802
f 2243/2801 2225/2798 2317/2803
f 2317/2803 2225/2798 2301/2802
f 2317/2803 2301/2802 2355/2804
f 2317/2803 2355/2804 2352/2805
f 2355/2804 2301/2802 2307/2806
f 2307/2806 2301/2802 2201/2787
f 2243/2801 2317/2803 2313/2807
f 2313/2807 2317/2803 2352/2805
f 2243/2801 2313/2807 2281/2808
f 2243/2801 2281/2808 2163/2799
f 2313/2807 2352/2805 2330/2809
f 2313/2807 2330/2809 2281/2808
f 2330/2809 2352/2805 2369/2810
f 2330/2809 2369/2810 2358/2811
f 2330/2809 2358/2811 2331/2812
f 2330/2809 2331/2812 2300/2813
f 2330/2809 2300/2813 2281/2808
f 2281/2808 2300/2813 2223/2814
f 2281/2808 2223/2814 2163/2799
f 2223/2814 2300/2813 2208/2815
f 2223/2814 2208/2815 2065/2816
f 2223/2814 2065/2816 2163/2799
f 2163/2799 2065/2816 1974/2800
f 1974/2800 2065/2816 1541/2817
f 1541/2817 2065/2816 2041/2818
f 1974/2800 1541/2817 159/2797
f 159/2797 1541/2817 283/2819
f 283/2819 1541/2817 388/2820
f 388/2820 1541/2817 1502/2821
f 283/2819 388/2820 624/2822
f 283/2819 624/2822 159/2797
f 624/2822 388/2820 771/2823
f 159/2797 624/2822 461/2824
f 159/2797 461/2824 101/2792
f 624/2822 771/2823 919/2825
f 101/2792 461/2824 307/2826
f 919/2825 771/2823 1082/2827
f 461/2824 624/2822 758/2828
f 758/2828 624/2822 919/2825
f 919/2825 1082/2827 1083/2829
f 1083/2829 1082/2827 1198/2830
f 1083/2829 1198/2830 1182/2831
f 1083/2829 1182/2831 919/2825
f 919/2825 1182/2831 1018/2832
f 919/2825 1018/2832 758/2828
f 1018/2832 1182/2831 1036/2833
f 1036/2833 1182/2831 1251/2834
f 758/2828 1018/2832 899/2835
f 899/2835 1018/2832 1036/2833
f 462/2836 461/2824 758/2828
f 461/2824 462/2836 307/2826
f 758/2828 899/2835 761/2837
f 758/2828 761/2837 462/2836
f 899/2835 1036/2833 808/2838
f 899/2835 808/2838 761/2837
f 761/2837 808/2838 669/2839
f 761/2837 669/2839 462/2836
f 669/2839 808/2838 676/2840
f 462/2836 669/2839 652/2841
f 652/2841 669/2839 676/2840
f 808/2838 1036/2833 913/2842
f 808/2838 913/2842 676/2840
f 913/2842 1036/2833 1049/2843
f 1049/2843 1036/2833 1221/2844
f 1049/2843 1221/2844 1128/2768
f 1049/2843 1128/2768 989/2771
f 1049/2843 989/2771 913/2842
f 676/2840 913/2842 813/2845
f 813/2845 913/2842 989/2771
f 676/2840 813/2845 704/2846
f 813/2845 989/2771 884/2847
f 884/2847 989/2771 983/2761
f 813/2845 884/2847 820/2848
f 813/2845 820/2848 704/2846
f 884/2847 983/2761 776/2764
f 884/2847 776/2764 820/2848
f 820/2848 776/2764 704/2846
f 676/2840 704/2846 637/2788
f 676/2840 637/2788 652/2841
f 637/2788 704/2846 623/2776
f 704/2846 776/2764 715/2849
f 704/2846 715/2849 623/2776
f 715/2849 776/2764 692/2762
f 623/2776 715/2849 593/2766
f 593/2766 715/2849 692/2762
f 652/2841 637/2788 600/2850
f 600/2850 637/2788 548/2786
f 600/2850 548/2786 254/2784
f 652/2841 600/2850 586/2851
f 586/2851 600/2850 254/2784
f 652/2841 586/2851 613/2852
f 652/2841 613/2852 462/2836
f 586/2851 254/2784 310/2853
f 462/2836 613/2852 499/2854
f 462/2836 499/2854 307/2826
f 310/2853 254/2784 307/2826
f 307/2826 254/2784 101/2792
f 586/2851 310/2853 398/2855
f 586/2851 398/2855 613/2852
f 310/2853 307/2826 346/2856
f 346/2856 307/2826 499/2854
f 310/2853 346/2856 398/2855
f 439/2857 499/2854 613/2852
f 439/2857 613/2852 398/2855
f 499/2854 439/2857 346/2856
f 346/2856 439/2857 398/2855
f 2037/2858 1677/2735 1962/2730
f 2037/2858 1962/2730 2139/2859
f 1677/2735 2037/2858 1940/2777
f 2037/2858 2139/2859 2207/2860
f 2037/2858 2207/2860 2198/2861
f 2037/2858 2198/2861 1940/2777
f 2198/2861 2207/2860 2298/2862
f 1940/2777 2198/2861 2188/2863
f 2188/2863 2198/2861 2298/2862
f 1940/2777 2188/2863 1906/2780
f 1906/2780 2188/2863 2201/2787
f 2201/2787 2188/2863 2307/2806
f 2307/2806 2188/2863 2298/2862
f 2307/2806 2298/2862 2333/2864
f 1342/2865 1351/2866 1350/2867
f 1342/2865 1350/2867 1341/2868
f 1342/2865 1341/2868 1319/2869
f 1341/2868 1350/2867 1405/2870
f 1405/2870 1350/2867 1412/2871
f 1341/2868 1405/2870 1389/2872
f 1405/2870 1412/2871 1408/2873
f 1405/2870 1408/2873 1389/2872
f 1408/2873 1412/2871 1411/2874
f 1411/2874 1412/2871 1410/2875
f 1408/2873 1411/2874 1358/2876
f 1411/2874 1410/2875 1366/2877
f 1411/2874 1366/2877 1358/2876
f 1366/2877 1410/2875 1394/2878
f 1366/2877 1394/2878 1372/2879
f 1366/2877 1372/2879 1404/2880
f 1366/2877 1404/2880 1358/2876
f 1404/2880 1372/2879 1392/2881
f 1408/2873 1358/2876 1332/2882
f 1408/2873 1332/2882 1389/2872
f 1389/2872 1332/2882 1317/2883
f 1389/2872 1317/2883 1341/2868
f 1332/2882 1358/2876 1357/2884
f 1404/2880 1392/2881 1365/2885
f 1365/2885 1392/2881 1316/2886
f 1365/2885 1316/2886 1201/2887
f 1201/2887 1316/2886 1198/2888
f 1201/2887 1198/2888 1082/2889
f 902/2890 1082/2889 799/2891
f 1082/2889 902/2890 981/2892
f 1082/2889 981/2892 1201/2887
f 981/2892 902/2890 851/2893
f 981/2892 851/2893 1087/2894
f 981/2892 1087/2894 1201/2887
f 1087/2894 851/2893 882/2895
f 1087/2894 882/2895 1200/2896
f 1200/2896 882/2895 915/2897
f 1201/2887 1087/2894 1310/2898
f 1310/2898 1087/2894 1200/2896
f 1360/2899 1365/2885 1201/2887
f 1360/2899 1201/2887 1310/2898
f 1365/2885 1360/2899 1404/2880
f 1360/2899 1310/2898 1354/2900
f 1360/2899 1354/2900 1404/2880
f 1310/2898 1200/2896 1216/2901
f 1310/2898 1216/2901 1354/2900
f 961/2902 1200/2896 915/2897
f 961/2902 915/2897 728/2903
f 1200/2896 961/2902 1175/2904
f 1200/2896 1175/2904 1216/2901
f 1404/2880 1354/2900 1367/2905
f 1367/2905 1354/2900 1216/2901
f 1404/2880 1367/2905 1399/2906
f 1404/2880 1399/2906 1358/2876
f 1358/2876 1399/2906 1357/2884
f 1399/2906 1367/2905 1371/2907
f 1357/2884 1399/2906 1384/2908
f 1384/2908 1399/2906 1371/2907
f 1367/2905 1216/2901 1215/2909
f 1367/2905 1215/2909 1371/2907
f 1196/2910 1216/2901 1175/2904
f 1216/2901 1196/2910 1215/2909
f 1196/2910 1175/2904 1060/2911
f 1060/2911 1175/2904 961/2902
f 1060/2911 961/2902 819/2912
f 819/2912 961/2902 781/2913
f 1196/2910 1060/2911 1028/2914
f 1196/2910 1028/2914 1215/2909
f 1060/2911 819/2912 845/2915
f 1060/2911 845/2915 1028/2914
f 845/2915 819/2912 797/2916
f 845/2915 797/2916 818/2917
f 818/2917 797/2916 580/2918
f 1028/2914 845/2915 879/2919
f 879/2919 845/2915 818/2917
f 1074/2920 1215/2909 1028/2914
f 1028/2914 879/2919 956/2921
f 1028/2914 956/2921 1074/2920
f 879/2919 818/2917 814/2922
f 956/2921 879/2919 864/2923
f 864/2923 879/2919 814/2922
f 814/2922 818/2917 658/2924
f 658/2924 818/2917 498/2925
f 814/2922 658/2924 551/2926
f 551/2926 658/2924 363/2927
f 864/2923 814/2922 777/2928
f 777/2928 814/2922 551/2926
f 956/2921 864/2923 928/2929
f 956/2921 928/2929 1074/2920
f 864/2923 777/2928 802/2930
f 864/2923 802/2930 928/2929
f 777/2928 551/2926 654/2931
f 654/2931 551/2926 604/2932
f 777/2928 654/2931 785/2933
f 777/2928 785/2933 802/2930
f 654/2931 604/2932 711/2934
f 785/2933 654/2931 765/2935
f 765/2935 654/2931 711/2934
f 785/2933 765/2935 802/2930
f 765/2935 711/2934 860/2936
f 765/2935 860/2936 802/2930
f 860/2936 711/2934 1001/2937
f 1001/2937 711/2934 984/2938
f 802/2930 860/2936 892/2939
f 802/2930 892/2939 928/2929
f 928/2929 892/2939 1074/2920
f 1001/2937 984/2938 1132/2940
f 892/2939 860/2936 1034/2941
f 1034/2941 860/2936 1001/2937
f 1074/2920 892/2939 1104/2942
f 1104/2942 892/2939 1034/2941
f 1074/2920 1104/2942 1215/2909
f 1034/2941 1001/2937 1044/2943
f 1044/2943 1001/2937 1132/2940
f 1104/2942 1034/2941 1048/2944
f 1048/2944 1034/2941 1044/2943
f 1215/2909 1104/2942 1239/2945
f 1239/2945 1104/2942 1048/2944
f 1215/2909 1239/2945 1371/2907
f 1239/2945 1048/2944 1242/2946
f 1242/2946 1048/2944 1044/2943
f 1371/2907 1239/2945 1362/2947
f 1371/2907 1362/2947 1384/2908
f 1239/2945 1242/2946 1325/2948
f 1239/2945 1325/2948 1362/2947
f 1325/2948 1242/2946 1218/2949
f 1218/2949 1242/2946 1044/2943
f 1325/2948 1218/2949 1291/2950
f 1325/2948 1291/2950 1362/2947
f 1291/2950 1218/2949 1044/2943
f 1349/2951 1384/2908 1362/2947
f 1349/2951 1362/2947 1291/2950
f 1384/2908 1349/2951 1357/2884
f 1291/2950 1044/2943 1233/2952
f 1291/2950 1233/2952 1349/2951
f 1357/2884 1349/2951 1312/2953
f 1312/2953 1349/2951 1233/2952
f 1357/2884 1312/2953 1332/2882
f 1332/2882 1312/2953 1317/2883
f 1312/2953 1233/2952 1266/2954
f 1312/2953 1266/2954 1317/2883
f 1197/2955 1233/2952 1044/2943
f 1233/2952 1197/2955 1266/2954
f 1197/2955 1044/2943 1132/2940
f 1317/2883 1266/2954 1311/2956
f 1317/2883 1311/2956 1320/2957
f 1317/2883 1320/2957 1341/2868
f 1341/2868 1320/2957 1319/2869
f 1320/2957 1311/2956 1335/2958
f 1320/2957 1335/2958 1319/2869
f 1311/2956 1266/2954 1313/2959
f 1311/2956 1313/2959 1335/2958
f 1249/2960 1266/2954 1197/2955
f 1266/2954 1249/2960 1313/2959
f 1335/2958 1313/2959 1302/2961
f 1302/2961 1313/2959 1249/2960
f 1319/2869 1335/2958 1326/2962
f 1326/2962 1335/2958 1302/2961
f 1249/2960 1197/2955 1165/2963
f 1249/2960 1165/2963 1302/2961
f 1165/2963 1197/2955 1132/2940
f 1165/2963 1132/2940 1154/2964
f 1154/2964 1132/2940 1208/2965
f 1165/2963 1154/2964 1230/2966
f 1230/2966 1154/2964 1208/2965
f 1165/2963 1230/2966 1302/2961
f 1298/2967 1326/2962 1302/2961
f 1298/2967 1302/2961 1230/2966
f 1326/2962 1298/2967 1285/2968
f 1285/2968 1298/2967 1230/2966
f 1285/2968 1230/2966 1208/2965
f 1326/2962 1285/2968 1319/2869
f 1285/2968 1208/2965 1228/2969
f 1319/2869 1285/2968 1270/2970
f 1983/2971 2010/2972 1923/2973
f 1983/2971 1923/2973 1873/2974
f 1983/2971 1873/2974 1973/2975
f 2025/2976 1983/2977 1973/2978
f 2025/2976 1973/2978 2162/2979
f 2162/2979 1973/2978 1810/2980
f 2162/2979 1810/2980 2090/2981
f 2090/2981 1810/2980 1766/2982
f 2090/2981 1766/2982 2187/2983
f 1766/2984 1810/2985 1583/2986
f 55/2987 347/2988 482/2989
f 482/2989 347/2988 562/2990
f 1766/2991 1583/2992 55/2987
f 1766/2991 55/2987 482/2989
f 1766/2991 482/2989 460/2993
f 1514/2994 460/2993 522/2995
f 522/2995 460/2993 645/2996
f 460/2993 482/2989 671/2997
f 460/2993 671/2997 645/2996
f 671/2997 482/2989 793/2998
f 793/2998 482/2989 562/2990
f 793/2998 562/2990 873/2999
f 873/2999 562/2990 607/3000
f 873/2999 607/3000 895/3001
f 873/2999 895/3001 1129/3002
f 873/2999 1129/3002 1115/3003
f 873/2999 1115/3003 793/2998
f 671/2997 793/2998 881/3004
f 881/3004 793/2998 1115/3003
f 671/2997 881/3004 806/3005
f 671/2997 806/3005 645/2996
f 881/3004 1115/3003 1109/3006
f 881/3004 1109/3006 806/3005
f 1109/3006 1115/3003 1238/3007
f 806/3005 1109/3006 1079/3008
f 1079/3008 1109/3006 1235/3009
f 806/3005 1079/3008 834/3010
f 806/3005 834/3010 645/2996
f 834/3010 1079/3008 1039/3011
f 834/3010 1039/3011 782/3012
f 834/3010 782/3012 645/2996
f 782/3012 1039/3011 1020/3013
f 645/2996 782/3012 576/3014
f 576/3014 782/3012 696/3015
f 645/2996 576/3014 522/2995
f 522/2995 576/3014 96/3016
f 576/3014 696/3015 433/3017
f 576/3014 433/3017 424/3018
f 1766/3019 460/3020 1514/3021
f 1766/3019 1514/3021 2133/3022
f 2133/3022 1514/3021 2079/3023
f 2079/3023 1514/3021 1617/3024
f 1617/3024 1514/3021 166/3025
f 166/3025 1514/3021 522/3026
f 1617/3024 166/3025 1709/3027
f 166/3025 522/3026 96/3028
f 166/3025 96/3028 1709/3027
f 96/3029 70/3030 1458/3031
f 1458/3031 70/3030 265/3032
f 70/3030 96/3029 375/3033
f 70/3030 375/3033 265/3032
f 375/3033 96/3029 424/3034
f 424/3034 96/3029 576/3035
f 375/3033 424/3034 433/3036
f 375/3033 433/3036 253/3037
f 375/3033 253/3037 265/3032
f 1559/3038 96/3029 1458/3031
f 96/3029 1559/3038 1526/3039
f 1522/3040 1458/3031 265/3032
f 1458/3031 1522/3040 1559/3038
f 265/3032 253/3037 89/3041
f 265/3032 89/3041 1522/3040
f 89/3041 253/3037 60/3042
f 89/3041 60/3042 1419/3043
f 89/3041 1419/3043 1593/3044
f 89/3041 1593/3044 1522/3040
f 1593/3044 1419/3043 1671/3045
f 1593/3044 1671/3045 1675/3046
f 1522/3040 1593/3044 1607/3047
f 1607/3047 1593/3044 1675/3046
f 1522/3040 1607/3047 1559/3038
f 1607/3047 1675/3046 1657/3048
f 1607/3047 1657/3048 1559/3038
f 782/3049 869/3050 696/3051
f 869/3050 782/3049 945/3052
f 945/3052 782/3049 1020/3053
f 696/3051 869/3050 670/3054
f 869/3050 945/3052 822/3055
f 869/3050 822/3055 670/3054
f 945/3052 1020/3053 938/3056
f 945/3052 938/3056 822/3055
f 938/3056 1020/3053 1026/3057
f 938/3056 1026/3057 984/3058
f 696/3051 670/3054 433/3059
f 822/3055 938/3056 957/3060
f 957/3060 938/3056 984/3058
f 957/3060 984/3058 636/3061
f 957/3060 636/3061 822/3055
f 636/3061 984/3058 711/3062
f 542/3063 670/3054 822/3055
f 542/3063 822/3055 636/3061
f 636/3061 711/3062 653/3064
f 653/3064 711/3062 604/3065
f 653/3064 604/3065 636/3061
f 636/3061 604/3065 491/3066
f 491/3066 604/3065 551/3067
f 636/3061 491/3066 542/3063
f 423/3068 670/3054 542/3063
f 670/3054 423/3068 433/3059
f 542/3063 491/3066 432/3069
f 432/3069 491/3066 443/3070
f 432/3069 443/3070 260/3071
f 432/3069 260/3071 142/3072
f 542/3063 432/3069 370/3073
f 542/3063 370/3073 423/3068
f 370/3073 432/3069 142/3072
f 405/3074 433/3059 423/3068
f 423/3068 370/3073 372/3075
f 423/3068 372/3075 405/3074
f 433/3059 405/3074 291/3076
f 291/3076 405/3074 372/3075
f 433/3059 291/3076 253/3077
f 370/3073 142/3072 251/3078
f 370/3073 251/3078 372/3075
f 251/3078 142/3072 147/3079
f 147/3079 142/3072 115/3080
f 372/3075 251/3078 182/3081
f 182/3081 251/3078 147/3079
f 372/3075 182/3081 291/3076
f 147/3079 115/3080 80/3082
f 107/3083 253/3077 291/3076
f 107/3083 291/3076 182/3081
f 253/3077 107/3083 60/3084
f 1443/3085 60/3084 80/3082
f 60/3084 1443/3085 1419/3086
f 147/3079 80/3082 48/3087
f 48/3087 80/3082 60/3084
f 147/3079 48/3087 182/3081
f 48/3087 60/3084 107/3083
f 48/3087 107/3083 182/3081
f 1650/3088 1709/3089 1526/3090
f 1526/3090 1709/3089 96/3091
f 1650/3088 1526/3090 1559/3092
f 1650/3088 1559/3092 1657/3093
f 2372/3094 2338/3095 2359/3096
f 2372/3094 2359/3096 2386/3097
f 2359/3096 2338/3095 2329/3098
f 2386/3097 2359/3096 2353/3099
f 2353/3099 2359/3096 2329/3098
f 2386/3097 2353/3099 2387/3100
f 2386/3097 2387/3100 2415/3101
f 2415/3101 2387/3100 2404/3102
f 2387/3100 2353/3099 2349/3103
f 2404/3102 2387/3100 2385/3104
f 2385/3104 2387/3100 2349/3103
f 2420/3105 2404/3102 2412/3106
f 2412/3106 2404/3102 2385/3104
f 2412/3106 2385/3104 2395/3107
f 2395/3107 2385/3104 2366/3108
f 2395/3107 2366/3108 2358/3109
f 2358/3109 2366/3108 2331/3110
f 2366/3108 2385/3104 2362/3111
f 2362/3111 2385/3104 2349/3103
f 2366/3108 2362/3111 2328/3112
f 2366/3108 2328/3112 2331/3110
f 2328/3112 2362/3111 2349/3103
f 2319/3113 2349/3103 2353/3099
f 2331/3110 2328/3112 2302/3114
f 2331/3110 2302/3114 2300/3115
f 2300/3115 2302/3114 2208/3116
f 2302/3114 2328/3112 2244/3117
f 2302/3114 2244/3117 2208/3116
f 2328/3112 2349/3103 2295/3118
f 2295/3118 2349/3103 2319/3113
f 2244/3117 2328/3112 2222/3119
f 2222/3119 2328/3112 2295/3118
f 2208/3116 2244/3117 2044/3120
f 2041/3121 2065/3122 2208/3116
f 2041/3121 2208/3116 2044/3120
f 2041/3121 2044/3120 1541/3123
f 1541/3123 2044/3120 1502/3124
f 2244/3117 2222/3119 2073/3125
f 2244/3117 2073/3125 2044/3120
f 2242/3126 2222/3119 2295/3118
f 2242/3126 2295/3118 2319/3113
f 2222/3119 2242/3126 2122/3127
f 2222/3119 2122/3127 2073/3125
f 2044/3120 2073/3125 1908/3128
f 2044/3120 1908/3128 1502/3124
f 1908/3128 2073/3125 1809/3129
f 2073/3125 2122/3127 1919/3130
f 2073/3125 1919/3130 1809/3129
f 2122/3127 2242/3126 2121/3131
f 2122/3127 2121/3131 1919/3130
f 2121/3131 2242/3126 2234/3132
f 2234/3132 2242/3126 2319/3113
f 1919/3130 2121/3131 1758/3133
f 2234/3132 2319/3113 2304/3134
f 2304/3134 2319/3113 2329/3098
f 2329/3098 2319/3113 2353/3099
f 2234/3132 2304/3134 2258/3135
f 2258/3135 2304/3134 2329/3098
f 2121/3131 2234/3132 2043/3136
f 2043/3136 2234/3132 2258/3135
f 2121/3131 2043/3136 1758/3133
f 2258/3135 2329/3098 2306/3137
f 2306/3137 2329/3098 2338/3095
f 2306/3137 2338/3095 2324/3138
f 2306/3137 2324/3138 2289/3139
f 2258/3135 2306/3137 2236/3140
f 2236/3140 2306/3137 2289/3139
f 2043/3136 2258/3135 2107/3141
f 2107/3141 2258/3135 2236/3140
f 2043/3136 2107/3141 1852/3142
f 2043/3136 1852/3142 1758/3133
f 2107/3141 2236/3140 2120/3143
f 2120/3143 2236/3140 2289/3139
f 1852/3142 2107/3141 1804/3144
f 1804/3144 2107/3141 2120/3143
f 1758/3133 1852/3142 1619/3145
f 1619/3145 1852/3142 1804/3144
f 2120/3143 2289/3139 2167/3146
f 2167/3146 2289/3139 2228/3147
f 1804/3144 2120/3143 1798/3148
f 2120/3143 2167/3146 1927/3149
f 2120/3143 1927/3149 1798/3148
f 1927/3149 2167/3146 1909/3150
f 1909/3150 2167/3146 1997/3151
f 1927/3149 1909/3150 1531/3152
f 1927/3149 1531/3152 1798/3148
f 1531/3152 1909/3150 1664/3153
f 1531/3152 1664/3153 1462/3154
f 1531/3152 1462/3154 363/3155
f 363/3155 1462/3154 90/3156
f 363/3155 90/3156 443/3157
f 363/3155 443/3157 551/3158
f 1531/3152 363/3155 1415/3159
f 498/3160 363/3155 658/3161
f 363/3155 498/3160 1415/3159
f 1476/3162 1798/3148 1531/3152
f 1476/3162 1531/3152 1415/3159
f 1798/3148 1476/3162 1545/3163
f 1798/3148 1545/3163 1804/3144
f 1476/3162 1415/3159 79/3164
f 1804/3144 1545/3163 1619/3145
f 1545/3163 1476/3162 1453/3165
f 1453/3165 1476/3162 79/3164
f 1619/3145 1545/3163 1516/3166
f 1516/3166 1545/3163 1453/3165
f 79/3164 1415/3159 196/3167
f 79/3164 196/3167 1453/3165
f 190/3168 1415/3159 498/3160
f 1415/3159 190/3168 196/3167
f 190/3168 498/3160 818/3169
f 190/3168 818/3169 580/3170
f 190/3168 580/3170 338/3171
f 190/3168 338/3171 196/3167
f 338/3171 580/3170 595/3172
f 338/3171 595/3172 196/3167
f 595/3172 580/3170 690/3173
f 690/3173 580/3170 797/3174
f 690/3173 797/3174 773/3175
f 595/3172 690/3173 697/3176
f 697/3176 690/3173 773/3175
f 773/3175 797/3174 781/3177
f 773/3175 781/3177 697/3176
f 781/3177 797/3174 819/3178
f 570/3179 196/3167 595/3172
f 570/3179 595/3172 697/3176
f 697/3176 781/3177 728/3180
f 728/3180 781/3177 961/3181
f 570/3179 697/3176 573/3182
f 573/3182 697/3176 728/3180
f 196/3167 570/3179 437/3183
f 437/3183 570/3179 573/3182
f 196/3167 437/3183 1453/3165
f 1453/3165 437/3183 202/3184
f 1453/3165 202/3184 1516/3166
f 437/3183 573/3182 162/3185
f 1516/3166 202/3184 1588/3186
f 1516/3166 1588/3186 1619/3145
f 202/3184 437/3183 57/3187
f 202/3184 57/3187 1588/3186
f 57/3187 437/3183 162/3185
f 1619/3145 1588/3186 1684/3188
f 1684/3188 1588/3186 57/3187
f 1684/3188 57/3187 162/3185
f 1619/3145 1684/3188 1758/3133
f 1758/3133 1684/3188 1555/3189
f 1555/3189 1684/3188 162/3185
f 1758/3133 1555/3189 1919/3130
f 1919/3130 1555/3189 1809/3129
f 1555/3189 162/3185 220/3190
f 1809/3129 1555/3189 36/3191
f 36/3191 1555/3189 220/3190
f 220/3190 162/3185 523/3192
f 523/3192 162/3185 573/3182
f 523/3192 573/3182 728/3180
f 220/3190 523/3192 457/3193
f 220/3190 457/3193 36/3191
f 523/3192 728/3180 680/3194
f 523/3192 680/3194 457/3193
f 680/3194 728/3180 882/3195
f 882/3195 728/3180 915/3196
f 680/3194 882/3195 851/3197
f 457/3193 680/3194 674/3198
f 674/3198 680/3194 851/3197
f 313/3199 36/3191 457/3193
f 313/3199 457/3193 674/3198
f 674/3198 851/3197 791/3200
f 791/3200 851/3197 902/3201
f 791/3200 902/3201 799/3202
f 674/3198 791/3200 718/3203
f 791/3200 799/3202 752/3204
f 791/3200 752/3204 718/3203
f 771/3205 799/3202 1082/3206
f 799/3202 771/3205 493/3207
f 799/3202 493/3207 752/3204
f 493/3207 771/3205 388/3208
f 493/3207 388/3208 1502/3124
f 599/3209 674/3198 718/3203
f 674/3198 599/3209 313/3199
f 691/3210 718/3203 752/3204
f 718/3203 691/3210 599/3209
f 543/3211 752/3204 493/3207
f 752/3204 543/3211 691/3210
f 599/3209 691/3210 616/3212
f 599/3209 616/3212 313/3199
f 616/3212 691/3210 543/3211
f 313/3199 616/3212 454/3213
f 454/3213 616/3212 543/3211
f 313/3199 454/3213 164/3214
f 313/3199 164/3214 36/3191
f 151/3215 543/3211 493/3207
f 543/3211 151/3215 454/3213
f 151/3215 493/3207 1502/3124
f 164/3214 454/3213 1423/3216
f 164/3214 1423/3216 36/3191
f 1423/3216 454/3213 151/3215
f 36/3191 1423/3216 1809/3129
f 151/3215 1502/3124 1466/3217
f 151/3215 1466/3217 1423/3216
f 1423/3216 1466/3217 1809/3129
f 1466/3217 1502/3124 1908/3128
f 1466/3217 1908/3128 1809/3129
f 491/3218 551/3219 443/3220
