# Blender 4.5.2 LTS
# www.blender.org
mtllib tripo_convert_f60a8cbb-3bfe-4e0e-a5b1-8735d8cc4962.mtl
o tripo_node_f60a8cbb-3bfe-4e0e-a5b1-8735d8cc4962
v 0.000008 -0.299133 -0.081123
v 0.000045 0.051231 0.355438
v 0.000048 0.141891 -0.223724
v 0.000062 -0.125137 -0.084457
v 0.000095 0.238022 -0.027246
v 0.000111 -0.452606 0.023048
v 0.000114 -0.298859 0.080765
v 0.000115 -0.454559 0.067131
v 0.000187 0.075943 0.282471
v 0.000215 -0.301056 -0.019739
v 0.000254 -0.499390 -0.052067
v 0.000269 -0.073425 -0.000135
v 0.000354 0.238098 0.026543
v 0.000382 -0.499390 0.052631
v 0.000513 0.139542 0.227020
v 0.000554 0.276428 -0.026669
v 0.000630 0.329865 0.071205
v 0.000727 0.120346 0.259644
v 0.000739 0.347412 -0.075325
v 0.000746 -0.279572 0.078476
v 0.000812 0.108292 -0.201721
v 0.000822 -0.317841 0.079346
v 0.000831 0.057735 0.338959
v 0.000938 0.117584 -0.183777
v 0.000942 -0.474304 0.070908
v 0.000968 -0.277466 -0.078552
v 0.000984 -0.499237 0.070961
v 0.001013 -0.317566 -0.079689
v 0.001024 -0.481903 0.070343
v 0.001049 0.175278 0.151108
v 0.001052 0.100967 -0.220612
v 0.001057 0.118164 -0.263641
v 0.001071 0.124901 0.250153
v 0.001081 0.057575 -0.384583
v 0.001108 0.314362 -0.051624
v 0.001111 0.109177 0.199783
v 0.001115 0.119019 0.180130
v 0.001140 -0.499298 -0.071098
v 0.001327 -0.330109 -0.077095
v 0.001374 -0.472412 -0.071083
v 0.001420 0.057468 0.384705
v 0.001438 0.352264 -0.073051
v 0.001438 -0.331085 0.076630
v 0.001451 0.062405 -0.064308
v 0.001454 0.063072 0.302063
v 0.001524 0.061863 0.373169
v 0.001535 0.125626 -0.249069
v 0.001536 -0.487152 -0.052032
v 0.001577 0.100327 0.221680
v 0.001581 0.101013 -0.064171
v 0.001611 0.132294 -0.120789
v 0.001623 0.310211 0.070732
v 0.001627 0.324127 -0.058109
v 0.001674 0.180054 -0.144592
v 0.001685 0.063904 -0.299164
v 0.001710 -0.471558 0.070587
v 0.001754 -0.499512 0.032417
v 0.001826 -0.499298 -0.021374
v 0.001835 -0.483429 0.052959
v 0.001841 0.101616 0.063957
v 0.001865 0.307281 -0.062859
v 0.001889 0.325836 -0.071960
v 0.001953 0.062477 -0.372406
v 0.001959 0.061180 -0.315247
v 0.001963 -0.499481 0.021326
v 0.002015 -0.471100 0.062237
v 0.002048 0.186249 -0.146179
v 0.002063 0.328308 -0.070503
v 0.002116 0.184235 0.146317
v 0.002201 0.068245 -0.362518
v 0.002217 0.267822 0.026093
v 0.002217 -0.470856 -0.052094
v 0.002218 -0.470337 0.047173
v 0.002246 0.102638 -0.292480
v 0.002284 -0.424530 -0.062321
v 0.002299 0.061207 0.314575
v 0.002342 -0.487000 0.035301
v 0.002412 -0.454895 -0.068283
v 0.002427 -0.485352 -0.021578
v 0.002434 -0.477020 0.021469
v 0.002518 0.093887 0.309540
v 0.002521 -0.277496 -0.021418
v 0.002554 0.308655 0.057991
v 0.002594 0.323975 -0.059589
v 0.002599 0.186417 0.145157
v 0.002693 -0.470520 0.021168
v 0.002713 -0.354279 -0.071381
v 0.002745 0.068146 0.289490
v 0.002753 0.104546 0.288513
v 0.002803 -0.469666 -0.021652
v 0.002805 -0.277344 0.021141
v 0.002895 0.199692 -0.121925
v 0.003047 0.060780 0.321442
v 0.003062 0.197815 0.124916
v 0.003137 -0.357117 0.070419
v 0.003222 0.070259 -0.288605
v 0.003361 0.049229 0.381104
v 0.003371 0.132965 0.105331
v 0.003408 0.085526 -0.326691
v 0.003473 0.085159 -0.060493
v 0.003572 0.048908 -0.380890
v 0.003675 0.226929 -0.042606
v 0.003716 -0.132126 0.121162
v 0.003752 -0.443542 -0.064644
v 0.003845 0.045311 -0.373962
v 0.003939 0.082428 0.059555
v 0.003981 0.321289 0.057732
v 0.004016 0.045242 0.374054
v 0.004081 0.178650 0.143692
v 0.004100 0.084442 0.328674
v 0.004104 0.139908 -0.135864
v 0.004232 0.439697 -0.061974
v 0.004344 0.307343 -0.057156
v 0.004421 -0.442444 0.064461
v 0.004483 -0.380096 -0.065536
v 0.004635 0.439453 0.061878
v 0.004656 -0.264862 0.019148
v 0.004659 -0.264282 -0.019289
v 0.004689 0.074463 0.349823
v 0.004717 0.154358 -0.180405
v 0.004759 0.343018 -0.069664
v 0.004768 0.076561 -0.346039
v 0.004803 -0.425507 0.062191
v 0.004953 0.059059 -0.334564
v 0.005003 0.153854 0.180862
v 0.005064 -0.382263 0.064720
v 0.005070 0.315765 0.053886
v 0.005134 0.060116 0.300995
v 0.005368 -0.075661 -0.000274
v 0.005471 0.045868 -0.366882
v 0.005641 0.235016 -0.026211
v 0.005672 0.125122 0.179672
v 0.005752 0.057407 0.339935
v 0.005800 0.124382 -0.182312
v 0.005850 -0.249588 0.015636
v 0.005852 0.076401 0.058800
v 0.005857 0.059238 -0.303101
v 0.005898 -0.251068 -0.016376
v 0.005911 0.132965 -0.227829
v 0.005982 0.076469 -0.059113
v 0.006015 0.144012 -0.209869
v 0.006090 -0.069061 0.106354
v 0.006127 0.142441 0.212219
v 0.006130 0.123421 -0.245621
v 0.006133 0.055374 -0.345703
v 0.006220 0.125732 0.239410
v 0.006262 0.381165 0.082314
v 0.006272 0.381592 -0.082809
v 0.006342 0.148849 -0.198364
v 0.006368 -0.258026 0.075989
v 0.006372 0.160019 -0.166595
v 0.006423 0.159729 0.166443
v 0.006466 0.131027 0.159958
v 0.006487 0.061203 -0.318756
v 0.006601 0.062675 -0.294525
v 0.006607 0.120819 0.188538
v 0.006658 0.131500 -0.159698
v 0.006670 0.147568 0.201035
v 0.006687 0.131927 0.179398
v 0.006722 -0.256805 -0.076065
v 0.006759 0.347839 -0.070457
v 0.006774 0.147049 -0.181961
v 0.006841 0.346527 0.069359
v 0.006850 0.226974 0.041122
v 0.006897 0.046524 0.365417
v 0.006988 0.350952 0.072311
v 0.007018 0.335968 0.066063
v 0.007031 0.231308 0.030527
v 0.007102 0.137192 -0.180420
v 0.007162 0.145187 0.180969
v 0.007192 0.315674 -0.054192
v 0.007192 0.244019 -0.025473
v 0.007277 -0.233704 -0.013652
v 0.007294 0.076599 0.283386
v 0.007339 0.351044 -0.072525
v 0.007386 0.327545 -0.065178
v 0.007425 0.113525 0.263214
v 0.007468 0.218948 -0.089554
v 0.007502 -0.234009 0.013330
v 0.007611 -0.410004 -0.030066
v 0.007648 0.250336 0.025272
v 0.007662 0.153137 0.169189
v 0.007664 0.154144 -0.168991
v 0.007737 0.305725 0.059582
v 0.007745 0.264069 -0.026377
v 0.007809 -0.381470 -0.030146
v 0.007872 0.218384 0.089790
v 0.007914 -0.402283 0.062538
v 0.007997 0.137497 0.145981
v 0.008027 0.137161 -0.146698
v 0.008140 0.065300 0.289764
v 0.008180 -0.255920 0.076187
v 0.008216 0.314850 0.063583
v 0.008410 0.095398 -0.302856
v 0.008454 0.143585 0.172623
v 0.008483 -0.452362 0.067978
v 0.008526 -0.410248 0.029827
v 0.008531 0.061802 0.372345
v 0.008592 -0.213440 0.014315
v 0.008592 -0.476685 -0.046936
v 0.008720 0.141129 -0.197479
v 0.008739 0.101875 -0.285553
v 0.008835 -0.212997 -0.014805
v 0.008927 0.085381 0.276215
v 0.008971 0.142700 -0.172409
v 0.009027 0.317627 -0.063171
v 0.009033 0.140274 0.197418
v 0.009057 -0.255402 -0.076355
v 0.009080 -0.357544 -0.029081
v 0.009098 0.315643 0.054646
v 0.009101 -0.380615 0.030157
v 0.009144 0.220825 -0.087479
v 0.009167 0.114067 -0.204208
v 0.009193 0.086075 -0.275696
v 0.009212 -0.463898 -0.023031
v 0.009260 0.100899 0.287323
v 0.009274 0.457550 0.033726
v 0.009348 0.233749 0.023855
v 0.009362 0.132645 -0.169174
v 0.009378 -0.355835 0.028662
v 0.009388 0.106987 -0.218689
v 0.009389 0.067375 -0.288330
v 0.009425 0.220657 0.087021
v 0.009450 0.313202 -0.054764
v 0.009462 0.061504 -0.373138
v 0.009606 -0.453888 -0.069244
v 0.009640 0.105293 0.222031
v 0.009652 0.268280 0.026333
v 0.009652 -0.461700 0.022942
v 0.009675 0.279663 0.028427
v 0.009765 0.323029 0.062244
v 0.009785 0.095825 -0.251434
v 0.009789 0.304871 -0.061005
v 0.009834 0.125702 -0.193954
v 0.009850 0.308167 0.054329
v 0.009880 0.312286 -0.051914
v 0.009887 0.095078 0.252838
v 0.009904 0.456848 -0.035023
v 0.009915 0.222931 -0.077530
v 0.009973 0.110672 0.211395
v 0.009980 0.133255 0.168137
v 0.010011 0.091522 0.309082
v 0.010156 0.292480 -0.033634
v 0.010211 -0.409424 0.060940
v 0.010223 -0.193512 0.012915
v 0.010312 0.104538 0.270111
v 0.010335 0.305237 -0.063606
v 0.010349 0.078987 -0.282867
v 0.010378 0.049088 0.379181
v 0.010379 -0.193283 -0.013328
v 0.010382 0.308044 -0.054222
v 0.010395 0.304901 0.063248
v 0.010423 -0.232803 -0.081467
v 0.010447 -0.169632 -0.009468
v 0.010468 0.128571 0.195694
v 0.010545 0.070259 0.286133
v 0.010602 -0.409485 -0.061394
v 0.010620 -0.167999 0.008803
v 0.010622 0.229309 -0.030832
v 0.010669 0.226669 -0.038071
v 0.010671 0.057896 0.382111
v 0.010747 0.124245 -0.221786
v 0.010775 0.049446 -0.379242
v 0.010791 -0.202652 -0.137283
v 0.010840 -0.232117 0.081184
v 0.010879 0.358368 -0.076241
v 0.010916 0.103821 -0.269135
v 0.010942 0.120003 0.228500
v 0.010970 0.140518 -0.120628
v 0.011106 0.126999 -0.199905
v 0.011174 -0.202286 0.136597
v 0.011194 -0.087143 -0.000367
v 0.011239 0.120636 0.201431
v 0.011254 -0.333435 0.028046
v 0.011265 -0.140823 0.004768
v 0.011311 -0.335114 -0.028622
v 0.011399 0.083031 -0.328369
v 0.011405 0.223999 0.047798
v 0.011434 -0.141251 -0.005291
v 0.011438 0.047440 0.364044
v 0.011487 -0.435303 0.026806
v 0.011518 0.223801 -0.048100
v 0.011596 0.126907 0.116714
v 0.011620 0.050346 -0.357971
v 0.011731 0.227737 -0.051922
v 0.011732 -0.439606 0.064491
v 0.011734 -0.201065 0.140457
v 0.011744 -0.201706 -0.140656
v 0.011854 0.180008 0.143845
v 0.011864 0.227921 0.051632
v 0.011887 0.058620 -0.316803
v 0.011900 0.059780 0.300171
v 0.011938 0.283142 -0.030359
v 0.011945 0.061569 0.321991
v 0.012006 -0.437195 -0.026880
v 0.012010 -0.190140 0.131836
v 0.012073 0.056999 -0.308044
v 0.012150 0.358612 0.075554
v 0.012178 0.151184 -0.120476
v 0.012187 -0.438965 -0.064644
v 0.012229 0.056950 0.310211
v 0.012254 0.046967 0.369812
v 0.012259 0.057652 -0.381958
v 0.012312 -0.214569 -0.080452
v 0.012341 0.111649 -0.240662
v 0.012361 0.458649 -0.030054
v 0.012410 0.120216 -0.216415
v 0.012446 -0.193024 -0.133270
v 0.012457 -0.215256 0.079910
v 0.012525 0.064758 -0.365204
v 0.012605 0.095375 -0.281433
v 0.012670 0.175598 0.141052
v 0.012705 0.094833 0.282349
v 0.012709 0.089256 0.278137
v 0.012746 0.090637 -0.278198
v 0.012782 0.101097 -0.261261
v 0.012789 0.114799 -0.214722
v 0.012790 0.047379 -0.365936
v 0.012791 0.117332 0.212524
v 0.012881 -0.183014 0.136765
v 0.012922 0.099312 0.263367
v 0.012925 0.082397 0.328064
v 0.012937 0.175415 -0.141113
v 0.012972 0.068321 -0.289276
v 0.012972 0.151672 0.120033
v 0.013032 -0.190018 -0.083450
v 0.013073 -0.425995 0.061558
v 0.013078 0.060585 -0.298737
v 0.013080 -0.380371 0.061489
v 0.013111 0.076141 -0.343292
v 0.013123 -0.381683 -0.061726
v 0.013145 -0.191391 0.082756
v 0.013211 0.099106 -0.254517
v 0.013251 0.079933 0.283417
v 0.013356 0.324554 -0.061062
v 0.013391 0.225967 0.036880
v 0.013436 0.067749 0.289581
v 0.013451 -0.428284 -0.061993
v 0.013564 0.108055 -0.232742
v 0.013565 -0.356201 -0.066589
v 0.013598 -0.309967 -0.027193
v 0.013606 0.252899 0.023420
v 0.013641 -0.123734 -0.088516
v 0.013696 0.108765 0.231293
v 0.013734 -0.115547 -0.001976
v 0.013780 -0.164688 -0.085342
v 0.013794 0.307770 0.045349
v 0.013837 0.274841 -0.027988
v 0.013837 -0.309998 0.026941
v 0.013849 0.104271 0.243942
v 0.013942 -0.331848 0.071518
v 0.014051 -0.165634 0.084869
v 0.014053 0.151215 -0.159866
v 0.014094 -0.169876 -0.123337
v 0.014132 -0.167938 -0.134003
v 0.014253 -0.137375 -0.087387
v 0.014289 0.092110 -0.285797
v 0.014301 0.242126 -0.022102
v 0.014324 0.312042 0.051785
v 0.014326 0.056934 0.316345
v 0.014364 -0.136078 0.087166
v 0.014524 0.311371 -0.051704
v 0.014645 -0.123932 0.088196
v 0.014683 -0.164291 0.120491
v 0.014727 0.464600 -0.000449
v 0.014732 0.141403 0.161224
v 0.014770 -0.097427 -0.000227
v 0.014798 -0.319000 -0.074066
v 0.014814 0.404114 -0.079926
v 0.014820 0.092163 -0.297791
v 0.014855 0.083496 0.283539
v 0.014872 0.092110 0.295227
v 0.014915 0.403625 0.079613
v 0.015120 0.299622 -0.039551
v 0.015123 0.230682 -0.021235
v 0.015146 0.089684 0.284515
v 0.015152 -0.316620 0.073669
v 0.015158 0.085686 -0.284363
v 0.015360 0.256470 -0.023624
v 0.015454 0.308777 -0.053955
v 0.015820 -0.454620 -0.068901
v 0.015825 -0.409760 -0.058655
v 0.015938 0.227692 0.026623
v 0.015944 0.055317 -0.317322
v 0.016043 -0.452271 0.068031
v 0.016050 -0.409698 0.057972
v 0.016174 0.132553 0.122124
v 0.016333 -0.489227 0.074547
v 0.016338 0.144943 -0.158218
v 0.016356 0.147537 -0.132401
v 0.016371 -0.410309 0.032669
v 0.016373 0.172348 0.138367
v 0.016396 -0.151398 -0.115341
v 0.016413 0.142365 0.149994
v 0.016430 0.270447 0.026245
v 0.016518 -0.408356 -0.033478
v 0.016537 -0.489624 -0.074890
v 0.016653 0.333740 -0.060013
v 0.016716 0.171921 -0.138763
v 0.016754 0.247498 0.021019
v 0.016762 0.054714 0.317780
v 0.016773 -0.135986 0.126953
v 0.016785 -0.399170 0.033863
v 0.016914 0.300629 0.040646
v 0.016926 -0.298737 0.074173
v 0.016977 0.047741 -0.326569
v 0.016981 0.156555 -0.152390
v 0.016998 0.048050 0.322845
v 0.017010 0.059738 0.337738
v 0.017035 0.062752 0.323761
v 0.017044 -0.298553 -0.074486
v 0.017071 0.082649 0.321777
v 0.017071 0.087868 0.305450
v 0.017159 0.071709 -0.351562
v 0.017258 -0.379303 -0.035992
v 0.017340 -0.379822 0.035793
v 0.017342 -0.139664 -0.110153
v 0.017450 0.062305 -0.323822
v 0.017572 0.049694 0.373871
v 0.017643 -0.127335 -0.125504
v 0.017689 -0.126556 0.093742
v 0.017696 0.059998 -0.337952
v 0.017700 0.070251 0.353638
v 0.017714 0.308716 -0.048134
v 0.017736 0.152664 -0.122131
v 0.017756 -0.139603 0.110077
v 0.017767 0.230438 0.017757
v 0.017883 0.144775 -0.147202
v 0.017885 0.153473 0.120964
v 0.017902 0.047260 0.330200
v 0.017918 0.332458 0.059147
v 0.017960 -0.460022 0.072151
v 0.018047 0.127243 -0.116936
v 0.018188 0.056606 0.305634
v 0.018198 -0.437469 0.063637
v 0.018236 0.053810 -0.311829
v 0.018244 0.177185 -0.143616
v 0.018341 0.054260 0.311890
v 0.018368 -0.280457 -0.028263
v 0.018385 0.057835 -0.320190
v 0.018484 0.062515 -0.327423
v 0.018499 0.307831 0.057194
v 0.018541 0.134613 -0.122757
v 0.018555 -0.127228 -0.094353
v 0.018562 -0.279510 0.027897
v 0.018648 0.078484 0.334869
v 0.018696 0.126923 0.117775
v 0.018717 0.260040 0.022650
v 0.018747 -0.471130 0.075775
v 0.018753 0.232254 -0.017473
v 0.018831 -0.489899 -0.065208
v 0.018848 0.223969 -0.036022
v 0.018888 -0.426208 0.059113
v 0.018888 -0.426483 -0.059097
v 0.018915 0.185974 0.130753
v 0.019043 -0.113167 0.121902
v 0.019045 -0.470612 -0.076408
v 0.019148 0.187134 -0.128754
v 0.019152 0.060368 0.371094
v 0.019152 0.313141 -0.052166
v 0.019161 0.308258 -0.056515
v 0.019175 0.179230 -0.143600
v 0.019192 0.059490 -0.374054
v 0.019222 -0.380493 0.051918
v 0.019253 0.081871 -0.320862
v 0.019333 0.285126 -0.032887
v 0.019350 0.078308 -0.335144
v 0.019384 -0.379547 -0.052044
v 0.019423 0.045662 -0.330994
v 0.019424 -0.276306 -0.074310
v 0.019447 0.139755 -0.095947
v 0.019474 -0.273834 0.073883
v 0.019522 -0.428619 -0.030867
v 0.019533 -0.490143 0.063431
v 0.019562 -0.379364 -0.040756
v 0.019571 0.049736 -0.332092
v 0.019587 0.336823 -0.061844
v 0.019682 -0.381042 0.041492
v 0.019714 -0.461700 0.025602
v 0.019716 0.139999 0.095505
v 0.019760 0.312622 -0.055573
v 0.019819 0.195892 0.113625
v 0.019888 0.084320 -0.290253
v 0.019970 0.322510 -0.055607
v 0.019972 0.048874 0.358856
v 0.020025 0.179123 0.142517
v 0.020056 0.224884 -0.027252
v 0.020071 -0.189102 -0.128021
v 0.020075 0.069382 -0.290131
v 0.020115 0.068466 0.290466
v 0.020149 0.151443 0.150253
v 0.020178 -0.352875 0.035725
v 0.020195 0.222580 0.057842
v 0.020231 0.195648 -0.114021
v 0.020248 0.046947 -0.316986
v 0.020350 0.148483 0.137512
v 0.020411 0.318695 0.054218
v 0.020462 0.050026 0.333099
v 0.020475 -0.269623 -0.073906
v 0.020483 0.312866 0.052021
v 0.020573 -0.408295 0.051102
v 0.020586 -0.406158 -0.041359
v 0.020647 -0.408234 -0.051285
v 0.020679 -0.460785 -0.072922
v 0.020721 0.377319 0.079391
v 0.020727 0.049114 -0.371033
v 0.020819 0.048889 -0.358978
v 0.020836 0.152740 -0.147888
v 0.020849 0.277924 0.029039
v 0.020981 -0.431641 0.030588
v 0.021055 -0.265625 0.073776
v 0.021061 -0.409027 0.040569
v 0.021151 -0.490112 -0.051765
v 0.021156 -0.437897 -0.063416
v 0.021248 -0.084839 -0.116104
v 0.021263 -0.489685 0.045887
v 0.021267 0.377106 -0.079735
v 0.021276 0.063232 -0.295319
v 0.021299 0.048653 0.314545
v 0.021311 0.042984 0.321686
v 0.021311 0.059444 0.321198
v 0.021347 0.267334 -0.024431
v 0.021353 -0.321533 0.033993
v 0.021505 -0.321655 -0.034405
v 0.021555 0.042530 -0.323212
v 0.021559 0.062210 0.296387
v 0.021599 0.315155 -0.053024
v 0.021843 -0.488892 -0.022011
v 0.021864 0.077988 -0.289520
v 0.021957 0.077072 0.289703
v 0.021965 0.059456 -0.321625
v 0.022215 -0.489349 0.021618
v 0.022276 0.205109 0.098106
v 0.022335 0.164688 0.133804
v 0.022343 0.285309 0.033409
v 0.022480 0.151993 0.077591
v 0.022604 -0.251282 0.075005
v 0.022640 0.152420 -0.077888
v 0.022732 0.130203 -0.119667
v 0.022741 -0.460815 -0.071320
v 0.022751 0.257690 -0.019760
v 0.022751 -0.349731 0.039726
v 0.022753 0.205765 -0.097588
v 0.022758 0.353088 -0.070686
v 0.022758 -0.251343 -0.075325
v 0.022766 0.077850 0.321869
v 0.022783 0.048279 0.367035
v 0.022814 -0.473206 0.022007
v 0.022896 0.269318 0.024422
v 0.022947 -0.462738 -0.025972
v 0.022961 0.154190 0.124992
v 0.023001 0.076668 0.332489
v 0.023008 0.064934 -0.323364
v 0.023029 0.157883 0.138779
v 0.023037 0.065582 0.323242
v 0.023167 0.041882 0.330750
v 0.023224 0.251282 0.016594
v 0.023331 -0.184967 -0.133041
v 0.023348 -0.251740 -0.022999
v 0.023373 0.072227 -0.346649
v 0.023453 0.054119 0.307800
v 0.023512 0.310120 0.051544
v 0.023529 0.054268 -0.307709
v 0.023533 0.152878 -0.126404
v 0.023628 -0.438446 0.061813
v 0.023640 0.305786 -0.048489
v 0.023666 0.222214 0.030619
v 0.023693 0.042149 -0.330872
v 0.023703 0.076752 -0.321045
v 0.023733 -0.304932 -0.033970
v 0.023766 0.045162 0.333405
v 0.023783 -0.340332 -0.040466
v 0.023859 -0.044464 -0.106995
v 0.023861 0.243896 -0.014400
v 0.023865 0.070312 0.349884
v 0.023884 -0.249863 0.022089
v 0.023891 -0.013648 0.097740
v 0.023983 -0.013511 -0.098083
v 0.024035 0.073990 -0.337799
v 0.024055 -0.425262 -0.051254
v 0.024063 -0.425812 0.052094
v 0.024065 -0.124756 0.088051
v 0.024071 0.171219 0.141754
v 0.024164 0.330780 -0.059711
v 0.024212 -0.124672 -0.088326
v 0.024321 0.080032 -0.301178
v 0.024347 -0.300018 0.033543
v 0.024376 -0.044899 0.106583
v 0.024378 0.056385 -0.373810
v 0.024538 -0.425659 0.039772
v 0.024546 -0.077286 -0.000293
v 0.024569 0.011046 -0.091248
v 0.024570 0.044010 -0.318329
v 0.024572 0.079460 0.299530
v 0.024597 0.046585 -0.334381
v 0.024611 0.157166 0.125961
v 0.024630 0.160995 -0.131943
v 0.024643 0.057594 0.373352
v 0.024683 0.072586 0.321350
v 0.024717 0.051655 -0.332825
v 0.024729 0.070099 0.343475
v 0.024755 0.143112 -0.075981
v 0.024769 -0.425812 -0.040401
v 0.024828 0.068848 -0.322510
v 0.024839 0.156677 -0.127304
v 0.024839 -0.426117 0.046654
v 0.024849 0.012275 0.090340
v 0.024857 0.092453 0.064056
v 0.024874 0.143768 0.075867
v 0.025040 0.274170 -0.026924
v 0.025148 0.058098 -0.302643
v 0.025179 -0.072540 -0.000298
v 0.025230 0.069580 0.293793
v 0.025331 0.236099 0.010782
v 0.025379 0.326233 0.058594
v 0.025431 0.076653 0.313812
v 0.025480 0.351654 0.068596
v 0.025503 0.279236 -0.030260
v 0.025537 0.076469 -0.315887
v 0.025572 0.060883 -0.340668
v 0.025587 0.042553 0.322021
v 0.025629 0.089859 -0.063957
v 0.025644 0.050602 0.333588
v 0.025717 0.212967 0.083389
v 0.025768 0.061474 0.339172
v 0.025869 0.064522 0.331238
v 0.026009 0.059135 0.370361
v 0.026016 0.062943 -0.336487
v 0.026026 0.055325 0.351837
v 0.026031 -0.250244 0.024761
v 0.026066 0.212204 -0.084290
v 0.026134 0.059021 -0.371246
v 0.026138 0.040184 0.078247
v 0.026173 0.040493 -0.078484
v 0.026371 -0.232620 -0.017698
v 0.026436 0.069885 0.064102
v 0.026503 0.075493 -0.061863
v 0.026562 -0.460266 0.071289
v 0.026569 0.055084 -0.353577
v 0.026575 -0.233292 0.017582
v 0.026600 0.075691 0.061672
v 0.026728 -0.316589 0.055088
v 0.026741 -0.447296 0.065666
v 0.026823 -0.315887 -0.055481
v 0.026848 0.254089 -0.014295
v 0.026865 0.253876 0.013891
v 0.026932 0.220428 -0.047256
v 0.027008 0.289246 -0.038639
v 0.027021 0.061581 0.356232
v 0.027082 0.057476 0.303284
v 0.027086 0.280853 0.031521
v 0.027094 0.051144 0.359619
v 0.027145 0.073639 0.297363
v 0.027147 -0.459656 0.026705
v 0.027163 0.051498 0.366638
v 0.027174 0.061954 -0.355225
v 0.027281 0.072693 -0.296631
v 0.027321 0.337585 -0.061157
v 0.027405 0.050835 -0.364136
v 0.027514 0.337799 0.060802
v 0.027548 0.132339 0.121841
v 0.027681 -0.448517 -0.066322
v 0.027716 0.055969 0.359375
v 0.027786 0.061550 0.319305
v 0.027954 0.220001 0.046585
v 0.027996 0.069374 -0.296936
v 0.028080 0.054321 -0.366058
v 0.028147 -0.306183 0.044098
v 0.028236 -0.305908 -0.044220
v 0.028309 0.073044 -0.304169
v 0.028620 0.048489 0.331848
v 0.028671 0.227615 0.005828
v 0.028690 0.158188 0.078194
v 0.028755 0.228363 -0.005894
v 0.028818 -0.499298 -0.078857
v 0.028837 0.048698 -0.331696
v 0.028870 0.140320 0.125641
v 0.028910 -0.296021 0.055744
v 0.028931 0.266785 -0.020679
v 0.028940 0.140717 -0.126389
v 0.028994 0.063507 -0.319061
v 0.028997 -0.214462 0.018028
v 0.029005 0.215134 -0.070976
v 0.029020 -0.214050 -0.018356
v 0.029045 0.213272 -0.076660
v 0.029078 -0.449707 -0.029348
v 0.029139 -0.072113 -0.001810
v 0.029142 0.042343 -0.325470
v 0.029144 0.159012 -0.078552
v 0.029192 0.262665 0.017057
v 0.029219 -0.203964 -0.133041
v 0.029219 -0.232468 0.076180
v 0.029257 0.223526 -0.011275
v 0.029278 -0.293793 -0.056252
v 0.029314 0.288635 0.039551
v 0.029358 -0.203888 0.132919
v 0.029394 0.053787 -0.305969
v 0.029400 0.439667 -0.062813
v 0.029419 -0.232513 -0.076500
v 0.029430 -0.499084 0.079239
v 0.029440 0.272919 0.025057
v 0.029510 0.069115 0.310364
v 0.029612 -0.474915 -0.022839
v 0.029646 0.062782 0.303314
v 0.029707 0.062080 -0.304565
v 0.029724 -0.450195 0.029251
v 0.029747 0.043533 0.321472
v 0.029879 0.439819 0.062241
v 0.029892 0.045620 -0.317139
v 0.029913 0.052082 0.307953
v 0.029922 0.064003 0.317169
v 0.029926 0.166153 -0.140045
v 0.029951 0.155731 0.085815
v 0.030056 0.043766 0.330414
v 0.030100 -0.275299 -0.035503
v 0.030111 0.043938 -0.330597
v 0.030293 0.169876 -0.140854
v 0.030363 0.059784 -0.320038
v 0.030415 -0.470703 0.077042
v 0.030489 0.358795 -0.069588
v 0.030561 0.216492 0.063988
v 0.030619 0.065956 -0.312744
v 0.030622 0.234192 -0.001216
v 0.030628 0.219086 -0.030569
v 0.030682 0.247650 0.005528
v 0.030693 0.218063 -0.060680
v 0.030718 -0.151199 -0.084854
v 0.030876 0.400208 -0.078072
v 0.030888 0.222717 0.049828
v 0.031046 0.221573 0.011414
v 0.031073 0.248901 -0.005445
v 0.031088 0.227341 0.000916
v 0.031288 -0.273224 0.036037
v 0.031342 0.222412 -0.049694
v 0.031425 0.273041 -0.024925
v 0.031578 0.058674 -0.307495
v 0.031792 0.185974 0.108444
v 0.031792 -0.192825 0.017958
v 0.031868 0.058048 -0.320801
v 0.031929 -0.191849 -0.018280
v 0.031937 0.219589 -0.017349
v 0.031998 0.059929 0.319061
v 0.032005 -0.441803 0.056293
v 0.032108 0.255219 -0.007821
v 0.032215 -0.441772 -0.056244
v 0.032284 -0.276001 0.054405
v 0.032375 0.164825 -0.079819
v 0.032433 -0.214249 -0.074768
v 0.032452 0.399689 0.077347
v 0.032467 -0.275787 -0.054688
v 0.032471 0.251312 0.000012
v 0.032642 -0.213821 0.074341
v 0.032742 -0.445343 0.038109
v 0.032948 -0.263611 -0.038151
v 0.033039 0.218033 0.022083
v 0.033070 0.056393 0.310974
v 0.033268 0.186935 -0.103508
v 0.033272 -0.165558 0.015101
v 0.033310 0.255890 0.005470
v 0.033405 0.309723 0.056332
v 0.033459 -0.263000 -0.059143
v 0.033531 -0.167633 -0.015982
v 0.033558 0.455902 -0.036621
v 0.033623 0.343323 -0.061825
v 0.033638 0.049477 0.319458
v 0.033684 -0.499298 -0.057510
v 0.033760 -0.275635 -0.044327
v 0.033772 -0.275482 0.043728
v 0.033791 0.457245 0.034164
v 0.033802 0.051720 -0.316467
v 0.033970 0.282562 -0.036224
v 0.033978 0.198639 0.084549
v 0.034000 0.343872 0.061478
v 0.034016 -0.262024 0.038452
v 0.034149 0.199387 -0.083290
v 0.034191 -0.498962 0.080818
v 0.034218 -0.443115 0.043579
v 0.034267 -0.475159 -0.081177
v 0.034351 -0.252533 -0.032429
v 0.034370 0.375031 -0.074638
v 0.034386 -0.443481 -0.042988
v 0.034439 0.137985 0.123848
v 0.034489 0.268158 -0.018627
v 0.034492 -0.140656 -0.012789
v 0.034512 -0.141052 0.012529
v 0.034515 0.261566 0.010129
v 0.034538 -0.251434 0.031685
v 0.034576 0.219986 0.004689
v 0.034687 0.309418 -0.056671
v 0.034718 0.374420 0.073875
v 0.034760 -0.499298 -0.081352
v 0.034763 0.142349 0.117477
v 0.034805 0.217468 0.014209
v 0.034882 0.275513 0.027718
v 0.034920 0.157028 -0.093048
v 0.034992 -0.205856 -0.126801
v 0.035004 0.457092 -0.034035
v 0.035030 0.166336 0.138580
v 0.035042 0.155807 0.094734
v 0.035099 0.266327 0.015917
v 0.035114 -0.474884 0.080910
v 0.035229 -0.073616 0.001378
v 0.035275 0.139282 -0.124794
v 0.035347 0.177826 -0.115082
v 0.035408 0.168701 0.079773
v 0.035496 -0.071709 -0.001418
v 0.035656 -0.466064 -0.076019
v 0.035698 0.169647 -0.080070
v 0.035702 -0.267120 0.054607
v 0.035770 0.219498 -0.001913
v 0.035961 -0.102402 -0.007813
v 0.035999 0.263611 -0.011428
v 0.036022 0.281586 0.035988
v 0.036106 -0.192383 -0.078941
v 0.036167 -0.499573 0.045998
v 0.036240 0.278778 -0.032272
v 0.036240 -0.192963 0.078331
v 0.036358 -0.096359 0.006680
v 0.036491 0.171432 0.080109
v 0.036564 -0.076317 -0.003598
v 0.036625 0.463318 -0.000382
v 0.036919 -0.147171 0.120300
v 0.036934 0.293030 -0.049278
v 0.036968 0.177658 0.111717
v 0.037121 -0.499634 -0.038326
v 0.037216 0.163712 -0.088638
v 0.037270 0.162354 -0.097229
v 0.037319 0.158707 -0.135696
v 0.037342 0.260742 -0.000310
v 0.037346 0.298248 0.053005
v 0.037441 0.164505 0.093918
v 0.037457 -0.077927 0.003792
v 0.037460 0.157669 0.135117
v 0.037476 0.299896 -0.053925
v 0.037487 0.164154 0.088142
v 0.037563 0.215469 -0.013023
v 0.037659 -0.264771 0.044415
v 0.037937 -0.499664 0.021746
v 0.038151 0.212036 0.059292
v 0.038204 0.262604 -0.005414
v 0.038311 -0.263550 -0.044155
v 0.038570 0.214874 -0.043400
v 0.038570 -0.499420 -0.022156
v 0.038635 0.270111 0.019598
v 0.038815 0.263184 0.005662
v 0.038860 0.214539 0.043240
v 0.039005 0.179352 -0.080215
v 0.039249 0.354309 0.062065
v 0.039299 0.172226 -0.078568
v 0.039463 0.320312 -0.059097
v 0.039501 -0.142609 0.101555
v 0.039623 0.272705 -0.024134
v 0.039825 0.213684 -0.028332
v 0.039829 0.358185 0.063957
v 0.039921 0.453888 -0.033932
v 0.040081 -0.234482 0.032646
v 0.040188 -0.461182 -0.071732
v 0.040199 -0.198334 0.026819
v 0.040253 -0.233810 -0.033066
v 0.040417 -0.163788 -0.082542
v 0.040474 -0.052177 -0.101158
v 0.040718 -0.160706 0.082809
v 0.041157 -0.251709 0.058144
v 0.041325 0.456146 -0.033718
v 0.041664 0.189346 -0.080971
v 0.041676 -0.251190 -0.058025
v 0.041737 -0.145584 -0.085350
v 0.041805 0.357971 -0.062920
v 0.041874 0.419342 -0.068581
v 0.041935 -0.015542 0.088860
v 0.041935 -0.252258 0.043282
v 0.041954 0.188934 0.080872
v 0.041985 0.288269 0.047752
v 0.042030 -0.252960 -0.043488
v 0.042072 -0.455383 0.036228
v 0.042152 0.267029 -0.012431
v 0.042183 -0.456146 0.062607
v 0.042225 -0.461670 0.028477
v 0.042240 -0.084946 -0.010605
v 0.042282 -0.130722 0.086678
v 0.042385 -0.131683 -0.087074
v 0.042435 -0.452698 -0.058762
v 0.042507 0.183823 0.087273
v 0.042515 0.088898 0.060909
v 0.042568 0.181107 -0.091034
v 0.042706 -0.214447 -0.032486
v 0.042755 -0.456726 -0.035503
v 0.042847 0.177261 -0.097748
v 0.042942 0.089104 -0.061153
v 0.042946 0.303253 0.055477
v 0.042988 0.075134 0.056366
v 0.043072 -0.213730 0.032665
v 0.043163 0.176636 0.098450
v 0.043175 -0.206741 0.122894
v 0.043282 -0.452484 0.045658
v 0.043530 0.289978 -0.049789
v 0.043606 0.075394 -0.056320
v 0.043682 0.265961 0.007831
v 0.043713 0.265076 0.000291
v 0.043774 0.274628 0.028688
v 0.043861 -0.235168 0.059898
v 0.043995 -0.234116 -0.060131
v 0.044353 0.281555 -0.041656
v 0.044415 0.167130 0.117546
v 0.044498 0.209488 -0.000660
v 0.044537 -0.164017 0.107666
v 0.044621 0.165436 -0.120216
v 0.044662 0.157974 0.134842
v 0.044735 0.302155 -0.055233
v 0.044769 -0.089851 0.013271
v 0.044769 -0.464783 -0.028147
v 0.044785 -0.237320 0.043797
v 0.045033 -0.455414 0.059746
v 0.045113 0.212799 -0.043018
v 0.045120 0.158005 -0.134979
v 0.045143 -0.466400 0.074356
v 0.045158 -0.499115 0.082977
v 0.045425 -0.468079 -0.075974
v 0.045444 0.208588 0.016685
v 0.045506 -0.234406 -0.044495
v 0.045593 -0.213776 0.061813
v 0.045605 -0.214325 -0.062351
v 0.045658 -0.143661 -0.099747
v 0.045666 0.366364 0.062668
v 0.045826 -0.470459 0.077507
v 0.045864 -0.232605 0.044998
v 0.045902 -0.454834 -0.045990
v 0.045979 0.266663 -0.008293
v 0.046135 0.272858 -0.026232
v 0.046505 -0.499329 -0.083443
v 0.046520 0.394165 0.072426
v 0.046597 -0.472321 -0.079483
v 0.046631 -0.195267 -0.032997
v 0.046642 0.207214 -0.012274
v 0.046688 -0.476379 0.083122
v 0.046703 0.394867 -0.072754
v 0.046959 0.210129 -0.039246
v 0.047077 0.280182 0.040356
v 0.047398 0.432098 0.062325
v 0.047436 0.169556 0.074478
v 0.047493 -0.212860 0.046005
v 0.047497 -0.476166 -0.083733
v 0.047535 -0.213242 -0.046036
v 0.047726 0.290131 0.049179
v 0.048046 0.438049 -0.060169
v 0.048073 0.438599 0.059975
v 0.048138 0.268890 0.016521
v 0.048267 0.208527 0.038963
v 0.048290 0.169418 -0.074806
v 0.048382 -0.499695 -0.063965
v 0.048470 0.285431 -0.046158
v 0.048836 0.373108 -0.065178
v 0.048908 0.268921 -0.016979
v 0.049259 0.347015 -0.060970
v 0.049313 0.374237 0.064865
v 0.049355 -0.092979 -0.012041
v 0.049812 0.372223 -0.062592
v 0.050014 -0.128250 -0.080162
v 0.050098 -0.476257 0.023680
v 0.050163 0.209137 0.039665
v 0.050438 -0.169708 0.031315
v 0.050514 -0.127441 0.079353
v 0.050598 -0.465149 0.068542
v 0.050732 -0.168503 -0.031677
v 0.050896 0.373993 0.061897
v 0.051044 0.202667 0.013846
v 0.051182 0.281708 0.042137
v 0.051197 -0.468018 0.027939
v 0.051205 -0.144333 -0.113937
v 0.051228 0.205475 -0.035545
v 0.051243 0.266510 0.007107
v 0.051498 -0.463623 -0.033772
v 0.051563 0.041100 0.066414
v 0.051777 0.135330 0.070328
v 0.051899 0.039684 -0.067108
v 0.052071 0.190887 -0.061932
v 0.052170 -0.463623 0.034557
v 0.052219 -0.096741 0.012154
v 0.052395 -0.476135 -0.024679
v 0.052448 -0.461853 0.062309
v 0.052589 0.199783 -0.007724
v 0.052589 -0.169998 -0.066734
v 0.052628 0.136353 -0.070862
v 0.052711 0.321320 0.058792
v 0.052864 -0.467072 -0.073471
v 0.052891 0.265900 -0.003724
v 0.052933 0.452850 -0.034847
v 0.052959 0.201904 0.027163
v 0.052990 -0.462006 -0.062016
v 0.053303 0.454803 0.031925
v 0.053341 -0.462524 -0.039577
v 0.053375 -0.484253 -0.023754
v 0.053474 -0.139603 -0.029299
v 0.053604 0.277863 -0.038589
v 0.053654 0.454285 -0.033024
v 0.053905 -0.136581 0.028622
v 0.054054 -0.499878 0.058907
v 0.054089 0.199799 -0.023436
v 0.054203 -0.472412 0.077148
v 0.054462 -0.461914 0.047894
v 0.054596 -0.468384 0.074196
v 0.054615 -0.461639 -0.047394
v 0.054649 -0.175308 0.045811
v 0.054665 0.185822 0.063034
v 0.054688 -0.138596 0.090149
v 0.054756 0.458893 0.000252
v 0.055145 -0.171356 -0.046017
v 0.055363 0.200928 -0.031799
v 0.055511 -0.122513 0.027445
v 0.056133 0.442047 0.045929
v 0.056179 0.273285 0.032860
v 0.056381 -0.148773 -0.068863
v 0.056526 0.203979 0.034401
v 0.056545 0.203384 -0.034943
v 0.056599 0.010250 -0.074127
v 0.056660 -0.149582 0.068497
v 0.057034 0.182510 -0.063461
v 0.057186 0.271637 -0.030966
v 0.057293 -0.461761 -0.049347
v 0.057343 0.389984 -0.064674
v 0.057411 -0.109375 -0.027054
v 0.057449 -0.462036 0.049831
v 0.057449 -0.499664 0.082565
v 0.057480 0.006887 0.074493
v 0.057648 0.321228 -0.058815
v 0.057697 0.178436 -0.065811
v 0.057743 0.004678 -0.075310
v 0.057762 0.164658 0.071587
v 0.057915 -0.109863 0.027365
v 0.057930 -0.499939 -0.082809
v 0.057999 -0.144989 -0.095444
v 0.058033 0.390594 0.064018
v 0.058197 -0.473541 -0.077942
v 0.058254 0.179291 0.064072
v 0.058407 -0.145142 0.094917
v 0.058445 -0.499847 0.023148
v 0.058514 -0.477844 0.082497
v 0.058578 -0.477783 -0.082756
v 0.058708 0.191193 -0.009473
v 0.058716 -0.152298 -0.097725
v 0.059097 -0.147324 0.045460
v 0.059296 0.301514 0.053474
v 0.059338 -0.132584 -0.069572
v 0.059353 -0.486816 0.023504
v 0.059490 -0.499878 -0.023746
v 0.059601 -0.132172 0.068970
v 0.060097 -0.140717 -0.045551
v 0.060097 -0.470551 -0.028721
v 0.060154 0.388641 -0.058769
v 0.060539 0.421387 0.059299
v 0.060741 0.299927 -0.052723
v 0.060867 0.430634 -0.056438
v 0.060909 0.187241 0.002066
v 0.060940 0.389954 0.057766
v 0.061039 -0.129028 0.058895
v 0.061123 0.161774 -0.071274
v 0.061340 -0.033779 0.084854
v 0.061424 0.266724 -0.021585
v 0.061584 0.267273 0.022636
v 0.061745 0.310822 0.056278
v 0.061855 0.349945 0.059341
v 0.061928 0.052502 -0.050579
v 0.062233 0.264038 -0.009590
v 0.062302 -0.183670 0.106201
v 0.062435 -0.465057 0.039120
v 0.062843 0.197342 -0.027369
v 0.062973 0.315674 -0.057343
v 0.063004 -0.190323 -0.108391
v 0.063080 -0.123238 -0.044785
v 0.063110 0.263855 0.010690
v 0.063133 -0.123993 0.045147
v 0.063164 0.294891 0.049427
v 0.063171 -0.060745 0.092049
v 0.063248 -0.089203 -0.097824
v 0.063286 -0.061417 -0.092361
v 0.063515 -0.090881 0.097824
v 0.064041 -0.112907 -0.018745
v 0.064178 0.447571 -0.032536
v 0.064285 0.286407 -0.043480
v 0.064522 -0.465607 -0.040115
v 0.064575 0.282898 0.040424
v 0.064629 0.443329 -0.033833
v 0.064651 0.323120 0.058197
v 0.064720 -0.138245 0.106583
v 0.064819 -0.138306 -0.106674
v 0.064903 -0.474640 0.025509
v 0.065048 0.365845 -0.059704
v 0.065109 -0.474854 -0.025627
v 0.065346 -0.208878 0.113701
v 0.065407 -0.209167 -0.113838
v 0.065468 0.188110 0.018730
v 0.065773 -0.160126 -0.109940
v 0.066040 0.173019 0.061115
v 0.066193 0.347900 -0.058853
v 0.066360 -0.116066 0.018869
v 0.066437 -0.499847 -0.080360
v 0.066460 0.022900 0.057919
v 0.066490 -0.172775 0.111229
v 0.066811 0.399597 0.052986
v 0.066879 -0.004998 -0.065117
v 0.067001 -0.121849 -0.030388
v 0.067001 -0.499786 0.080017
v 0.067146 0.192841 0.022514
v 0.067230 0.171417 -0.061039
v 0.067299 0.363770 0.059044
v 0.067398 0.185104 -0.015230
v 0.067467 0.434143 0.052322
v 0.067482 -0.207764 -0.116890
v 0.067589 -0.207794 0.116547
v 0.067719 0.401001 -0.052582
v 0.068001 -0.129120 0.045525
v 0.068016 0.179321 -0.000908
v 0.068382 0.276672 -0.033936
v 0.068649 -0.467468 -0.063324
v 0.068733 0.073761 0.033375
v 0.068733 0.448090 0.024082
v 0.068748 -0.006774 0.062912
v 0.068802 0.380890 -0.057766
v 0.068886 0.073746 -0.033272
v 0.068947 -0.467590 0.063400
v 0.069084 -0.465912 0.052406
v 0.069214 -0.466003 -0.052757
v 0.069305 -0.472107 0.072693
v 0.069382 0.261810 -0.000449
v 0.069458 0.450958 -0.000502
v 0.069466 0.446564 -0.023203
v 0.069862 -0.471802 -0.072060
v 0.070007 0.272858 0.029522
v 0.070084 0.076584 0.033829
v 0.070526 0.385162 0.056129
v 0.070625 0.262665 -0.008513
v 0.070923 0.331390 -0.057880
v 0.071228 -0.166656 -0.086418
v 0.071831 0.178513 0.039131
v 0.071945 0.178818 -0.038780
v 0.072052 0.339661 0.056953
v 0.072060 -0.478424 0.078735
v 0.072083 0.410156 -0.049774
v 0.072128 0.262909 0.008910
v 0.072525 -0.499878 0.026552
v 0.072639 -0.499817 -0.026873
v 0.072647 0.088150 -0.039009
v 0.073128 0.088943 0.038742
v 0.073174 0.340942 -0.056831
v 0.073265 0.408569 0.045116
v 0.073494 0.385864 -0.055111
v 0.073761 0.304993 -0.051971
v 0.073883 0.307739 0.053196
v 0.073914 -0.478119 -0.078362
v 0.074188 0.318939 -0.056007
v 0.074211 0.348145 -0.056458
v 0.074249 -0.210220 0.101334
v 0.074333 0.167862 -0.049351
v 0.074371 0.347382 0.056129
v 0.074402 0.324036 0.056427
v 0.074463 0.173386 -0.001472
v 0.074585 0.077789 0.011168
v 0.074615 0.418335 0.048676
v 0.074699 0.077614 -0.011706
v 0.074730 0.072258 -0.000207
v 0.074799 -0.147720 0.067024
v 0.074883 0.092926 0.037079
v 0.074959 -0.155746 -0.096214
v 0.075027 0.295685 0.047272
v 0.075043 0.093208 -0.037029
v 0.075058 0.410187 -0.042423
v 0.075211 -0.476196 -0.027992
v 0.075249 -0.476288 0.027514
v 0.075264 0.395752 -0.050575
v 0.075348 0.158951 0.062191
v 0.075439 0.159058 -0.061977
v 0.075508 0.294617 -0.046600
v 0.075714 -0.082771 -0.081078
v 0.075722 0.360779 -0.057087
v 0.076317 0.164459 0.049194
v 0.076363 0.390930 0.051716
v 0.076492 0.412811 0.039322
v 0.076996 0.172455 0.000148
v 0.077026 0.287140 0.040684
v 0.077065 0.362335 0.056454
v 0.077087 0.094658 -0.000006
v 0.077194 0.115608 -0.049015
v 0.077255 0.182144 -0.011191
v 0.077408 -0.471344 0.043194
v 0.077652 0.116699 0.049198
v 0.077751 -0.177231 0.081398
v 0.077774 0.283905 -0.038185
v 0.077820 0.342987 0.050297
v 0.077858 0.039642 0.039619
v 0.078018 0.038853 -0.039795
v 0.078156 0.429871 -0.032612
v 0.078346 0.436829 0.027012
v 0.078453 0.426575 -0.033928
v 0.078682 -0.210419 -0.095711
v 0.078720 -0.471619 -0.043289
v 0.078812 0.342407 -0.049438
v 0.078827 0.331451 -0.051502
v 0.079147 -0.499878 0.074249
v 0.079262 0.266022 -0.016586
v 0.079277 0.329590 0.050602
v 0.079338 -0.499908 -0.074341
v 0.079399 -0.470673 -0.055073
v 0.079491 0.107956 -0.021502
v 0.079742 -0.470917 0.054386
v 0.079857 0.274384 0.028461
v 0.079872 0.147034 -0.065315
v 0.079910 -0.135498 -0.025814
v 0.079964 0.148041 0.065186
v 0.080162 0.148376 -0.065163
v 0.080406 0.419769 0.042301
v 0.080521 0.179352 0.007240
v 0.080582 0.386597 -0.050835
v 0.080612 0.149323 0.064178
v 0.080765 0.271729 -0.025263
v 0.080872 0.307465 -0.045033
v 0.080887 0.323486 -0.048168
v 0.080986 0.420898 -0.036793
v 0.081017 0.012680 0.042580
v 0.081017 0.416107 -0.033325
v 0.081047 0.309082 0.045380
v 0.081047 0.417511 -0.031780
v 0.081253 0.118233 0.041592
v 0.081261 0.353577 0.053410
v 0.081535 -0.148590 -0.055939
v 0.081635 0.118454 -0.041126
v 0.081726 0.398956 -0.043377
v 0.081757 0.400421 0.042316
v 0.081802 0.351898 -0.052032
v 0.081886 0.343689 0.044392
v 0.081924 -0.149155 0.055496
v 0.081932 0.430023 -0.019970
v 0.082077 0.002712 -0.043957
v 0.082161 0.430389 0.039970
v 0.082176 -0.209381 -0.096420
v 0.082207 0.370728 0.053532
v 0.082253 0.386047 0.049114
v 0.082260 0.171967 0.015375
v 0.082306 0.337616 0.043430
v 0.082375 0.369385 -0.054264
v 0.082382 0.335327 -0.044262
v 0.082634 0.348297 -0.048996
v 0.082672 0.342224 -0.042450
v 0.082733 0.349335 0.041008
v 0.083115 0.418884 0.024193
v 0.083130 0.171097 -0.013407
v 0.083267 0.349060 -0.042530
v 0.083359 0.150925 -0.052147
v 0.083763 0.280762 0.027378
v 0.083961 0.421478 -0.033875
v 0.084061 0.355774 0.034771
v 0.084091 0.437561 -0.013129
v 0.084175 0.267181 0.016951
v 0.084198 0.349091 0.048370
v 0.084206 0.410553 -0.030392
v 0.084419 0.350677 0.029123
v 0.084671 0.361359 -0.052769
v 0.084686 0.334808 -0.029940
v 0.084732 0.334717 0.029886
v 0.084862 -0.022367 0.046192
v 0.085007 0.267639 -0.015953
v 0.085030 0.359467 0.051483
v 0.085114 0.356262 -0.034271
v 0.085213 0.355896 0.021559
v 0.085442 0.337616 0.020916
v 0.085442 0.345245 0.014936
v 0.085464 0.332428 -0.036346
v 0.085503 0.407013 0.032124
v 0.085503 0.439117 -0.000470
v 0.085556 0.337738 -0.020884
v 0.085617 -0.479156 -0.074211
v 0.085625 0.040154 -0.000409
v 0.085632 0.147858 0.050369
v 0.085686 0.437256 0.012840
v 0.085701 -0.479492 0.073891
v 0.085823 0.139465 0.046970
v 0.085983 0.173477 -0.000190
v 0.085991 0.345856 -0.015984
v 0.085991 0.378174 -0.048046
v 0.085999 0.122223 0.000092
v 0.085999 0.138550 -0.046459
v 0.086014 0.273346 -0.018785
v 0.086044 0.416901 -0.014427
v 0.086082 0.403900 -0.033806
v 0.086143 0.424896 0.037041
v 0.086227 0.355316 -0.021198
v 0.086342 -0.209854 0.090477
v 0.086357 0.297485 -0.032772
v 0.086456 0.297485 0.032619
v 0.086548 0.418488 0.011481
v 0.086647 0.274628 0.018200
v 0.086876 0.395020 0.038849
v 0.086998 -0.041412 -0.048618
v 0.087212 0.421814 -0.024658
v 0.087402 0.263885 0.006762
v 0.087440 0.263702 -0.006795
v 0.087585 -0.177094 0.082596
v 0.087662 0.314880 0.035259
v 0.087708 0.389221 -0.041573
v 0.087799 -0.476807 0.061779
v 0.087807 0.128723 0.029957
v 0.087868 0.330414 0.030006
v 0.087906 -0.045162 0.048016
v 0.087929 0.380981 0.044121
v 0.087929 -0.044697 -0.048218
v 0.088417 0.417480 -0.001478
v 0.088470 0.358948 0.040913
v 0.088493 0.263092 -0.000180
v 0.088562 -0.179810 -0.081932
v 0.088631 0.360291 -0.040077
v 0.088699 0.308777 -0.032269
v 0.088730 0.334900 0.020094
v 0.088821 0.356232 0.018814
v 0.089157 0.411346 0.016581
v 0.089226 -0.499908 0.063934
v 0.089287 0.324768 -0.030073
v 0.089401 0.331848 -0.021641
v 0.089455 0.146667 -0.038715
v 0.089470 -0.499908 -0.063622
v 0.089500 0.163101 -0.000611
v 0.089554 0.287231 0.019354
v 0.089630 0.410614 -0.014927
v 0.089668 0.428101 0.034679
v 0.089798 0.354858 -0.015696
v 0.089821 0.424225 0.023306
v 0.089821 -0.149536 -0.030548
v 0.089897 -0.149994 0.004319
v 0.089951 0.338928 0.014254
v 0.089951 -0.149368 0.030264
v 0.090004 -0.149826 -0.022594
v 0.090034 0.339355 -0.014352
v 0.090172 -0.030159 -0.034065
v 0.090248 0.320038 0.028790
v 0.090248 0.351410 0.013219
v 0.090378 0.293884 -0.022345
v 0.090393 0.361359 0.029749
v 0.090546 0.293091 0.020914
v 0.090691 -0.499847 -0.034595
v 0.090744 -0.069092 0.052650
v 0.090759 0.383667 -0.038452
v 0.090775 0.421570 0.009683
v 0.090858 0.311798 -0.028368
v 0.091042 0.288300 -0.016716
v 0.091057 0.362030 -0.025423
v 0.091095 0.309906 0.027285
v 0.091187 0.360077 0.021036
v 0.091194 0.290741 0.012280
v 0.091309 -0.499908 0.034992
v 0.091339 0.290741 -0.014172
v 0.091347 0.421417 -0.010474
v 0.091476 -0.181503 -0.060410
v 0.091553 0.345612 -0.011075
v 0.091568 0.399567 -0.025808
v 0.091591 0.398926 0.026831
v 0.091629 0.343689 0.009963
v 0.091675 -0.022331 0.025223
v 0.091751 0.370972 0.031179
v 0.091873 0.421112 -0.002602
v 0.092133 0.359222 -0.015921
v 0.092232 0.359009 0.014684
v 0.092552 0.377869 -0.032162
v 0.092789 0.146530 0.026196
v 0.092964 0.385773 0.031929
v 0.093018 -0.090485 -0.057198
v 0.093201 0.287109 0.006948
v 0.093262 0.404999 0.008245
v 0.093307 -0.070969 0.030039
v 0.093452 0.136765 -0.018944
v 0.093590 0.138168 0.019783
v 0.094032 0.146317 -0.021973
v 0.094032 -0.499878 0.052559
v 0.094063 -0.499908 -0.053093
v 0.094093 0.290009 -0.000729
v 0.094254 -0.103622 0.059349
v 0.094269 0.287384 -0.001618
v 0.094482 0.336151 -0.005848
v 0.094604 0.342987 0.005527
v 0.094765 0.389374 -0.025480
v 0.094872 0.381775 0.022524
v 0.094887 0.376678 -0.019686
v 0.094902 0.399384 -0.012543
v 0.095108 -0.480164 0.064613
v 0.095177 0.329742 0.003928
v 0.095192 0.401215 -0.002297
v 0.095276 0.332489 -0.000401
v 0.095345 0.396912 0.014215
v 0.095352 0.390503 0.022358
v 0.095360 0.326385 -0.005246
v 0.095375 0.343018 0.000897
v 0.095497 -0.480194 -0.064186
v 0.095627 0.145081 0.017309
v 0.095627 0.302612 -0.005783
v 0.095741 -0.124985 -0.065002
v 0.095825 -0.124893 0.064316
v 0.095879 -0.085091 0.044796
v 0.095886 0.309784 -0.008656
v 0.095886 0.385712 0.021873
v 0.096031 0.320404 0.006037
v 0.096069 0.310944 0.008238
v 0.096138 0.002448 0.000092
v 0.096153 0.316803 -0.007424
v 0.096214 0.302612 0.004378
v 0.096329 0.374725 -0.014937
v 0.096458 0.357605 -0.006588
v 0.096512 -0.198563 0.062260
v 0.096581 -0.479309 -0.036995
v 0.096748 0.360870 0.006865
v 0.096764 -0.479370 0.036491
v 0.096794 -0.499695 -0.041023
v 0.096962 -0.499908 0.041107
v 0.097023 0.143372 -0.009480
v 0.097031 0.387604 -0.016033
v 0.097206 0.300354 -0.000698
v 0.097282 0.291412 -0.000217
v 0.097504 -0.172089 -0.004347
v 0.097900 0.367676 -0.002185
v 0.097939 0.387085 0.009211
v 0.098061 0.388428 -0.003885
v 0.098221 -0.044430 0.000078
v 0.098434 0.143127 0.000049
v 0.098488 -0.173660 -0.029097
v 0.098694 0.324921 0.001309
v 0.099510 -0.157455 -0.064247
v 0.099808 -0.480499 0.053848
v 0.100182 -0.480377 -0.054005
v 0.100418 -0.166107 0.063965
v 0.100975 -0.213181 0.063599
v 0.101288 -0.213181 -0.063515
v 0.101311 -0.181976 0.028082
v 0.102264 -0.115097 -0.000218
v 0.102356 -0.183853 -0.064392
v 0.102448 -0.480347 0.042633
v 0.102592 -0.480408 -0.043194
v 0.103050 -0.119751 0.000696
v 0.103989 -0.127609 -0.040672
v 0.104179 -0.129318 0.040379
v 0.104187 0.307556 -0.000361
v 0.104279 -0.164520 0.048607
v 0.105186 -0.211914 -0.063850
v 0.105217 -0.211823 0.063866
v 0.105339 0.313873 -0.002699
v 0.106758 -0.149048 0.028862
v 0.106895 -0.199661 0.003620
v 0.107079 -0.177002 -0.043480
v 0.107994 0.313080 0.000280
v 0.108231 -0.214172 0.039635
v 0.109314 -0.165558 0.033669
v 0.109619 -0.170975 -0.021210
v 0.110176 -0.170685 -0.032768
v 0.110710 -0.182358 0.016979
v 0.111496 -0.214005 -0.000297
v 0.111893 -0.213120 0.039356
v 0.112350 -0.214218 -0.026533
v 0.112442 -0.213989 0.025890
v 0.114426 -0.213562 -0.001595
v 0.115349 -0.213455 -0.026590
v 0.115906 -0.213516 0.025917
v -0.000025 0.073769 0.350128
v -0.000037 0.169281 -0.160278
v -0.000077 0.165024 0.166626
v -0.000122 0.053612 -0.349945
v -0.000143 0.350372 0.079781
v -0.000245 0.163071 -0.170303
v -0.000258 -0.300720 0.019377
v -0.000269 0.046562 0.368927
v -0.000270 0.046631 -0.366852
v -0.000287 0.150009 -0.211365
v -0.000404 0.088097 -0.258759
v -0.000465 0.157669 -0.184464
v -0.000474 0.151138 0.209167
v -0.000492 0.260956 -0.026234
v -0.000535 0.232147 0.034863
v -0.000541 0.158234 0.181534
v -0.000615 0.086761 0.261047
v -0.000631 0.340851 0.073219
v -0.000672 0.148270 -0.119064
v -0.000754 -0.381378 -0.027451
v -0.000763 0.050289 -0.381226
v -0.000773 0.154633 -0.201218
v -0.000887 0.081161 -0.276855
v -0.000908 0.154480 0.200699
v -0.000953 0.141144 0.119408
v -0.001001 -0.380951 0.026863
v -0.001013 0.326416 0.074020
v -0.001019 0.312866 -0.073296
v -0.001037 0.050819 0.381287
v -0.001044 0.046333 -0.373840
v -0.001066 0.094002 0.237411
v -0.001089 0.093636 -0.239502
v -0.001104 0.147552 0.119217
v -0.001113 0.336914 -0.064110
v -0.001119 -0.319489 -0.020241
v -0.001262 0.363586 0.079247
v -0.001303 -0.319061 0.019800
v -0.001309 -0.409637 -0.061043
v -0.001325 0.286499 0.027370
v -0.001366 0.046963 0.374268
v -0.001419 0.352844 0.073311
v -0.001423 0.310608 0.044418
v -0.001434 -0.139404 0.101845
v -0.001449 0.408386 -0.078201
v -0.001496 0.276154 0.025627
v -0.001657 0.249069 0.025906
v -0.001666 0.103310 0.291107
v -0.001884 0.081009 0.275848
v -0.001894 -0.354248 -0.023844
v -0.001940 0.340607 -0.076042
v -0.001980 0.104767 -0.287964
v -0.001985 0.362579 -0.079262
v -0.002018 0.408905 0.077583
v -0.002021 0.142151 -0.128082
v -0.002058 -0.410156 -0.028826
v -0.002131 0.297302 0.031195
v -0.002208 -0.409302 0.028402
v -0.002226 -0.354431 0.023373
v -0.002249 0.286530 -0.027571
v -0.002419 0.223999 0.067169
v -0.002518 0.349762 -0.080864
v -0.002607 0.122406 0.068047
v -0.002612 -0.408722 0.060879
v -0.002872 0.111748 0.275085
v -0.002945 -0.081810 -0.106750
v -0.003087 0.309662 0.065361
v -0.003198 0.130081 0.150131
v -0.003220 0.043346 0.071396
v -0.003233 0.041206 -0.072884
v -0.003398 -0.175018 -0.119110
v -0.003553 0.119949 -0.261658
v -0.003589 -0.200760 0.133652
v -0.003650 0.315735 -0.076843
v -0.003689 0.315765 0.076523
v -0.003791 0.351471 -0.076988
v -0.003860 0.129013 -0.070076
v -0.003890 0.232849 -0.035641
v -0.003901 -0.440155 -0.025398
v -0.003903 -0.428284 0.061256
v -0.003935 0.181213 0.143204
v -0.003938 0.122589 0.256866
v -0.004101 0.123985 -0.161942
v -0.004293 -0.078857 0.003071
v -0.004313 0.141953 0.073296
v -0.004392 -0.139954 -0.101410
v -0.004457 -0.443085 0.024834
v -0.004474 -0.201935 -0.130829
v -0.004649 0.121918 0.165680
v -0.004681 0.239868 -0.027096
v -0.004756 -0.172256 0.116943
v -0.004823 -0.079567 -0.004026
v -0.004946 0.310974 -0.067902
v -0.004948 0.312988 -0.061535
v -0.005035 0.224426 -0.048893
v -0.005081 -0.201782 0.130188
v -0.005205 -0.442749 0.023716
v -0.005390 -0.464447 0.020889
v -0.005470 0.133896 0.238327
v -0.005498 0.132965 -0.240051
v -0.005508 0.074097 0.283722
v -0.005720 0.230087 0.039360
v -0.005794 0.351532 0.077377
v -0.005810 0.151169 0.075050
v -0.005841 0.094330 -0.309692
v -0.005872 -0.123337 -0.115852
v -0.005940 0.250488 0.024839
v -0.006075 0.303497 0.033405
v -0.006179 0.151794 -0.075363
v -0.006183 0.240082 0.026340
v -0.006186 0.314117 0.062614
v -0.006188 -0.233459 0.076370
v -0.006198 0.267181 -0.024082
v -0.006231 0.063171 -0.370667
v -0.006293 0.062298 0.372223
v -0.006312 -0.234268 -0.076607
v -0.006422 -0.441193 -0.062180
v -0.006464 0.296021 -0.029076
v -0.006529 -0.443970 -0.023998
v -0.006613 0.463409 -0.000398
v -0.006654 0.146210 -0.220871
v -0.006688 -0.234436 -0.017677
v -0.006715 0.302734 -0.033180
v -0.006722 0.146393 0.220200
v -0.006722 0.345520 0.083069
v -0.006761 0.273285 0.023367
v -0.006799 0.061291 0.306183
v -0.006823 -0.111244 -0.007771
v -0.006876 -0.114021 0.007748
v -0.006918 0.097939 0.219238
v -0.006952 -0.268982 0.021706
v -0.006969 0.340240 -0.067474
v -0.007064 0.342773 -0.066696
v -0.007110 0.054344 0.346283
v -0.007193 0.057327 -0.385010
v -0.007214 -0.235672 0.017406
v -0.007311 -0.440002 0.061825
v -0.007390 0.070038 -0.356659
v -0.007490 0.060482 -0.309845
v -0.007519 0.351654 0.071564
v -0.007535 0.096016 -0.226471
v -0.007604 0.146820 0.119507
v -0.007612 0.014898 0.081718
v -0.007620 -0.215866 -0.076927
v -0.007647 0.065857 0.293091
v -0.007654 0.101646 0.208694
v -0.007654 0.057541 -0.336060
v -0.007661 0.080681 -0.276794
v -0.007679 0.013473 -0.082581
v -0.007698 -0.214630 0.076515
v -0.007706 0.087761 0.256836
v -0.007712 0.088181 -0.256622
v -0.007761 0.284302 0.023556
v -0.007833 0.146713 -0.119812
v -0.007853 0.044960 -0.376007
v -0.007869 0.151962 -0.210831
v -0.007877 -0.217636 -0.019346
v -0.007910 0.063583 -0.298828
v -0.007945 0.078712 0.339294
v -0.007976 0.069412 0.357880
v -0.007990 0.057255 0.336365
v -0.007990 0.164917 0.167953
v -0.008001 0.048672 -0.381195
v -0.008035 0.080513 0.276276
v -0.008055 0.152069 0.210007
v -0.008063 0.087784 0.321747
v -0.008151 0.317566 0.054546
v -0.008170 0.111847 -0.185318
v -0.008202 -0.134659 -0.010352
v -0.008253 0.066849 -0.292633
v -0.008276 0.165329 -0.167419
v -0.008290 0.142593 0.086845
v -0.008300 0.317993 -0.055122
v -0.008324 -0.199814 0.017517
v -0.008353 -0.217026 0.019028
v -0.008364 0.142700 -0.086876
v -0.008450 0.457886 -0.026728
v -0.008498 -0.193375 -0.017286
v -0.008523 0.277649 -0.022840
v -0.008631 0.325745 -0.083344
v -0.008634 0.055187 -0.344788
v -0.008669 0.108253 0.192078
v -0.008680 -0.152725 0.012175
v -0.008700 0.104294 -0.201111
v -0.008713 0.326965 0.083122
v -0.008715 0.048428 0.380554
v -0.008717 0.057163 0.384521
v -0.008788 0.344452 -0.085220
v -0.008792 0.045689 0.366425
v -0.008917 0.181305 0.144119
v -0.008988 0.159729 0.180908
v -0.009130 -0.168762 -0.014670
v -0.009135 -0.169159 0.014315
v -0.009186 0.073891 0.349609
v -0.009187 0.322144 0.065819
v -0.009231 -0.382385 0.063065
v -0.009235 0.079720 -0.337128
v -0.009242 0.224823 0.047951
v -0.009294 0.159882 -0.180649
v -0.009309 -0.382233 -0.063416
v -0.009313 0.339294 0.085548
v -0.009313 0.350220 -0.070747
v -0.009330 -0.139847 0.080276
v -0.009338 -0.126129 0.080925
v -0.009381 0.155777 -0.201172
v -0.009382 0.180954 -0.144775
v -0.009411 0.100166 0.294647
v -0.009424 -0.126114 -0.081322
v -0.009434 0.155640 0.200653
v -0.009493 0.074608 -0.348022
v -0.009515 -0.192474 -0.078606
v -0.009542 0.135956 -0.097527
v -0.009543 -0.190445 0.078339
v -0.009596 0.331421 -0.085068
v -0.009622 0.044914 0.376740
v -0.009643 -0.162720 0.079460
v -0.009657 -0.138870 -0.080254
v -0.009669 0.102577 -0.288574
v -0.009671 0.348022 0.082649
v -0.009674 0.253845 0.022444
v -0.009679 0.183685 0.147156
v -0.009714 0.330383 -0.067917
v -0.009729 0.105637 0.282654
v -0.009769 0.386261 0.081505
v -0.009778 0.316223 0.073814
v -0.009783 0.135284 0.098610
v -0.009810 -0.161987 -0.079819
v -0.009946 0.316071 -0.073647
v -0.010143 0.136627 0.137772
v -0.010257 0.182449 -0.146561
v -0.010303 0.134201 -0.142303
v -0.010348 0.241180 -0.024227
v -0.010351 0.343994 0.067528
v -0.010353 0.350311 -0.074768
v -0.010490 0.240845 0.024336
v -0.010519 0.126541 -0.114693
v -0.010656 0.386719 -0.081749
v -0.010723 -0.465637 0.066795
v -0.010878 0.131836 0.119781
v -0.010890 0.456268 -0.030016
v -0.010915 0.045540 -0.366699
v -0.010921 0.349487 0.070335
v -0.011081 -0.442596 -0.062737
v -0.011151 0.455627 0.031528
v -0.011223 0.132492 -0.119972
v -0.011276 -0.410583 -0.029425
v -0.011317 -0.409607 0.029064
v -0.011381 -0.258575 -0.022720
v -0.011580 0.276672 -0.019621
v -0.011607 -0.259033 0.022200
v -0.011668 0.347931 -0.082268
v -0.011782 -0.437500 -0.027008
v -0.011853 -0.441681 0.062073
v -0.011869 -0.253113 0.073578
v -0.011935 0.288879 -0.022224
v -0.011961 -0.161987 0.122467
v -0.012098 0.126816 0.115723
v -0.012181 0.299255 -0.026838
v -0.012268 -0.499908 -0.039131
v -0.012307 0.229874 0.038078
v -0.012349 0.229706 -0.038231
v -0.012374 -0.257111 0.073517
v -0.012393 -0.424622 -0.028551
v -0.012437 0.348175 0.079895
v -0.012442 0.125778 0.156952
v -0.012563 0.320923 -0.067795
v -0.012629 0.277130 0.018404
v -0.012757 -0.380707 -0.026741
v -0.012852 0.076042 -0.284119
v -0.012857 -0.257599 -0.073738
v -0.012903 0.061275 0.372314
v -0.012914 -0.378906 0.026060
v -0.012979 0.094276 -0.306793
v -0.013084 0.347717 -0.074196
v -0.013295 0.325134 -0.080589
v -0.013323 0.093117 0.308258
v -0.013348 0.056614 0.341370
v -0.013377 -0.265045 -0.023003
v -0.013396 0.332916 -0.083321
v -0.013509 0.240860 -0.021923
v -0.013509 -0.468781 -0.067039
v -0.013560 0.223785 -0.047623
v -0.013572 0.248947 -0.019989
v -0.013622 0.321503 0.068878
v -0.013648 0.056633 -0.341522
v -0.013660 -0.408356 0.057301
v -0.013670 0.089218 0.259979
v -0.013692 -0.465546 -0.021160
v -0.013748 0.093483 0.243713
v -0.013775 -0.089073 0.012451
v -0.013783 0.122391 -0.164001
v -0.013803 0.344666 0.074181
v -0.013806 0.062229 -0.370758
v -0.013842 -0.437836 0.027210
v -0.013855 0.326477 0.080627
v -0.013912 0.341919 -0.083206
v -0.013915 0.248825 0.019251
v -0.014031 0.298370 0.024477
v -0.014050 0.114037 0.263794
v -0.014087 -0.406158 -0.057751
v -0.014089 -0.426575 0.058353
v -0.014113 -0.088539 -0.000455
v -0.014137 0.355316 -0.073509
v -0.014175 -0.431152 -0.058712
v -0.014195 0.063278 0.302338
v -0.014198 0.062172 -0.305420
v -0.014226 0.076180 0.044979
v -0.014271 0.090721 -0.257355
v -0.014273 0.288177 0.018417
v -0.014280 0.313446 0.046619
v -0.014303 -0.123817 -0.016226
v -0.014323 -0.126999 0.016125
v -0.014326 0.082413 -0.279968
v -0.014356 0.180054 0.141739
v -0.014358 0.082718 0.278870
v -0.014367 0.116234 -0.260437
v -0.014446 -0.017792 0.088989
v -0.014466 0.186813 -0.145477
v -0.014494 0.413696 0.074249
v -0.014504 -0.438232 0.059460
v -0.014621 0.044949 -0.375397
v -0.014662 0.413879 -0.074677
v -0.014695 0.068588 -0.292755
v -0.014779 0.126190 0.244446
v -0.014781 -0.437561 -0.059353
v -0.014785 0.186813 0.145645
v -0.014833 0.084969 0.324158
v -0.014863 0.100121 0.218338
v -0.014873 0.076027 -0.044548
v -0.014879 0.313324 -0.046967
v -0.015008 0.048145 -0.379578
v -0.015010 0.373474 0.079636
v -0.015042 0.195007 -0.129105
v -0.015104 0.195953 0.127304
v -0.015123 0.274170 -0.014256
v -0.015123 0.437958 0.057961
v -0.015139 -0.090370 -0.014018
v -0.015158 0.069542 0.291321
v -0.015189 0.325684 0.071655
v -0.015223 0.101006 -0.214432
v -0.015224 0.288025 -0.017044
v -0.015244 0.207153 -0.108246
v -0.015281 0.207214 0.107788
v -0.015306 0.339417 0.081589
v -0.015312 0.058849 -0.320709
v -0.015315 0.084030 -0.325653
v -0.015331 0.328278 -0.072708
v -0.015441 -0.436951 -0.028662
v -0.015458 0.096214 0.293701
v -0.015491 0.058640 0.322723
v -0.015515 0.048481 0.379089
v -0.015528 -0.244263 0.026724
v -0.015557 0.337952 -0.076614
v -0.015563 0.117134 0.173553
v -0.015597 0.240173 0.020414
v -0.015613 0.264374 0.013330
v -0.015682 0.374878 -0.080200
v -0.015692 0.358582 0.074051
v -0.015711 0.218369 0.087074
v -0.015810 0.099808 -0.285065
v -0.015854 0.334839 0.076431
v -0.015892 0.100990 0.281433
v -0.015926 -0.354828 0.067329
v -0.015928 0.104324 0.202652
v -0.015932 0.438995 -0.057079
v -0.015955 0.095367 -0.296143
v -0.015968 0.217697 -0.088600
v -0.015976 -0.440002 -0.024605
v -0.015980 0.455261 0.023933
v -0.016016 -0.440704 0.024313
v -0.016090 0.180374 -0.143967
v -0.016151 0.135269 0.229843
v -0.016167 -0.125916 0.074860
v -0.016188 -0.367279 0.062904
v -0.016251 -0.352539 -0.068321
v -0.016279 -0.278107 0.022400
v -0.016340 0.111847 -0.185196
v -0.016384 0.172241 -0.146957
v -0.016388 0.285858 0.011635
v -0.016403 -0.438263 0.025152
v -0.016459 0.161453 0.163269
v -0.016523 -0.278656 -0.022829
v -0.016529 -0.409363 -0.034138
v -0.016548 0.160706 -0.164261
v -0.016584 0.087845 0.048779
v -0.016624 0.056026 0.382050
v -0.016632 0.242615 -0.017366
v -0.016636 0.093315 -0.263733
v -0.016649 0.137436 -0.226990
v -0.016659 -0.410004 0.034229
v -0.016689 0.087296 -0.048923
v -0.016745 0.106636 -0.197479
v -0.016781 0.149307 -0.121765
v -0.016796 0.056057 -0.382233
v -0.016844 0.279297 -0.009132
v -0.016851 -0.438263 0.060158
v -0.016863 0.150543 0.120781
v -0.016863 0.247940 -0.013716
v -0.016922 0.094055 0.263580
v -0.016935 0.226913 0.049603
v -0.016953 0.086563 -0.284363
v -0.016964 0.107819 0.266663
v -0.017002 0.280151 0.006778
v -0.017023 -0.437866 -0.059963
v -0.017052 0.145569 0.128128
v -0.017073 0.296631 -0.020233
v -0.017078 0.156357 0.174835
v -0.017094 0.108627 -0.266205
v -0.017130 0.140015 0.138321
v -0.017155 0.223160 0.045006
v -0.017178 0.218521 -0.086777
v -0.017187 -0.437775 -0.025810
v -0.017218 -0.233948 0.061947
v -0.017244 0.047085 0.363495
v -0.017271 0.046791 -0.364258
v -0.017290 0.174026 0.143768
v -0.017302 0.146881 -0.210892
v -0.017307 0.086555 0.284576
v -0.017353 -0.351868 -0.024628
v -0.017376 0.155762 -0.175735
v -0.017443 0.156952 -0.074181
v -0.017460 0.224503 -0.061729
v -0.017464 0.177917 -0.140106
v -0.017483 0.097069 -0.274841
v -0.017492 0.224335 0.061878
v -0.017511 0.147232 0.209793
v -0.017517 0.096848 0.274200
v -0.017523 0.218506 0.085876
v -0.017542 0.092018 0.292084
v -0.017542 0.226440 -0.050434
v -0.017622 0.136673 -0.145004
v -0.017649 0.076088 0.339752
v -0.017656 0.091461 -0.291962
v -0.017706 -0.234787 -0.062458
v -0.017719 0.245514 0.012496
v -0.017756 0.097992 0.243835
v -0.017788 -0.379120 -0.059361
v -0.017883 -0.378296 0.059372
v -0.017920 0.075157 -0.341400
v -0.017929 0.267517 -0.001224
v -0.017982 -0.499664 0.020155
v -0.018011 -0.278290 -0.075104
v -0.018028 0.151794 0.197754
v -0.018059 0.110100 0.258942
v -0.018074 0.072487 0.291718
v -0.018147 0.289062 -0.008694
v -0.018209 0.072792 -0.292694
v -0.018248 -0.499451 -0.020550
v -0.018291 0.259644 0.001714
v -0.018297 -0.277863 0.074745
v -0.018349 -0.345825 0.023314
v -0.018410 0.222366 -0.044952
v -0.018414 0.150665 -0.200272
v -0.018553 0.180542 0.143494
v -0.018578 0.342316 -0.066772
v -0.018583 0.227036 -0.036079
v -0.018635 0.226791 0.035858
v -0.018644 0.246170 -0.007883
v -0.018740 0.287445 0.000463
v -0.018866 0.067986 0.300018
v -0.018930 0.236938 -0.019791
v -0.018957 0.056816 0.336243
v -0.019079 -0.214478 0.061901
v -0.019087 0.295898 0.014698
v -0.019156 -0.037373 -0.093552
v -0.019178 0.129730 0.158600
v -0.019180 -0.488525 -0.020977
v -0.019182 -0.234863 0.032990
v -0.019207 -0.235184 -0.033379
v -0.019226 -0.487244 0.020512
v -0.019245 0.239151 0.015365
v -0.019251 0.066986 -0.302704
v -0.019381 0.087669 0.309143
v -0.019409 -0.041294 0.094276
v -0.019423 0.246063 0.002383
v -0.019444 0.134155 0.225266
v -0.019497 0.056973 -0.337067
v -0.019497 0.293945 0.009444
v -0.019499 -0.133438 0.086662
v -0.019606 0.339691 0.065048
v -0.019737 0.175293 0.138489
v -0.019831 0.104057 -0.226135
v -0.019852 -0.042442 -0.094704
v -0.019918 -0.207413 -0.062363
v -0.019951 0.072380 0.347321
v -0.020102 0.184128 0.143707
v -0.020155 0.122169 -0.238617
v -0.020157 -0.214188 0.032852
v -0.020163 0.123520 0.236252
v -0.020164 -0.212723 -0.033188
v -0.020241 -0.382843 0.034775
v -0.020250 0.126312 -0.166367
v -0.020363 0.150406 -0.190475
v -0.020388 -0.380615 -0.034531
v -0.020452 0.108521 -0.053806
v -0.020472 -0.499329 -0.065742
v -0.020533 0.239578 -0.010669
v -0.020575 -0.332306 -0.022112
v -0.020582 -0.499359 0.065514
v -0.020586 0.295044 -0.008712
v -0.020586 0.302795 0.028683
v -0.020603 -0.331482 0.071495
v -0.020649 0.135391 0.122093
v -0.020651 0.240265 0.007275
v -0.020664 -0.330994 -0.072014
v -0.020666 0.144394 -0.121857
v -0.020729 0.066872 0.039341
v -0.020739 0.136368 -0.220749
v -0.020758 0.144730 0.121452
v -0.020836 0.108871 -0.242065
v -0.020859 0.082878 -0.318909
v -0.020876 -0.409698 0.045052
v -0.020882 0.106522 0.217163
v -0.020899 0.326935 -0.060028
v -0.020929 -0.409821 -0.045578
v -0.020950 -0.192154 0.063103
v -0.020979 -0.330170 0.021408
v -0.021040 -0.234451 0.047722
v -0.021160 -0.301392 -0.018503
v -0.021227 0.302551 -0.028030
v -0.021236 -0.300385 0.018053
v -0.021246 -0.477081 0.020761
v -0.021278 -0.235413 -0.048687
v -0.021307 0.240265 -0.001031
v -0.021343 0.062256 0.318939
v -0.021378 -0.477295 -0.021400
v -0.021387 0.453583 -0.028635
v -0.021420 0.294464 0.000593
v -0.021423 0.170837 -0.136780
v -0.021610 -0.465302 0.020784
v -0.021618 0.079384 -0.298401
v -0.021646 0.327484 0.059635
v -0.021658 0.061440 -0.323639
v -0.021687 0.121155 -0.176392
v -0.021809 0.140808 0.210373
v -0.021822 -0.465637 -0.021355
v -0.021830 0.113029 0.231781
v -0.021854 0.078461 0.298828
v -0.021862 0.122490 0.173523
v -0.021862 0.151428 0.085251
v -0.021885 0.052227 0.349426
v -0.021917 -0.316589 0.019220
v -0.021923 -0.317657 -0.019762
v -0.021935 -0.435577 0.035225
v -0.021959 -0.257721 0.064819
v -0.021982 -0.193024 0.032009
v -0.022135 0.109100 -0.208267
v -0.022135 0.144348 -0.203201
v -0.022135 -0.258453 -0.065117
v -0.022139 0.146942 0.195496
v -0.022200 -0.318604 0.073051
v -0.022219 -0.435547 -0.036896
v -0.022360 -0.317902 -0.073563
v -0.022385 0.057892 0.336823
v -0.022430 -0.165955 0.064522
v -0.022499 -0.165710 -0.064880
v -0.022509 -0.354858 -0.061806
v -0.022524 0.057381 -0.338348
v -0.022608 0.210770 -0.086571
v -0.022617 0.124268 0.057358
v -0.022638 -0.355286 0.061413
v -0.022661 0.123970 -0.057716
v -0.022671 0.162109 -0.141922
v -0.022692 -0.298706 0.074646
v -0.022699 0.079994 -0.316742
v -0.022713 0.129639 0.220627
v -0.022831 0.168137 0.135208
v -0.022835 -0.298615 -0.074974
v -0.022915 -0.425049 -0.044952
v -0.022943 0.153625 0.153046
v -0.022955 0.147156 -0.169327
v -0.023020 0.112419 0.196472
v -0.023027 -0.044151 0.090958
v -0.023031 -0.213272 -0.047726
v -0.023048 0.146973 0.168900
v -0.023067 0.069443 -0.351105
v -0.023075 -0.165085 0.029871
v -0.023117 0.077248 -0.028305
v -0.023117 0.113060 -0.195480
v -0.023130 0.177032 -0.143188
v -0.023218 -0.499908 0.051285
v -0.023232 0.076881 0.027655
v -0.023249 0.153152 -0.153717
v -0.023306 0.210220 0.086258
v -0.023317 0.073807 -0.337402
v -0.023342 -0.479980 -0.064560
v -0.023384 -0.466003 -0.063850
v -0.023439 0.136505 -0.122795
v -0.023449 0.077583 0.320801
v -0.023464 -0.480011 0.064140
v -0.023468 -0.199631 0.125183
v -0.023478 0.073273 0.338104
v -0.023523 0.416046 0.069923
v -0.023529 0.051102 -0.351349
v -0.023529 -0.466553 0.063477
v -0.023609 0.145142 0.149048
v -0.023634 -0.140656 0.065720
v -0.023657 0.148621 -0.139252
v -0.023674 0.131622 -0.216141
v -0.023701 0.117615 -0.220078
v -0.023827 0.141968 -0.157394
v -0.023829 0.452728 -0.025381
v -0.023899 -0.138489 -0.065369
v -0.023979 0.140778 0.158630
v -0.024015 0.144196 -0.175537
v -0.024015 -0.379395 0.046501
v -0.024080 0.079773 -0.028502
v -0.024084 0.155167 -0.127853
v -0.024109 0.393311 0.077744
v -0.024126 0.079338 0.027962
v -0.024149 -0.142395 -0.028597
v -0.024178 0.155518 0.127640
v -0.024210 -0.256622 -0.036003
v -0.024212 -0.065178 0.097473
v -0.024216 -0.380005 -0.046665
v -0.024313 0.073776 -0.315125
v -0.024347 0.418396 -0.068924
v -0.024420 0.160065 0.130630
v -0.024443 -0.137192 0.027729
v -0.024460 -0.435608 0.044701
v -0.024525 0.047523 -0.360474
v -0.024591 -0.142670 -0.113663
v -0.024628 0.134460 0.206543
v -0.024652 -0.126038 0.066452
v -0.024698 -0.435608 -0.043694
v -0.024744 0.160095 -0.130951
v -0.024776 0.394196 -0.077888
v -0.024801 -0.259735 0.035801
v -0.024826 0.089821 0.030264
v -0.024868 0.089363 -0.030067
v -0.025112 -0.125610 -0.065674
v -0.025118 0.077400 -0.000417
v -0.025126 0.137634 -0.167984
v -0.025217 0.156342 -0.071434
v -0.025257 0.157562 0.071907
v -0.025318 0.222397 0.044010
v -0.025333 0.137299 0.167404
v -0.025339 -0.199600 -0.124802
v -0.025394 0.125977 -0.180939
v -0.025513 0.046921 0.367188
v -0.025522 0.135651 -0.199951
v -0.025526 -0.121574 -0.027214
v -0.025532 -0.120514 0.026539
v -0.025541 0.046867 -0.367462
v -0.025570 0.141266 0.178009
v -0.025654 0.423950 -0.064644
v -0.025690 0.079185 -0.000698
v -0.025707 -0.354126 0.034660
v -0.025810 0.213852 0.071159
v -0.025887 -0.353821 -0.035030
v -0.025915 -0.105247 -0.026346
v -0.025919 0.048332 0.358398
v -0.025936 -0.105453 0.025909
v -0.026058 0.424286 0.063759
v -0.026184 0.068451 0.349670
v -0.026236 0.140747 -0.179306
v -0.026239 0.160400 0.073685
v -0.026260 0.159927 -0.074036
v -0.026262 -0.139709 -0.092590
v -0.026299 0.067085 0.331055
v -0.026388 -0.276581 -0.066513
v -0.026392 0.159714 -0.075378
v -0.026403 -0.139359 0.091736
v -0.026411 0.068596 -0.349365
v -0.026455 0.066048 -0.335297
v -0.026600 0.090469 -0.000720
v -0.026672 0.067329 -0.028255
v -0.026745 0.137482 -0.190704
v -0.026789 0.471039 -0.000231
v -0.026855 0.064110 0.359741
v -0.026909 -0.077148 -0.099464
v -0.026939 -0.277710 0.066055
v -0.026958 -0.174179 0.047150
v -0.026983 0.059692 0.346863
v -0.027012 0.360870 0.073593
v -0.027023 0.122971 -0.200363
v -0.027061 0.322479 -0.051296
v -0.027126 0.136673 0.188461
v -0.027164 0.123390 0.198273
v -0.027170 -0.172760 -0.047405
v -0.027199 0.361298 -0.074203
v -0.027201 0.126419 -0.191910
v -0.027248 0.125931 0.192413
v -0.027288 0.060158 -0.345520
v -0.027433 0.153519 -0.086716
v -0.027508 -0.435028 0.035069
v -0.027554 -0.454803 0.030931
v -0.027571 -0.435089 -0.034889
v -0.027575 0.131348 -0.178665
v -0.027599 0.049042 0.366516
v -0.027632 -0.258942 0.050701
v -0.027853 0.216888 -0.036793
v -0.027889 -0.331116 -0.065239
v -0.027895 0.135757 -0.177536
v -0.027966 -0.260071 -0.051048
v -0.028009 -0.435883 0.047791
v -0.028040 0.063187 0.347107
v -0.028193 0.150528 0.091194
v -0.028215 0.133850 0.176331
v -0.028240 0.050400 0.357269
v -0.028307 0.456665 -0.000482
v -0.028360 0.050747 -0.367828
v -0.028385 -0.273956 -0.035275
v -0.028439 -0.275757 0.034702
v -0.028482 0.222748 -0.024548
v -0.028526 -0.435913 -0.047894
v -0.028580 0.216309 0.034851
v -0.028595 0.051891 -0.357178
v -0.028627 -0.355835 0.048107
v -0.028652 -0.329865 0.064400
v -0.028814 0.063530 0.016737
v -0.028942 -0.132584 -0.074577
v -0.028992 -0.130768 0.070763
v -0.028994 -0.103577 0.019905
v -0.028996 0.147079 -0.096916
v -0.029047 -0.355438 -0.048733
v -0.029062 0.061676 -0.363586
v -0.029192 0.171951 0.141525
v -0.029236 0.056587 0.371979
v -0.029278 0.222321 0.021852
v -0.029608 0.060360 -0.358856
v -0.029615 0.169983 -0.141037
v -0.029675 0.058510 0.358215
v -0.029692 0.140427 -0.126297
v -0.029762 -0.318329 -0.066429
v -0.029940 0.057438 -0.372070
v -0.030073 0.113152 0.032799
v -0.030088 0.467957 -0.021870
v -0.030117 -0.115257 0.038879
v -0.030146 -0.140701 -0.047356
v -0.030169 -0.140320 0.047207
v -0.030218 0.467590 0.022125
v -0.030262 -0.319031 0.065369
v -0.030375 -0.449402 -0.034920
v -0.030506 0.438873 0.047405
v -0.030590 0.177521 0.141876
v -0.030684 0.176804 -0.141602
v -0.030731 0.222931 -0.014718
v -0.030806 0.141663 0.126953
v -0.030817 -0.332336 0.033356
v -0.030867 0.381561 -0.075218
v -0.030886 0.139557 0.111290
v -0.030931 0.381775 0.074745
v -0.030987 0.223801 0.008520
v -0.031027 0.308167 0.026583
v -0.031052 0.181931 0.130814
v -0.031132 0.308380 -0.027060
v -0.031176 -0.499420 0.050262
v -0.031199 0.041782 -0.045815
v -0.031214 0.224106 -0.004532
v -0.031221 -0.499847 -0.033928
v -0.031288 -0.298584 0.066292
v -0.031315 0.182510 -0.127823
v -0.031410 0.188293 -0.115990
v -0.031410 -0.499817 0.033955
v -0.031425 0.451202 0.017260
v -0.031437 0.189072 0.114601
v -0.031460 -0.299103 -0.066536
v -0.031479 -0.499756 -0.049995
v -0.031605 -0.273468 0.050880
v -0.031609 0.192764 0.105576
v -0.031742 0.192093 -0.106163
v -0.031750 -0.106369 -0.021509
v -0.031784 0.166046 0.067101
v -0.031853 0.039978 0.045597
v -0.031864 0.134094 0.121582
v -0.032120 0.134750 -0.122063
v -0.032173 -0.120934 0.047100
v -0.032322 -0.276611 -0.050724
v -0.032429 -0.120636 -0.047195
v -0.032478 0.201187 -0.085800
v -0.032513 0.451355 -0.020096
v -0.032574 0.196426 0.098129
v -0.032612 0.154099 0.058388
v -0.032639 0.197296 -0.095909
v -0.033031 0.202515 0.084084
v -0.033051 0.202454 -0.084282
v -0.033104 0.126556 -0.035378
v -0.033192 -0.299622 0.031361
v -0.033195 0.126968 0.035263
v -0.033203 -0.481598 -0.034367
v -0.033253 0.426514 0.055897
v -0.033260 -0.481384 0.034016
v -0.033272 0.314911 -0.039833
v -0.033329 -0.318634 0.032616
v -0.033512 -0.319672 -0.032978
v -0.033554 -0.465088 -0.034286
v -0.033611 -0.299896 -0.032051
v -0.033653 -0.465485 0.034386
v -0.033775 0.306122 0.013945
v -0.033886 -0.479462 0.050159
v -0.033920 0.315063 0.039162
v -0.033962 -0.479584 -0.050480
v -0.034008 0.168594 -0.064079
v -0.034092 0.143753 0.046669
v -0.034122 0.445190 -0.034420
v -0.034218 0.189957 0.081871
v -0.034267 0.212814 -0.023844
v -0.034271 0.144730 -0.047058
v -0.034306 -0.464813 0.049686
v -0.034359 0.306061 -0.012748
v -0.034386 -0.465485 -0.049839
v -0.034534 -0.330444 -0.049522
v -0.034580 0.167831 -0.139725
v -0.034622 -0.329926 0.049282
v -0.034752 0.149857 -0.050999
v -0.034767 0.153290 -0.133209
v -0.034950 0.207748 0.062508
v -0.035084 0.435059 -0.048267
v -0.035145 0.156326 0.134140
v -0.035156 0.207352 -0.063484
v -0.035309 0.126831 -0.000693
v -0.035545 0.216568 0.035500
v -0.035557 0.216415 -0.036072
v -0.035568 0.179016 0.096504
v -0.035667 0.212585 0.017906
v -0.035713 0.210831 0.049133
v -0.035763 0.210648 -0.050350
v -0.035858 0.304565 -0.000404
v -0.035934 0.144104 0.038227
v -0.036083 0.165436 0.138458
v -0.036102 0.448517 -0.027367
v -0.036217 0.163315 -0.100060
v -0.036236 0.176163 -0.095749
v -0.036282 0.174881 0.077988
v -0.036289 0.190079 0.069107
v -0.036320 0.174881 -0.078789
v -0.036324 0.153030 0.113861
v -0.036324 -0.122437 -0.104927
v -0.036472 -0.123131 0.104729
v -0.036537 -0.317230 0.050056
v -0.036545 -0.317200 -0.050407
v -0.036686 0.143646 0.127365
v -0.036777 -0.123947 0.104477
v -0.036823 0.147720 -0.038143
v -0.036823 0.404663 0.067657
v -0.036827 0.403900 -0.068504
v -0.036938 0.445831 0.026400
v -0.036957 -0.200424 -0.116432
v -0.037083 0.170456 0.090874
v -0.037231 -0.299316 0.049904
v -0.037357 0.170334 -0.091660
v -0.037407 -0.299591 -0.050457
v -0.037415 0.372284 0.072594
v -0.037437 0.041832 0.028147
v -0.037457 0.213715 0.028322
v -0.037460 -0.199295 0.118958
v -0.037472 0.433136 0.047855
v -0.037674 0.371765 -0.072670
v -0.037689 0.212265 -0.004080
v -0.037807 0.163437 -0.129639
v -0.037865 0.459869 0.034843
v -0.037895 0.040512 -0.028540
v -0.037960 0.200012 0.039051
v -0.037987 0.168015 0.100319
v -0.038010 0.175842 -0.069122
v -0.038338 0.456848 0.035152
v -0.038425 0.166794 -0.103493
v -0.038517 0.457184 -0.035847
v -0.038555 0.042149 -0.000242
v -0.038578 0.459167 -0.036301
v -0.038651 -0.000693 0.056808
v -0.038826 0.212112 -0.021357
v -0.038967 0.212234 0.019896
v -0.039066 0.163849 0.110001
v -0.039246 0.163330 -0.111435
v -0.039368 0.488800 0.000002
v -0.039711 -0.137741 -0.069336
v -0.039959 0.442535 -0.030931
v -0.040131 0.159149 0.120995
v -0.040371 0.211990 -0.000544
v -0.040440 0.433868 -0.044487
v -0.040874 0.481964 -0.026020
v -0.040951 0.176773 0.053333
v -0.040958 0.176468 -0.053558
v -0.041027 0.482025 0.025631
v -0.041027 -0.173264 0.101463
v -0.041042 -0.137283 0.066589
v -0.041161 0.338776 0.059235
v -0.041248 -0.186783 -0.115402
v -0.041367 0.153885 -0.132202
v -0.041485 0.154602 0.132782
v -0.041588 0.412781 0.058846
v -0.041786 0.176010 0.043266
v -0.042145 0.340027 -0.059830
v -0.042240 0.176605 -0.037193
v -0.042969 0.177109 -0.025940
v -0.043198 0.176987 0.021954
v -0.043709 0.418274 -0.053467
v -0.044064 0.175110 -0.000596
v -0.044243 0.010574 -0.046440
v -0.044540 0.010007 0.045998
v -0.045876 -0.163773 -0.108521
v -0.046074 -0.120346 0.028027
v -0.046726 -0.167465 0.108536
v -0.046879 0.434570 0.033318
v -0.047134 0.415436 0.051250
v -0.047161 0.012833 -0.036312
v -0.047668 0.011103 0.035820
v -0.047825 0.434204 -0.034489
v -0.048874 0.317932 0.032845
v -0.048908 0.012142 -0.000651
v -0.049046 -0.161896 0.077477
v -0.049934 0.388641 0.063354
v -0.050194 0.388336 -0.063515
v -0.050850 -0.115585 -0.082115
v -0.051182 0.427063 0.034389
v -0.051559 -0.125946 -0.031109
v -0.052032 -0.199371 -0.109200
v -0.052219 -0.141846 -0.087357
v -0.052219 -0.199371 0.108688
v -0.052856 -0.143082 0.086617
v -0.053574 0.425568 -0.033871
v -0.053841 0.407166 0.049240
v -0.053860 0.475250 -0.038609
v -0.054005 0.462128 -0.045197
v -0.054131 0.461853 0.045128
v -0.054325 0.319092 0.028145
v -0.054337 0.407654 -0.048740
v -0.054417 -0.197922 0.111267
v -0.054535 -0.198196 -0.111649
v -0.054913 0.320038 -0.031250
v -0.054947 0.320801 0.031918
v -0.055099 0.418945 0.036926
v -0.055363 0.420166 -0.036087
v -0.055519 0.349915 0.057110
v -0.055523 0.350433 -0.057537
v -0.055737 -0.020985 0.044151
v -0.056034 0.428558 0.039040
v -0.056038 0.445679 -0.045681
v -0.056076 0.428009 -0.038921
v -0.056183 0.445618 0.045528
v -0.056190 -0.113983 0.073547
v -0.056396 0.499084 -0.000416
v -0.057697 0.474976 0.040672
v -0.057880 0.492981 -0.024693
v -0.058170 0.475983 -0.040497
v -0.058369 0.493042 0.025221
v -0.058422 0.421570 0.027027
v -0.058495 0.426361 0.037891
v -0.058990 0.316223 -0.000045
v -0.059357 0.426422 -0.038338
v -0.059380 0.481354 0.035839
v -0.059414 -0.134094 -0.035461
v -0.059505 0.402222 0.043583
v -0.059559 -0.133896 0.034672
v -0.060204 0.343414 0.047169
v -0.060280 0.419922 -0.025204
v -0.060448 -0.030361 -0.040237
v -0.061268 0.342041 -0.045166
v -0.062065 0.323914 0.012464
v -0.062340 -0.091034 0.055962
v -0.063118 -0.039185 -0.042782
v -0.063301 -0.037453 0.001284
v -0.063385 -0.092079 -0.055279
v -0.063515 -0.040752 0.042286
v -0.065376 0.372894 0.050037
v -0.065697 0.373413 -0.049866
v -0.065903 -0.169952 -0.058350
v -0.066917 0.415771 0.015463
v -0.067467 0.415009 -0.014597
v -0.067726 0.413605 -0.001549
v -0.067871 0.435730 0.043026
v -0.067947 0.461487 0.052769
v -0.068230 -0.149567 0.035099
v -0.068344 0.335602 -0.030972
v -0.068436 0.335236 0.030788
v -0.068672 0.409393 -0.019312
v -0.068954 0.411804 0.015951
v -0.068962 0.391663 0.035904
v -0.069077 0.391449 -0.036045
v -0.069504 0.460510 -0.053791
v -0.070839 -0.076050 -0.042580
v -0.071106 0.414764 -0.014016
v -0.071274 0.442383 0.047096
v -0.071457 0.439880 -0.045773
v -0.071609 0.407745 -0.011930
v -0.071953 0.406525 0.011579
v -0.072220 0.415497 0.015194
v -0.072388 0.333099 -0.000453
v -0.072617 0.344482 -0.016712
v -0.072617 0.458740 0.055447
v -0.073196 0.458374 -0.055786
v -0.073280 -0.158463 0.020424
v -0.073349 -0.196030 -0.078819
v -0.073944 0.493652 0.025888
v -0.074181 0.493713 -0.025640
v -0.074280 0.401886 -0.000593
v -0.076042 0.413147 -0.000099
v -0.076492 -0.171280 -0.061459
v -0.076889 -0.104759 0.041691
v -0.076912 -0.104691 -0.041763
v -0.077316 -0.105499 -0.000620
v -0.077438 0.361694 -0.025034
v -0.077667 0.382355 -0.017725
v -0.077675 0.362000 0.025049
v -0.077682 0.382416 0.017950
v -0.078270 -0.167847 -0.036930
v -0.078979 0.499939 -0.000274
v -0.079430 0.360046 -0.000661
v -0.079704 0.379517 -0.000296
v -0.079712 -0.173416 0.056717
v -0.080482 -0.196136 0.059528
v -0.081848 0.422577 0.029945
v -0.082108 0.422180 -0.029501
v -0.083206 -0.196198 -0.055145
v -0.084419 -0.140640 0.041058
v -0.084488 0.491333 -0.012934
v -0.084885 0.450989 0.048473
v -0.085037 0.490753 0.013364
v -0.085403 0.417328 0.014558
v -0.085938 0.434784 -0.038406
v -0.086510 0.438049 0.040268
v -0.088409 0.476685 -0.037430
v -0.088409 -0.158981 -0.029955
v -0.088509 0.476959 0.036839
v -0.089134 -0.162842 -0.041058
v -0.090546 -0.168823 0.040108
v -0.091721 0.446838 -0.045631
v -0.091789 0.447083 0.045021
v -0.092010 0.420715 -0.020683
v -0.092743 0.420654 0.019819
v -0.093048 -0.195343 0.038193
v -0.093102 -0.195190 -0.038124
v -0.093285 0.419586 0.017586
v -0.093323 0.419342 -0.016832
v -0.094452 -0.184952 0.002952
v -0.094597 -0.186005 0.039165
v -0.095116 -0.188873 -0.039837
v -0.096092 -0.193954 0.039661
v -0.096123 -0.193985 -0.040634
v -0.096169 0.442993 -0.039009
v -0.096634 0.418152 -0.000240
v -0.097748 0.479523 0.022926
v -0.097900 0.479126 -0.023531
v -0.098251 0.441498 0.035419
v -0.101250 0.483582 -0.000249
v -0.106613 0.453979 0.032440
v -0.107193 0.453827 -0.032459
v -0.107239 0.437836 0.025223
v -0.107796 0.437469 -0.024651
v -0.112038 0.436279 -0.016827
v -0.112183 0.436615 0.017014
v -0.113548 0.457397 0.019697
v -0.113953 0.457214 -0.019697
v -0.115250 0.436340 0.000453
v -0.115662 0.458496 -0.000679
vt 0.277100 0.267334
vt 0.258789 0.268555
vt 0.274170 0.249023
vt 0.261230 0.287598
vt 0.291748 0.252197
vt 0.275879 0.294434
vt 0.269531 0.306152
vt 0.281006 0.316162
vt 0.294678 0.269287
vt 0.306885 0.258057
vt 0.294922 0.285889
vt 0.307373 0.272949
vt 0.324219 0.262939
vt 0.281006 0.281738
vt 0.334229 0.282471
vt 0.338623 0.272705
vt 0.306641 0.291504
vt 0.302002 0.304199
vt 0.295410 0.319580
vt 0.274414 0.320068
vt 0.333984 0.299316
vt 0.268311 0.332031
vt 0.330078 0.306396
vt 0.336426 0.301025
vt 0.339355 0.282227
vt 0.341797 0.276367
vt 0.349854 0.284912
vt 0.343994 0.301514
vt 0.366455 0.285645
vt 0.332520 0.310791
vt 0.351318 0.319580
vt 0.371338 0.299805
vt 0.399414 0.282959
vt 0.401367 0.294922
vt 0.397217 0.303711
vt 0.367920 0.313965
vt 0.401367 0.317139
vt 0.369873 0.325928
vt 0.370605 0.331787
vt 0.401611 0.325684
vt 0.405273 0.333252
vt 0.374268 0.339355
vt 0.349609 0.332031
vt 0.353027 0.338379
vt 0.357666 0.346680
vt 0.339355 0.354736
vt 0.339355 0.340820
vt 0.337402 0.331543
vt 0.327393 0.348145
vt 0.328369 0.367432
vt 0.330811 0.322021
vt 0.319336 0.335205
vt 0.318359 0.328613
vt 0.315918 0.320312
vt 0.301270 0.339600
vt 0.312256 0.341309
vt 0.313477 0.343994
vt 0.305176 0.355957
vt 0.282715 0.340576
vt 0.295166 0.356934
vt 0.313721 0.362549
vt 0.304688 0.367188
vt 0.298340 0.369629
vt 0.316406 0.377686
vt 0.324951 0.385498
vt 0.322754 0.388184
vt 0.314941 0.398926
vt 0.307861 0.394775
vt 0.308838 0.409424
vt 0.304688 0.375977
vt 0.300537 0.394531
vt 0.296631 0.382324
vt 0.290283 0.383057
vt 0.291260 0.412842
vt 0.294189 0.425293
vt 0.299316 0.435059
vt 0.291748 0.398926
vt 0.273193 0.428223
vt 0.268555 0.441650
vt 0.273438 0.411865
vt 0.267578 0.385742
vt 0.271240 0.395752
vt 0.291992 0.372314
vt 0.270996 0.373779
vt 0.271484 0.362061
vt 0.255615 0.368652
vt 0.222656 0.364258
vt 0.271729 0.354248
vt 0.258789 0.349365
vt 0.250000 0.343262
vt 0.276123 0.336426
vt 0.238037 0.768799
vt 0.226074 0.790771
vt 0.226807 0.774658
vt 0.207520 0.774170
vt 0.238281 0.785889
vt 0.224121 0.760986
vt 0.209229 0.752686
vt 0.218262 0.743896
vt 0.235840 0.755127
vt 0.225098 0.737793
vt 0.254395 0.738770
vt 0.246582 0.767334
vt 0.253906 0.780273
vt 0.257080 0.754395
vt 0.257568 0.762939
vt 0.246338 0.711426
vt 0.223877 0.732422
vt 0.221680 0.709961
vt 0.228027 0.690918
vt 0.241699 0.690430
vt 0.243896 0.666504
vt 0.260986 0.708252
vt 0.263916 0.732422
vt 0.282715 0.751709
vt 0.288086 0.749268
vt 0.284424 0.762207
vt 0.286133 0.764404
vt 0.271973 0.782959
vt 0.287109 0.777100
vt 0.289551 0.758545
vt 0.289795 0.763184
vt 0.291748 0.773193
vt 0.303955 0.762695
vt 0.319824 0.755615
vt 0.271484 0.719238
vt 0.320312 0.773682
vt 0.303711 0.782715
vt 0.320557 0.784912
vt 0.348145 0.785400
vt 0.349854 0.796387
vt 0.319336 0.766113
vt 0.348877 0.775635
vt 0.352295 0.764160
vt 0.324707 0.746582
vt 0.354492 0.754883
vt 0.296875 0.733398
vt 0.329834 0.737549
vt 0.361328 0.745605
vt 0.336426 0.730957
vt 0.365234 0.741455
vt 0.368652 0.736084
vt 0.341309 0.723633
vt 0.324463 0.713379
vt 0.308594 0.728027
vt 0.286865 0.712402
vt 0.315918 0.719238
vt 0.312256 0.697266
vt 0.300537 0.703613
vt 0.304688 0.683105
vt 0.273438 0.693359
vt 0.284424 0.694580
vt 0.292725 0.686768
vt 0.288330 0.676025
vt 0.281738 0.680420
vt 0.287598 0.672363
vt 0.277100 0.684570
vt 0.277344 0.668457
vt 0.283691 0.658203
vt 0.280273 0.647217
vt 0.268555 0.675293
vt 0.263672 0.668945
vt 0.262939 0.682617
vt 0.255859 0.679443
vt 0.272705 0.651367
vt 0.261719 0.656250
vt 0.244141 0.650879
vt 0.199463 0.616699
vt 0.246094 0.631592
vt 0.239746 0.611084
vt 0.262451 0.633789
vt 0.264404 0.625977
vt 0.270264 0.618896
vt 0.247314 0.624512
vt 0.779541 0.266846
vt 0.791992 0.252930
vt 0.788574 0.259766
vt 0.808350 0.257568
vt 0.797119 0.272705
vt 0.809326 0.278809
vt 0.810547 0.239258
vt 0.780029 0.295654
vt 0.785889 0.279053
vt 0.767578 0.287354
vt 0.767334 0.290771
vt 0.773438 0.296631
vt 0.762939 0.292480
vt 0.755127 0.281738
vt 0.763428 0.258545
vt 0.752441 0.271729
vt 0.753174 0.282959
vt 0.745850 0.261230
vt 0.768311 0.247070
vt 0.732666 0.248047
vt 0.763184 0.323730
vt 0.773193 0.328125
vt 0.763428 0.353760
vt 0.751709 0.354492
vt 0.755371 0.322266
vt 0.746094 0.320312
vt 0.741211 0.349854
vt 0.734375 0.318848
vt 0.730225 0.351807
vt 0.735352 0.291016
vt 0.724609 0.329834
vt 0.721680 0.350586
vt 0.716553 0.349121
vt 0.725586 0.315918
vt 0.717285 0.320068
vt 0.708252 0.322754
vt 0.707764 0.353027
vt 0.714600 0.301025
vt 0.708496 0.303467
vt 0.704102 0.281982
vt 0.724365 0.293457
vt 0.709717 0.278564
vt 0.704834 0.265625
vt 0.696533 0.270996
vt 0.687012 0.259277
vt 0.719727 0.272461
vt 0.698486 0.253174
vt 0.711182 0.258057
vt 0.725830 0.263184
vt 0.683838 0.256348
vt 0.734375 0.261475
vt 0.703125 0.247803
vt 0.687256 0.247070
vt 0.673584 0.247559
vt 0.692383 0.234619
vt 0.706543 0.239502
vt 0.672119 0.235596
vt 0.663818 0.239990
vt 0.698242 0.226562
vt 0.682373 0.227295
vt 0.660156 0.216309
vt 0.653320 0.216064
vt 0.645996 0.222168
vt 0.642334 0.196045
vt 0.657227 0.196533
vt 0.666504 0.200928
vt 0.710449 0.183350
vt 0.686035 0.208008
vt 0.700439 0.213623
vt 0.728760 0.202637
vt 0.719727 0.219727
vt 0.746094 0.217041
vt 0.736572 0.231689
vt 0.757324 0.247314
vt 0.763184 0.225830
vt 0.772461 0.234619
vt 0.780762 0.237793
vt 0.781250 0.227051
vt 0.791992 0.243164
vt 0.825928 0.223877
vt 0.509766 0.807373
vt 0.522461 0.799316
vt 0.513672 0.818848
vt 0.506836 0.788330
vt 0.493896 0.798096
vt 0.479736 0.793701
vt 0.497559 0.816406
vt 0.483154 0.809082
vt 0.464844 0.805908
vt 0.469238 0.825928
vt 0.484863 0.827881
vt 0.489502 0.836914
vt 0.496094 0.846191
vt 0.484131 0.851318
vt 0.474121 0.837646
vt 0.466064 0.843018
vt 0.456299 0.835205
vt 0.462646 0.866455
vt 0.452148 0.860107
vt 0.459717 0.882324
vt 0.442871 0.877441
vt 0.444824 0.857178
vt 0.450195 0.831055
vt 0.454834 0.828613
vt 0.443848 0.909424
vt 0.450928 0.814453
vt 0.438965 0.790771
vt 0.436035 0.797119
vt 0.448486 0.779297
vt 0.452148 0.767578
vt 0.444824 0.775391
vt 0.447998 0.766357
vt 0.423096 0.757812
vt 0.435791 0.790527
vt 0.426270 0.781982
vt 0.401855 0.732910
vt 0.410889 0.727295
vt 0.412109 0.767822
vt 0.392090 0.739014
vt 0.389404 0.749023
vt 0.419189 0.790771
vt 0.403320 0.776367
vt 0.378662 0.758301
vt 0.431152 0.798096
vt 0.423340 0.808838
vt 0.410156 0.795410
vt 0.390625 0.778076
vt 0.371582 0.760986
vt 0.393799 0.785889
vt 0.387939 0.789551
vt 0.363281 0.766357
vt 0.380127 0.792480
vt 0.389160 0.809326
vt 0.384033 0.810547
vt 0.383789 0.831299
vt 0.397461 0.805908
vt 0.395996 0.828613
vt 0.382568 0.844971
vt 0.403320 0.802490
vt 0.402588 0.819336
vt 0.407471 0.815186
vt 0.414551 0.812012
vt 0.408203 0.829346
vt 0.421143 0.825195
vt 0.427734 0.820557
vt 0.395264 0.849121
vt 0.436523 0.816162
vt 0.436523 0.843018
vt 0.426758 0.834229
vt 0.427490 0.862793
vt 0.427246 0.853027
vt 0.415283 0.864502
vt 0.419922 0.840088
vt 0.439453 0.879883
vt 0.411377 0.860352
vt 0.431885 0.888428
vt 0.419189 0.872559
vt 0.409668 0.872803
vt 0.422852 0.897705
vt 0.411621 0.881592
vt 0.416016 0.903809
vt 0.402100 0.892578
vt 0.404785 0.913086
vt 0.397217 0.925537
vt 0.384766 0.956055
vt 0.388916 0.938965
vt 0.382324 0.913330
vt 0.370850 0.915039
vt 0.382080 0.903564
vt 0.379639 0.890869
vt 0.392090 0.903076
vt 0.398193 0.884033
vt 0.390869 0.879883
vt 0.381836 0.877930
vt 0.406006 0.869629
vt 0.395996 0.860596
vt 0.383057 0.864746
vt 0.381592 0.861328
vt 0.403076 0.862305
vt 0.399658 0.848145
vt 0.370850 0.953125
vt 0.350586 0.962646
vt 0.364990 0.941650
vt 0.344727 0.950684
vt 0.330322 0.973389
vt 0.365234 0.932861
vt 0.324463 0.959229
vt 0.319336 0.978516
vt 0.339844 0.943848
vt 0.360596 0.920898
vt 0.321289 0.951660
vt 0.313721 0.963867
vt 0.305176 0.985352
vt 0.298340 0.971680
vt 0.285400 0.992920
vt 0.310059 0.955566
vt 0.337646 0.926758
vt 0.315918 0.932129
vt 0.279053 0.979248
vt 0.263672 0.986328
vt 0.270996 0.997803
vt 0.275635 0.965332
vt 0.259033 0.963867
vt 0.293945 0.961670
vt 0.304688 0.934326
vt 0.288330 0.937256
vt 0.304688 0.920898
vt 0.286133 0.920898
vt 0.268799 0.937500
vt 0.249512 0.931152
vt 0.247803 0.929443
vt 0.243408 0.917236
vt 0.266113 0.918457
vt 0.260010 0.917969
vt 0.253906 0.900391
vt 0.242188 0.898438
vt 0.265869 0.897705
vt 0.281982 0.900391
vt 0.266113 0.888184
vt 0.293701 0.890381
vt 0.302002 0.901123
vt 0.338379 0.916016
vt 0.361328 0.912354
vt 0.359375 0.902100
vt 0.324707 0.889160
vt 0.359863 0.892090
vt 0.360352 0.887207
vt 0.308838 0.881592
vt 0.342529 0.874756
vt 0.363770 0.877686
vt 0.365234 0.869873
vt 0.341309 0.863525
vt 0.366943 0.859131
vt 0.322510 0.873291
vt 0.293701 0.880371
vt 0.300049 0.870361
vt 0.311035 0.857422
vt 0.342529 0.849609
vt 0.369873 0.849854
vt 0.267090 0.879883
vt 0.273926 0.868652
vt 0.254639 0.886963
vt 0.244629 0.885498
vt 0.256104 0.880371
vt 0.246826 0.874023
vt 0.247803 0.863037
vt 0.264160 0.850586
vt 0.252441 0.846924
vt 0.265869 0.835205
vt 0.295166 0.855225
vt 0.273926 0.853271
vt 0.265625 0.837158
vt 0.275635 0.820801
vt 0.259766 0.823730
vt 0.260498 0.809570
vt 0.274658 0.806396
vt 0.278076 0.836670
vt 0.297852 0.820068
vt 0.307373 0.804932
vt 0.299072 0.836670
vt 0.320801 0.824951
vt 0.325928 0.809814
vt 0.313477 0.838867
vt 0.336182 0.816406
vt 0.326172 0.843018
vt 0.348389 0.838867
vt 0.354248 0.827637
vt 0.373779 0.839111
vt 0.433105 0.546387
vt 0.458984 0.569580
vt 0.434326 0.560547
vt 0.460449 0.558838
vt 0.451660 0.578613
vt 0.415771 0.553223
vt 0.420410 0.540039
vt 0.431152 0.572510
vt 0.447510 0.590576
vt 0.409912 0.533447
vt 0.404053 0.548340
vt 0.397461 0.525635
vt 0.408447 0.565918
vt 0.427246 0.584961
vt 0.437012 0.592041
vt 0.449951 0.599365
vt 0.425293 0.592773
vt 0.449463 0.612305
vt 0.404785 0.580078
vt 0.397217 0.562744
vt 0.428711 0.610107
vt 0.450439 0.620361
vt 0.404785 0.589844
vt 0.395020 0.577393
vt 0.392334 0.586914
vt 0.400635 0.609619
vt 0.402832 0.621582
vt 0.392822 0.642334
vt 0.449463 0.631592
vt 0.387451 0.607910
vt 0.384521 0.621338
vt 0.374756 0.583496
vt 0.370850 0.604248
vt 0.376953 0.571533
vt 0.368408 0.620361
vt 0.354248 0.576904
vt 0.382324 0.556885
vt 0.358398 0.566650
vt 0.350586 0.593994
vt 0.389404 0.539551
vt 0.379150 0.515869
vt 0.368408 0.533203
vt 0.364502 0.506104
vt 0.354736 0.527344
vt 0.350098 0.505127
vt 0.360352 0.545898
vt 0.347412 0.541992
vt 0.339844 0.553467
vt 0.335449 0.572021
vt 0.333496 0.564453
vt 0.329346 0.587891
vt 0.328125 0.582031
vt 0.341309 0.609375
vt 0.331055 0.602783
vt 0.318115 0.591309
vt 0.368652 0.640137
vt 0.350830 0.644531
vt 0.332031 0.624512
vt 0.313477 0.613281
vt 0.340576 0.654541
vt 0.311035 0.626465
vt 0.385986 0.654297
vt 0.339600 0.661133
vt 0.307861 0.638428
vt 0.332520 0.677490
vt 0.333008 0.680420
vt 0.350830 0.654297
vt 0.349854 0.661621
vt 0.368408 0.678223
vt 0.335449 0.697510
vt 0.383301 0.665283
vt 0.402344 0.660645
vt 0.425049 0.648682
vt 0.452148 0.640381
vt 0.452637 0.645996
vt 0.428955 0.652100
vt 0.456055 0.654297
vt 0.395508 0.672852
vt 0.415771 0.667480
vt 0.435059 0.662109
vt 0.459473 0.663330
vt 0.437744 0.673340
vt 0.461670 0.673828
vt 0.436279 0.689453
vt 0.408203 0.684326
vt 0.423828 0.697021
vt 0.412842 0.702393
vt 0.392578 0.689209
vt 0.398926 0.707031
vt 0.377930 0.709473
vt 0.371826 0.693359
vt 0.368652 0.704590
vt 0.346680 0.712402
vt 0.360840 0.696533
vt 0.551025 0.041748
vt 0.566650 0.042480
vt 0.561523 0.055664
vt 0.566162 0.027832
vt 0.579102 0.042969
vt 0.578369 0.030762
vt 0.593262 0.032715
vt 0.591797 0.022705
vt 0.594727 0.047852
vt 0.579346 0.017822
vt 0.594482 0.006592
vt 0.583008 0.003906
vt 0.580078 0.055664
vt 0.595947 0.056641
vt 0.567383 0.013428
vt 0.570557 0.002441
vt 0.551270 0.008545
vt 0.549316 0.025146
vt 0.530029 0.000244
vt 0.532715 0.022705
vt 0.530518 0.040283
vt 0.532959 0.054199
vt 0.515137 0.040039
vt 0.515381 0.054688
vt 0.516846 0.067627
vt 0.506836 0.055420
vt 0.507080 0.040283
vt 0.505615 0.032471
vt 0.505615 0.022705
vt 0.514648 0.022461
vt 0.506592 0.015137
vt 0.512695 0.003906
vt 0.523926 0.010498
vt 0.520264 0.002686
vt 0.518555 0.080566
vt 0.507324 0.075195
vt 0.538574 0.066650
vt 0.566162 0.075684
vt 0.565918 0.065674
vt 0.580566 0.065430
vt 0.581543 0.075439
vt 0.597656 0.066895
vt 0.595703 0.076172
vt 0.774414 0.621338
vt 0.769775 0.631348
vt 0.770264 0.616211
vt 0.724609 0.621338
vt 0.770996 0.642334
vt 0.778564 0.598145
vt 0.783203 0.632080
vt 0.800049 0.629639
vt 0.812012 0.651123
vt 0.765625 0.656982
vt 0.765137 0.670166
vt 0.826172 0.645020
vt 0.824463 0.668945
vt 0.821045 0.622559
vt 0.788330 0.676514
vt 0.816895 0.686768
vt 0.801025 0.589844
vt 0.811035 0.575439
vt 0.831787 0.612061
vt 0.774170 0.680664
vt 0.796875 0.709961
vt 0.830566 0.720947
vt 0.798096 0.720947
vt 0.751953 0.709229
vt 0.783447 0.719727
vt 0.758301 0.682129
vt 0.762451 0.669189
vt 0.785156 0.733887
vt 0.762451 0.740967
vt 0.801025 0.764648
vt 0.818604 0.756836
vt 0.774414 0.759033
vt 0.753906 0.768555
vt 0.751953 0.752930
vt 0.795654 0.777100
vt 0.811523 0.780029
vt 0.755859 0.777100
vt 0.795166 0.803711
vt 0.792480 0.803467
vt 0.752686 0.784424
vt 0.722168 0.768311
vt 0.717529 0.788086
vt 0.735107 0.805664
vt 0.729492 0.744873
vt 0.718262 0.768799
vt 0.716064 0.789795
vt 0.711914 0.789795
vt 0.703125 0.801758
vt 0.699463 0.794434
vt 0.726074 0.742188
vt 0.741455 0.722900
vt 0.748779 0.708008
vt 0.738770 0.721436
vt 0.711670 0.704346
vt 0.706299 0.729248
vt 0.706543 0.685059
vt 0.753662 0.684814
vt 0.734619 0.701660
vt 0.747803 0.670410
vt 0.711182 0.687256
vt 0.754639 0.666016
vt 0.736816 0.660645
vt 0.709473 0.675537
vt 0.693848 0.672607
vt 0.744385 0.649658
vt 0.698486 0.667969
vt 0.723633 0.657227
vt 0.702881 0.652588
vt 0.697021 0.652832
vt 0.700928 0.648193
vt 0.715576 0.655273
vt 0.719238 0.638184
vt 0.704346 0.634766
vt 0.707520 0.627441
vt 0.714600 0.612305
vt 0.706543 0.612793
vt 0.719727 0.604492
vt 0.703125 0.596924
vt 0.748535 0.584473
vt 0.719238 0.576416
vt 0.752441 0.570312
vt 0.736572 0.538330
vt 0.780029 0.567871
vt 0.776123 0.580811
vt 0.781982 0.568848
vt 0.782471 0.520020
vt 0.786621 0.569092
vt 0.799805 0.543701
vt 0.809814 0.567383
vt 0.829590 0.542236
vt 0.030518 0.127197
vt 0.053467 0.120850
vt 0.046631 0.131836
vt 0.036377 0.116211
vt 0.047852 0.107910
vt 0.064209 0.127686
vt 0.059814 0.140137
vt 0.059570 0.112549
vt 0.053955 0.095215
vt 0.080078 0.136719
vt 0.073975 0.119141
vt 0.100830 0.170166
vt 0.067383 0.101318
vt 0.115234 0.169678
vt 0.108643 0.178955
vt 0.116455 0.159180
vt 0.095215 0.146484
vt 0.087402 0.124512
vt 0.080566 0.105469
vt 0.120117 0.143311
vt 0.135010 0.152588
vt 0.102539 0.133057
vt 0.096680 0.110596
vt 0.130859 0.128174
vt 0.151855 0.141357
vt 0.113281 0.118164
vt 0.157715 0.117676
vt 0.138672 0.110107
vt 0.118652 0.101807
vt 0.099609 0.095215
vt 0.141602 0.098145
vt 0.119873 0.090576
vt 0.085449 0.091797
vt 0.088867 0.082031
vt 0.071777 0.086914
vt 0.057861 0.084473
vt 0.073730 0.078125
vt 0.060791 0.074707
vt 0.076660 0.067139
vt 0.064453 0.064697
vt 0.088867 0.069824
vt 0.124512 0.076416
vt 0.133789 0.060059
vt 0.150635 0.083740
vt 0.139648 0.080078
vt 0.150391 0.066406
vt 0.152588 0.074707
vt 0.164307 0.070068
vt 0.172852 0.087646
vt 0.154785 0.101074
vt 0.163086 0.107666
vt 0.165039 0.116943
vt 0.194824 0.074951
vt 0.225098 0.072510
vt 0.206543 0.058594
vt 0.202881 0.085693
vt 0.185791 0.094971
vt 0.205811 0.095459
vt 0.176514 0.103760
vt 0.187744 0.098145
vt 0.198486 0.108887
vt 0.561035 0.768555
vt 0.553955 0.781006
vt 0.554688 0.763428
vt 0.549805 0.772461
vt 0.561768 0.786133
vt 0.569092 0.771729
vt 0.544189 0.771973
vt 0.551025 0.763916
vt 0.539551 0.760742
vt 0.537842 0.769287
vt 0.544922 0.784912
vt 0.536621 0.780762
vt 0.552979 0.798340
vt 0.543945 0.797119
vt 0.535400 0.794922
vt 0.540527 0.814941
vt 0.532471 0.806885
vt 0.526123 0.819336
vt 0.551758 0.809326
vt 0.558350 0.822266
vt 0.550049 0.825195
vt 0.538574 0.824951
vt 0.524658 0.833252
vt 0.534912 0.834229
vt 0.546387 0.841797
vt 0.556152 0.847168
vt 0.550293 0.861572
vt 0.567139 0.853027
vt 0.568115 0.834717
vt 0.568848 0.816162
vt 0.579590 0.820312
vt 0.569580 0.802002
vt 0.570068 0.788330
vt 0.576904 0.776611
vt 0.580566 0.790771
vt 0.588867 0.776367
vt 0.580566 0.803955
vt 0.591064 0.793213
vt 0.598389 0.780029
vt 0.592773 0.805176
vt 0.601807 0.794189
vt 0.609863 0.778320
vt 0.612793 0.789795
vt 0.606201 0.807129
vt 0.616699 0.804443
vt 0.594482 0.821777
vt 0.609863 0.821777
vt 0.634277 0.845215
vt 0.580322 0.840088
vt 0.596436 0.839355
vt 0.616699 0.842041
vt 0.580566 0.855713
vt 0.599121 0.856689
vt 0.628418 0.858887
vt 0.638672 0.856934
vt 0.620605 0.862549
vt 0.632080 0.868896
vt 0.655273 0.869141
vt 0.646240 0.854736
vt 0.622070 0.875977
vt 0.606689 0.864258
vt 0.599609 0.864502
vt 0.602539 0.867920
vt 0.580322 0.864990
vt 0.572510 0.864258
vt 0.574951 0.872314
vt 0.563721 0.864014
vt 0.562256 0.869873
vt 0.530518 0.877441
vt 0.571533 0.879639
vt 0.590088 0.879639
vt 0.604980 0.880615
vt 0.592529 0.905518
vt 0.553223 0.877686
vt 0.566162 0.907471
vt 0.549316 0.897949
vt 0.606445 0.897949
vt 0.593506 0.931641
vt 0.608154 0.916992
vt 0.629395 0.890137
vt 0.635010 0.875000
vt 0.635986 0.919678
vt 0.647461 0.900391
vt 0.668701 0.910400
vt 0.655029 0.914795
vt 0.610107 0.926270
vt 0.654785 0.917480
vt 0.624512 0.925781
vt 0.662354 0.885498
vt 0.676025 0.913818
vt 0.692383 0.904541
vt 0.657471 0.945312
vt 0.694824 0.905518
vt 0.684326 0.937012
vt 0.637207 0.968506
vt 0.660645 0.972168
vt 0.700684 0.940430
vt 0.623535 0.991943
vt 0.700928 0.974609
vt 0.683350 0.993164
vt 0.711670 0.936768
vt 0.619385 0.976074
vt 0.718018 0.961670
vt 0.606445 0.980713
vt 0.613770 0.942627
vt 0.708740 0.898926
vt 0.707520 0.895020
vt 0.717285 0.895752
vt 0.611084 0.928711
vt 0.595459 0.960693
vt 0.597900 0.932373
vt 0.583984 0.936768
vt 0.575439 0.938721
vt 0.573730 0.985840
vt 0.574219 0.986328
vt 0.560791 0.927246
vt 0.559570 0.930664
vt 0.527588 0.924561
vt 0.564697 0.955811
vt 0.552979 0.973389
vt 0.548096 0.994873
vt 0.520508 0.948975
vt 0.521484 0.999512
vt 0.510010 0.929443
vt 0.510010 0.971191
vt 0.508057 0.951416
vt 0.469238 0.967285
vt 0.482422 0.996338
vt 0.506104 0.940430
vt 0.490234 0.944092
vt 0.465332 0.951416
vt 0.509521 0.927002
vt 0.523926 0.890625
vt 0.495605 0.873535
vt 0.511963 0.895264
vt 0.476562 0.919434
vt 0.667969 0.866699
vt 0.658203 0.857910
vt 0.654297 0.851318
vt 0.681152 0.857666
vt 0.666748 0.841797
vt 0.682617 0.891846
vt 0.697266 0.876709
vt 0.715576 0.842773
vt 0.699707 0.860352
vt 0.708252 0.868896
vt 0.718506 0.881592
vt 0.716797 0.894043
vt 0.731934 0.885498
vt 0.730957 0.888428
vt 0.729492 0.915283
vt 0.721680 0.932373
vt 0.726318 0.944824
vt 0.755127 0.924805
vt 0.745117 0.964600
vt 0.089355 0.230713
vt 0.101074 0.221191
vt 0.099121 0.234375
vt 0.090576 0.218506
vt 0.102051 0.218750
vt 0.079102 0.215576
vt 0.076416 0.228760
vt 0.094971 0.206055
vt 0.064209 0.225342
vt 0.104492 0.211182
vt 0.082031 0.202637
vt 0.065430 0.211426
vt 0.046631 0.222656
vt 0.071533 0.204346
vt 0.055908 0.192871
vt 0.048096 0.207275
vt 0.030273 0.218506
vt 0.032959 0.203857
vt 0.035889 0.186035
vt 0.028809 0.181152
vt 0.032959 0.171143
vt 0.046875 0.176758
vt 0.039307 0.164551
vt 0.062988 0.183838
vt 0.054443 0.162598
vt 0.044434 0.157959
vt 0.085449 0.193359
vt 0.092041 0.184814
vt 0.097168 0.197510
vt 0.103760 0.189941
vt 0.099609 0.199219
vt 0.108398 0.202637
vt 0.112793 0.194580
vt 0.077637 0.304443
vt 0.045410 0.309082
vt 0.046143 0.299805
vt 0.006348 0.301025
vt 0.062500 0.321533
vt 0.037842 0.330078
vt 0.072754 0.332520
vt 0.058105 0.336182
vt 0.043701 0.333984
vt 0.055908 0.348633
vt 0.036133 0.349854
vt 0.028076 0.354248
vt 0.030273 0.363281
vt 0.047607 0.359863
vt 0.060547 0.357422
vt 0.035645 0.378662
vt 0.052246 0.377930
vt 0.884033 0.933350
vt 0.896729 0.915771
vt 0.900879 0.936279
vt 0.892822 0.983643
vt 0.854980 0.967285
vt 0.865234 0.900879
vt 0.857422 0.946533
vt 0.875244 0.882324
vt 0.906006 0.890869
vt 0.882812 0.862793
vt 0.914307 0.871826
vt 0.892578 0.828613
vt 0.850342 0.856445
vt 0.858398 0.842773
vt 0.869141 0.824951
vt 0.836914 0.888428
vt 0.813477 0.814209
vt 0.824951 0.851318
vt 0.833008 0.885986
vt 0.805176 0.854492
vt 0.795898 0.878418
vt 0.783203 0.913330
vt 0.854736 0.784668
vt 0.822021 0.803223
vt 0.820557 0.782715
vt 0.841064 0.769531
vt 0.817383 0.935303
vt 0.809326 0.933350
vt 0.778320 0.920166
vt 0.800293 0.963379
vt 0.761475 0.941895
vt 0.843018 0.953125
vt 0.834717 0.988281
vt 0.866943 0.998535
vt 0.855957 0.748779
vt 0.836426 0.737305
vt 0.858643 0.785400
vt 0.888184 0.734619
vt 0.901611 0.765869
vt 0.889160 0.791748
vt 0.888184 0.811768
vt 0.903076 0.786133
vt 0.920898 0.812744
vt 0.617432 0.004883
vt 0.602539 0.001221
vt 0.624756 0.000244
vt 0.603271 0.016113
vt 0.106201 0.957275
vt 0.097412 0.955811
vt 0.104980 0.947266
vt 0.094971 0.959229
vt 0.086426 0.967285
vt 0.093506 0.950439
vt 0.074463 0.968994
vt 0.072754 0.975098
vt 0.062988 0.938477
vt 0.043701 0.951904
vt 0.062744 0.982910
vt 0.090820 0.935791
vt 0.056152 0.923584
vt 0.069336 0.985596
vt 0.091064 0.912598
vt 0.125244 0.923096
vt 0.068848 0.911377
vt 0.051758 0.908691
vt 0.071045 0.892822
vt 0.093750 0.887451
vt 0.083740 0.913330
vt 0.076172 0.899902
vt 0.082275 0.874756
vt 0.110107 0.834473
vt 0.064209 0.995117
vt 0.062256 0.995117
vt 0.064453 0.995605
vt 0.067139 0.992188
vt 0.064941 0.996582
vt 0.067627 0.992920
vt 0.068848 0.995850
vt 0.323975 0.035645
vt 0.337891 0.022949
vt 0.331299 0.039062
vt 0.326660 0.008545
vt 0.344727 0.018555
vt 0.349121 0.010498
vt 0.351562 0.030518
vt 0.358398 0.010498
vt 0.367432 0.024414
vt 0.369629 0.037598
vt 0.937500 0.496826
vt 0.971436 0.519043
vt 0.945557 0.526855
vt 0.899414 0.540771
vt 0.888672 0.512451
vt 0.859619 0.547363
vt 0.851807 0.521484
vt 0.884766 0.546631
vt 0.937744 0.543213
vt 0.957031 0.553223
vt 0.872314 0.564941
vt 0.863037 0.557373
vt 0.908936 0.586426
vt 0.968262 0.578857
vt 0.968750 0.578613
vt 0.925049 0.587158
vt 0.907227 0.590332
vt 0.889404 0.592529
vt 0.864258 0.595459
vt 0.886719 0.622070
vt 0.866943 0.621094
vt 0.910645 0.623779
vt 0.885498 0.636963
vt 0.928467 0.610352
vt 0.976074 0.610596
vt 0.962158 0.621826
vt 0.918457 0.655273
vt 0.976562 0.659180
vt 0.941162 0.656738
vt 0.958984 0.695068
vt 0.897217 0.652832
vt 0.866455 0.649170
vt 0.873047 0.663330
vt 0.942871 0.694092
vt 0.957520 0.713867
vt 0.913574 0.690918
vt 0.895752 0.687500
vt 0.854492 0.676025
vt 0.879639 0.682617
vt 0.923340 0.700439
vt 0.909180 0.706543
vt 0.937012 0.738770
vt 0.933594 0.738281
vt 0.883301 0.721191
vt 0.874268 0.697998
vt 0.850586 0.709473
vt 0.925537 0.877197
vt 0.951416 0.906006
vt 0.916260 0.898193
vt 0.934082 0.864990
vt 0.922607 0.910645
vt 0.951172 0.918213
vt 0.929932 0.921143
vt 0.913818 0.916748
vt 0.909912 0.921387
vt 0.924805 0.932861
vt 0.951660 0.923096
vt 0.966064 0.919678
vt 0.937012 0.949951
vt 0.904297 0.961182
vt 0.972168 0.924561
vt 0.964600 0.933105
vt 0.972412 0.920898
vt 0.974365 0.923096
vt 0.417480 0.114746
vt 0.435791 0.126953
vt 0.431885 0.133057
vt 0.451416 0.128906
vt 0.437744 0.121338
vt 0.410400 0.121582
vt 0.400391 0.111328
vt 0.433838 0.141846
vt 0.401367 0.129639
vt 0.443848 0.140381
vt 0.385742 0.139404
vt 0.456299 0.150391
vt 0.390625 0.122559
vt 0.380127 0.109375
vt 0.472900 0.145020
vt 0.466553 0.162354
vt 0.461182 0.138428
vt 0.472900 0.136719
vt 0.464600 0.119385
vt 0.448242 0.121094
vt 0.442627 0.111816
vt 0.474365 0.097412
vt 0.482666 0.102295
vt 0.480469 0.085205
vt 0.468506 0.090332
vt 0.423340 0.110107
vt 0.437012 0.104004
vt 0.474365 0.064697
vt 0.498535 0.060059
vt 0.458008 0.081299
vt 0.410889 0.105469
vt 0.422363 0.100342
vt 0.433838 0.089844
vt 0.457520 0.069092
vt 0.398193 0.097168
vt 0.409668 0.095215
vt 0.382568 0.092529
vt 0.458008 0.048096
vt 0.391357 0.081543
vt 0.383545 0.068604
vt 0.409424 0.087891
vt 0.422852 0.090576
vt 0.405518 0.078369
vt 0.422363 0.083252
vt 0.406982 0.064697
vt 0.396240 0.062256
vt 0.395996 0.056885
vt 0.405518 0.047119
vt 0.410645 0.050537
vt 0.424316 0.054199
vt 0.427002 0.041260
vt 0.422363 0.033936
vt 0.448730 0.036377
vt 0.424805 0.069824
vt 0.436768 0.066162
vt 0.433105 0.080811
vt 0.058350 0.725098
vt 0.055664 0.722168
vt 0.056641 0.706299
vt 0.044434 0.734375
vt 0.045654 0.717041
vt 0.026611 0.730225
vt 0.051270 0.744141
vt 0.051514 0.765137
vt 0.069092 0.742920
vt 0.041992 0.758545
vt 0.032959 0.754150
vt 0.017822 0.747803
vt 0.068115 0.773193
vt 0.020020 0.759766
vt 0.000000 0.747070
vt 0.026367 0.766357
vt 0.013672 0.767090
vt 0.029297 0.776611
vt 0.038330 0.772461
vt 0.045410 0.784912
vt 0.029297 0.797119
vt 0.056885 0.789062
vt 0.045166 0.796143
vt 0.069092 0.793213
vt 0.079590 0.785645
vt 0.055908 0.802734
vt 0.036621 0.805176
vt 0.020996 0.816162
vt 0.079346 0.800049
vt 0.084961 0.793213
vt 0.089844 0.789307
vt 0.038818 0.810791
vt 0.042236 0.821533
vt 0.032959 0.833252
vt 0.054688 0.818115
vt 0.076416 0.811279
vt 0.052979 0.831787
vt 0.070312 0.820557
vt 0.079102 0.819580
vt 0.067871 0.830811
vt 0.065674 0.844238
vt 0.046875 0.836182
vt 0.027832 0.843018
vt 0.052490 0.844238
vt 0.053955 0.862061
vt 0.041016 0.849365
vt 0.022217 0.861816
vt 0.098145 0.807617
vt 0.098877 0.814697
vt 0.098145 0.823486
vt 0.091553 0.802490
vt 0.111572 0.811523
vt 0.123291 0.812256
vt 0.104980 0.803711
vt 0.104492 0.796631
vt 0.115723 0.804199
vt 0.111816 0.797852
vt 0.111084 0.792725
vt 0.095947 0.785156
vt 0.120850 0.788330
vt 0.119141 0.796387
vt 0.125244 0.799805
vt 0.706543 0.156982
vt 0.710938 0.159668
vt 0.698242 0.174561
vt 0.728271 0.168945
vt 0.717041 0.144775
vt 0.728516 0.154785
vt 0.707764 0.140381
vt 0.747314 0.154541
vt 0.729736 0.137939
vt 0.720459 0.122314
vt 0.741943 0.179199
vt 0.739990 0.194580
vt 0.751709 0.197510
vt 0.757324 0.182373
vt 0.763428 0.200195
vt 0.750732 0.124023
vt 0.738037 0.098877
vt 0.727539 0.094482
vt 0.728027 0.076904
vt 0.758057 0.077637
vt 0.710205 0.114502
vt 0.717773 0.084229
vt 0.769531 0.095215
vt 0.703613 0.113037
vt 0.696045 0.139893
vt 0.709961 0.080811
vt 0.694580 0.113525
vt 0.692627 0.093750
vt 0.761475 0.130127
vt 0.776367 0.125000
vt 0.781738 0.093018
vt 0.789551 0.124756
vt 0.785400 0.128906
vt 0.778809 0.147461
vt 0.760742 0.152344
vt 0.770996 0.142334
vt 0.768066 0.165283
vt 0.775635 0.197021
vt 0.777588 0.159912
vt 0.787842 0.174561
vt 0.787598 0.194092
vt 0.106689 0.289307
vt 0.123047 0.305176
vt 0.100830 0.287842
vt 0.099121 0.304199
vt 0.077637 0.289062
vt 0.083740 0.273682
vt 0.080811 0.279297
vt 0.105469 0.275391
vt 0.072266 0.271973
vt 0.068115 0.290527
vt 0.090820 0.269043
vt 0.112061 0.261719
vt 0.087158 0.264648
vt 0.098145 0.250244
vt 0.102295 0.242676
vt 0.090820 0.251709
vt 0.083008 0.257568
vt 0.078613 0.260986
vt 0.060303 0.278320
vt 0.067139 0.266846
vt 0.068115 0.244873
vt 0.063965 0.264404
vt 0.059570 0.245361
vt 0.051758 0.245605
vt 0.051025 0.264648
vt 0.046143 0.277344
vt 0.046143 0.281982
vt 0.038574 0.276123
vt 0.035645 0.281982
vt 0.848633 0.268555
vt 0.851074 0.257324
vt 0.857666 0.274414
vt 0.842773 0.289307
vt 0.838623 0.276611
vt 0.844971 0.260986
vt 0.832031 0.270020
vt 0.839600 0.249023
vt 0.824707 0.297607
vt 0.812500 0.301270
vt 0.803955 0.332764
vt 0.822266 0.328857
vt 0.847900 0.304199
vt 0.808350 0.356934
vt 0.830566 0.349121
vt 0.789551 0.362061
vt 0.780518 0.356689
vt 0.767334 0.367676
vt 0.802979 0.378418
vt 0.823486 0.372314
vt 0.838135 0.365723
vt 0.831787 0.388916
vt 0.843750 0.386719
vt 0.853760 0.312256
vt 0.853516 0.353760
vt 0.864746 0.366943
vt 0.856934 0.391846
vt 0.864258 0.281250
vt 0.863525 0.263672
vt 0.868896 0.275146
vt 0.873291 0.288330
vt 0.877930 0.264893
vt 0.863770 0.314941
vt 0.867188 0.340332
vt 0.882324 0.291504
vt 0.890381 0.273438
vt 0.875000 0.315430
vt 0.897949 0.285156
vt 0.887207 0.331543
vt 0.896973 0.298096
vt 0.907959 0.289795
vt 0.911377 0.277588
vt 0.915039 0.283936
vt 0.877686 0.375244
vt 0.870361 0.395508
vt 0.883057 0.386963
vt 0.915527 0.295410
vt 0.927979 0.285400
vt 0.906250 0.300537
vt 0.914307 0.301514
vt 0.894775 0.330811
vt 0.891846 0.362061
vt 0.903076 0.327148
vt 0.890381 0.389404
vt 0.887451 0.403809
vt 0.903320 0.357910
vt 0.913818 0.321533
vt 0.900146 0.389648
vt 0.898193 0.413818
vt 0.916748 0.389404
vt 0.919434 0.412598
vt 0.930664 0.416504
vt 0.926270 0.304199
vt 0.939209 0.284668
vt 0.938721 0.297363
vt 0.923340 0.362061
vt 0.937988 0.340088
vt 0.945801 0.304199
vt 0.959229 0.284424
vt 0.956543 0.302246
vt 0.959717 0.345459
vt 0.931396 0.362793
vt 0.945068 0.345703
vt 0.928467 0.398926
vt 0.936523 0.408447
vt 0.939209 0.376709
vt 0.952637 0.395508
vt 0.950928 0.420410
vt 0.970703 0.376953
vt 0.958984 0.402100
vt 0.143311 0.360107
vt 0.136963 0.368652
vt 0.129883 0.361816
vt 0.144531 0.369629
vt 0.125000 0.367920
vt 0.138184 0.378906
vt 0.151611 0.371826
vt 0.143799 0.383789
vt 0.157715 0.377930
vt 0.149658 0.391846
vt 0.164795 0.383545
vt 0.125977 0.394775
vt 0.126953 0.382568
vt 0.123291 0.377197
vt 0.120850 0.389648
vt 0.132568 0.401855
vt 0.118164 0.377441
vt 0.114258 0.377197
vt 0.111328 0.385010
vt 0.108887 0.405273
vt 0.105469 0.392822
vt 0.106934 0.377441
vt 0.103760 0.382080
vt 0.110840 0.374756
vt 0.094971 0.393066
vt 0.115967 0.366211
vt 0.104980 0.363525
vt 0.097412 0.374023
vt 0.119385 0.359375
vt 0.125244 0.347656
vt 0.112793 0.354004
vt 0.106201 0.355225
vt 0.108887 0.347412
vt 0.113525 0.339355
vt 0.093018 0.366455
vt 0.099609 0.350830
vt 0.102783 0.343018
vt 0.107422 0.335449
vt 0.099121 0.338379
vt 0.095703 0.346436
vt 0.089600 0.358643
vt 0.083252 0.368652
vt 0.084961 0.357422
vt 0.090576 0.342285
vt 0.094482 0.333740
vt 0.083496 0.351562
vt 0.089844 0.315918
vt 0.086182 0.338379
vt 0.085693 0.375488
vt 0.076660 0.373535
vt 0.072021 0.390625
vt 0.067627 0.383545
vt 0.091309 0.381592
vt 0.080078 0.392822
vt 0.064941 0.385010
vt 0.086914 0.401611
vt 0.069580 0.391602
vt 0.065918 0.395020
vt 0.041260 0.392090
vt 0.071289 0.395752
vt 0.074707 0.397217
vt 0.079346 0.402832
vt 0.072021 0.400635
vt 0.086426 0.411133
vt 0.073975 0.407227
vt 0.068604 0.405273
vt 0.049805 0.400879
vt 0.029053 0.410156
vt 0.097168 0.406738
vt 0.043457 0.418701
vt 0.036133 0.424561
vt 0.055176 0.411865
vt 0.050537 0.437500
vt 0.041260 0.440674
vt 0.028320 0.429688
vt 0.056885 0.432617
vt 0.044434 0.446533
vt 0.037842 0.455811
vt 0.051514 0.442139
vt 0.066162 0.418701
vt 0.049561 0.467773
vt 0.071777 0.410400
vt 0.072021 0.420898
vt 0.079346 0.417969
vt 0.082031 0.432373
vt 0.057129 0.458984
vt 0.089844 0.415283
vt 0.093750 0.425293
vt 0.097412 0.422607
vt 0.084229 0.427734
vt 0.088867 0.432129
vt 0.096436 0.437744
vt 0.115479 0.410889
vt 0.104248 0.428711
vt 0.113525 0.425537
vt 0.109619 0.432617
vt 0.123047 0.424561
vt 0.119385 0.439453
vt 0.112549 0.443848
vt 0.124268 0.442627
vt 0.114258 0.451660
vt 0.103027 0.444824
vt 0.092285 0.444580
vt 0.112549 0.457275
vt 0.122559 0.456299
vt 0.107422 0.457520
vt 0.098145 0.476318
vt 0.064209 0.450928
vt 0.081055 0.458740
vt 0.074219 0.468506
vt 0.067871 0.481689
vt 0.122803 0.462646
vt 0.091064 0.494141
vt 0.110596 0.492432
vt 0.086426 0.500488
vt 0.062012 0.495117
vt 0.098145 0.500732
vt 0.089111 0.521240
vt 0.103027 0.503906
vt 0.106689 0.507568
vt 0.106934 0.518066
vt 0.111328 0.499512
vt 0.114258 0.513916
vt 0.125488 0.507812
vt 0.116943 0.493652
vt 0.128418 0.501953
vt 0.135254 0.480469
vt 0.136475 0.464111
vt 0.142090 0.488037
vt 0.142578 0.500488
vt 0.158203 0.488281
vt 0.158203 0.473389
vt 0.171875 0.481201
vt 0.169678 0.457520
vt 0.148438 0.459229
vt 0.157227 0.458008
vt 0.156494 0.455811
vt 0.166748 0.452393
vt 0.137451 0.458252
vt 0.145752 0.456055
vt 0.157227 0.450439
vt 0.171387 0.436279
vt 0.152588 0.449707
vt 0.133057 0.447510
vt 0.165283 0.427734
vt 0.171631 0.427734
vt 0.169922 0.416992
vt 0.151611 0.434326
vt 0.162354 0.423096
vt 0.165283 0.412354
vt 0.153564 0.426758
vt 0.145508 0.434570
vt 0.156494 0.414551
vt 0.148193 0.424316
vt 0.138916 0.448242
vt 0.140625 0.429199
vt 0.130127 0.445557
vt 0.129883 0.435791
vt 0.132324 0.420898
vt 0.139160 0.411865
vt 0.148193 0.409668
vt 0.153564 0.397461
vt 0.158447 0.407227
vt 0.163330 0.395020
vt 0.173340 0.380859
vt 0.168213 0.394043
vt 0.173584 0.403320
vt 0.179932 0.389404
vt 0.057129 0.473633
vt 0.049561 0.472412
vt 0.044922 0.494629
vt 0.049561 0.468506
vt 0.040771 0.474365
vt 0.032715 0.484375
vt 0.034424 0.479248
vt 0.597412 0.105225
vt 0.593994 0.127686
vt 0.573730 0.101318
vt 0.622314 0.128662
vt 0.634521 0.106445
vt 0.640869 0.110352
vt 0.662842 0.114990
vt 0.650391 0.135986
vt 0.633545 0.130615
vt 0.610352 0.153564
vt 0.625488 0.148193
vt 0.642334 0.155029
vt 0.624023 0.155273
vt 0.624512 0.157471
vt 0.642578 0.155518
vt 0.643555 0.159668
vt 0.624756 0.164062
vt 0.652588 0.183838
vt 0.628418 0.187256
vt 0.609375 0.162842
vt 0.611084 0.179443
vt 0.612061 0.193604
vt 0.631836 0.197754
vt 0.629639 0.212402
vt 0.598633 0.195068
vt 0.605957 0.206055
vt 0.593506 0.173584
vt 0.578125 0.205078
vt 0.574951 0.165039
vt 0.592041 0.162109
vt 0.590088 0.155273
vt 0.591797 0.144287
vt 0.573486 0.154297
vt 0.557129 0.202637
vt 0.572754 0.125000
vt 0.562256 0.165039
vt 0.559326 0.153809
vt 0.552490 0.125488
vt 0.545654 0.098389
vt 0.569824 0.085205
vt 0.547363 0.102539
vt 0.534180 0.092041
vt 0.528809 0.125000
vt 0.517822 0.102539
vt 0.497803 0.086426
vt 0.491699 0.111328
vt 0.501953 0.130615
vt 0.543945 0.137939
vt 0.515869 0.154297
vt 0.535156 0.153809
vt 0.535889 0.164551
vt 0.521729 0.157471
vt 0.532715 0.167480
vt 0.507812 0.169922
vt 0.519775 0.178223
vt 0.528809 0.187012
vt 0.535889 0.186523
vt 0.525879 0.202148
vt 0.535400 0.209229
vt 0.535645 0.213135
vt 0.545654 0.216309
vt 0.547607 0.222168
vt 0.543701 0.517334
vt 0.551270 0.503174
vt 0.553223 0.521729
vt 0.580811 0.497559
vt 0.543701 0.524170
vt 0.584961 0.540527
vt 0.565186 0.545654
vt 0.582764 0.572510
vt 0.567139 0.576660
vt 0.554932 0.546387
vt 0.580566 0.575684
vt 0.540771 0.546631
vt 0.555664 0.582031
vt 0.565430 0.581299
vt 0.582275 0.585205
vt 0.591064 0.579346
vt 0.574951 0.588623
vt 0.584961 0.597168
vt 0.592041 0.595947
vt 0.578613 0.601074
vt 0.589600 0.599365
vt 0.582520 0.603760
vt 0.580811 0.607178
vt 0.566162 0.591064
vt 0.555176 0.589111
vt 0.574951 0.606934
vt 0.575195 0.612549
vt 0.571289 0.604004
vt 0.556641 0.601074
vt 0.569580 0.609863
vt 0.566895 0.613281
vt 0.547852 0.598389
vt 0.554688 0.607422
vt 0.542236 0.598633
vt 0.545654 0.603760
vt 0.555664 0.615967
vt 0.564209 0.617920
vt 0.543457 0.611572
vt 0.534668 0.621094
vt 0.577393 0.618896
vt 0.562500 0.621582
vt 0.542725 0.576660
vt 0.531494 0.595215
vt 0.530762 0.572510
vt 0.523682 0.544189
vt 0.527588 0.536865
vt 0.527344 0.525146
vt 0.511963 0.543945
vt 0.514404 0.529297
vt 0.510010 0.566650
vt 0.507568 0.587158
vt 0.507324 0.566162
vt 0.497070 0.544922
vt 0.494629 0.564697
vt 0.506592 0.577637
vt 0.509277 0.612549
vt 0.505859 0.587158
vt 0.499756 0.609619
vt 0.486572 0.581299
vt 0.488037 0.561523
vt 0.497559 0.607666
vt 0.467529 0.595703
vt 0.508545 0.630127
vt 0.496094 0.625977
vt 0.483398 0.619629
vt 0.467529 0.613525
vt 0.468018 0.630615
vt 0.502197 0.630859
vt 0.488037 0.636963
vt 0.481934 0.647217
vt 0.465576 0.642090
vt 0.471680 0.646240
vt 0.475098 0.652100
vt 0.495605 0.661865
vt 0.483887 0.668945
vt 0.472168 0.658203
vt 0.468994 0.656982
vt 0.472656 0.665771
vt 0.472412 0.677979
vt 0.467529 0.697510
vt 0.488525 0.668457
vt 0.483398 0.680420
vt 0.504639 0.688477
vt 0.475830 0.690918
vt 0.479004 0.703125
vt 0.490479 0.690918
vt 0.487305 0.714600
vt 0.476807 0.716309
vt 0.498047 0.725342
vt 0.523193 0.669189
vt 0.518799 0.708496
vt 0.494629 0.733887
vt 0.469482 0.733398
vt 0.497070 0.755859
vt 0.475098 0.753174
vt 0.480713 0.775391
vt 0.510986 0.740723
vt 0.504883 0.735107
vt 0.520508 0.724609
vt 0.526611 0.716553
vt 0.528076 0.697266
vt 0.535645 0.709717
vt 0.535645 0.713135
vt 0.532227 0.691162
vt 0.540771 0.703125
vt 0.525146 0.677979
vt 0.526611 0.671875
vt 0.540283 0.687012
vt 0.545654 0.695557
vt 0.545166 0.680176
vt 0.533936 0.674805
vt 0.527100 0.665039
vt 0.526611 0.654785
vt 0.546631 0.670898
vt 0.554443 0.687500
vt 0.528564 0.658691
vt 0.518555 0.635742
vt 0.528564 0.638916
vt 0.530029 0.649414
vt 0.540283 0.656982
vt 0.533203 0.637695
vt 0.544189 0.647461
vt 0.552979 0.654541
vt 0.555664 0.671631
vt 0.564209 0.680176
vt 0.552246 0.661377
vt 0.561035 0.661621
vt 0.564209 0.664795
vt 0.558105 0.652588
vt 0.563232 0.652832
vt 0.551270 0.639648
vt 0.558594 0.636230
vt 0.561768 0.638428
vt 0.565674 0.632324
vt 0.545166 0.634766
vt 0.552734 0.629639
vt 0.558838 0.625977
vt 0.565918 0.626221
vt 0.547119 0.627441
vt 0.546387 0.620117
vt 0.538818 0.624268
vt 0.321045 0.443848
vt 0.325928 0.458740
vt 0.318604 0.457031
vt 0.311523 0.445801
vt 0.307617 0.456299
vt 0.332031 0.438232
vt 0.333496 0.455078
vt 0.323975 0.436035
vt 0.314453 0.432861
vt 0.340332 0.436768
vt 0.331055 0.429199
vt 0.321777 0.430420
vt 0.313477 0.428223
vt 0.319336 0.426758
vt 0.329834 0.423096
vt 0.342041 0.457764
vt 0.338379 0.427246
vt 0.334961 0.418457
vt 0.353271 0.441650
vt 0.346680 0.458984
vt 0.362305 0.447266
vt 0.345947 0.434814
vt 0.359131 0.433350
vt 0.351807 0.425781
vt 0.371338 0.443848
vt 0.368164 0.470459
vt 0.376465 0.465332
vt 0.343018 0.418213
vt 0.340576 0.410400
vt 0.365234 0.403809
vt 0.362549 0.414795
vt 0.382324 0.450928
vt 0.385010 0.466553
vt 0.368652 0.423340
vt 0.375977 0.418213
vt 0.374756 0.431396
vt 0.385986 0.438232
vt 0.382080 0.408691
vt 0.385498 0.423096
vt 0.372559 0.390381
vt 0.366211 0.390137
vt 0.391113 0.393799
vt 0.392578 0.384766
vt 0.392578 0.412598
vt 0.403076 0.403564
vt 0.396973 0.417236
vt 0.398926 0.392334
vt 0.396240 0.377441
vt 0.388916 0.377197
vt 0.413818 0.373047
vt 0.411865 0.355713
vt 0.405518 0.395508
vt 0.413818 0.403320
vt 0.426514 0.362061
vt 0.423584 0.347412
vt 0.437744 0.357422
vt 0.431396 0.372559
vt 0.421875 0.387451
vt 0.420654 0.411621
vt 0.429688 0.399170
vt 0.437012 0.385986
vt 0.450928 0.369873
vt 0.446045 0.401123
vt 0.455322 0.399658
vt 0.455322 0.357666
vt 0.445801 0.343018
vt 0.461426 0.354980
vt 0.463135 0.375000
vt 0.454834 0.406982
vt 0.448486 0.411621
vt 0.461914 0.414062
vt 0.470215 0.344727
vt 0.484619 0.352295
vt 0.482666 0.360596
vt 0.494629 0.357178
vt 0.492676 0.345459
vt 0.499268 0.357666
vt 0.483887 0.369873
vt 0.494385 0.364746
vt 0.495361 0.374512
vt 0.488770 0.374268
vt 0.486572 0.385254
vt 0.470947 0.381836
vt 0.483887 0.388428
vt 0.466797 0.383057
vt 0.481689 0.391113
vt 0.489014 0.396973
vt 0.466553 0.418945
vt 0.445068 0.424561
vt 0.447998 0.432129
vt 0.436035 0.429199
vt 0.429443 0.418945
vt 0.429688 0.440186
vt 0.418213 0.430176
vt 0.410400 0.421387
vt 0.404541 0.426758
vt 0.420410 0.440186
vt 0.426025 0.449707
vt 0.433838 0.451172
vt 0.414307 0.438721
vt 0.416748 0.449463
vt 0.419922 0.455078
vt 0.409668 0.444824
vt 0.402832 0.436523
vt 0.408447 0.455566
vt 0.395264 0.429199
vt 0.395996 0.438232
vt 0.387207 0.429688
vt 0.391113 0.449219
vt 0.398926 0.454590
vt 0.396973 0.466553
vt 0.392090 0.479248
vt 0.406250 0.486572
vt 0.408691 0.464355
vt 0.412598 0.482422
vt 0.412354 0.490723
vt 0.410156 0.500488
vt 0.414307 0.501221
vt 0.414551 0.464844
vt 0.416504 0.492920
vt 0.420654 0.464844
vt 0.750000 0.041260
vt 0.740723 0.043945
vt 0.746094 0.033447
vt 0.757568 0.043701
vt 0.753906 0.030762
vt 0.751221 0.047119
vt 0.751221 0.051514
vt 0.758301 0.050537
vt 0.756836 0.045410
vt 0.767822 0.039062
vt 0.762207 0.051758
vt 0.759277 0.052979
vt 0.764404 0.049561
vt 0.769775 0.050537
vt 0.764160 0.054199
vt 0.751221 0.052002
vt 0.768555 0.053711
vt 0.764893 0.056641
vt 0.773438 0.054932
vt 0.765625 0.060791
vt 0.773682 0.074219
vt 0.780762 0.071533
vt 0.779297 0.049072
vt 0.777100 0.040039
vt 0.775635 0.032227
vt 0.786621 0.038330
vt 0.790039 0.045898
vt 0.791504 0.037109
vt 0.797852 0.041748
vt 0.794189 0.065674
vt 0.785889 0.084229
vt 0.807373 0.043213
vt 0.811035 0.078857
vt 0.811035 0.087158
vt 0.823975 0.052246
vt 0.824463 0.037598
vt 0.828125 0.086426
vt 0.839355 0.061279
vt 0.840820 0.031006
vt 0.821045 0.096680
vt 0.834717 0.086914
vt 0.835205 0.095459
vt 0.831055 0.100830
vt 0.827637 0.112793
vt 0.641602 0.070068
vt 0.653809 0.052246
vt 0.665283 0.069824
vt 0.640137 0.057373
vt 0.634277 0.075928
vt 0.643555 0.084961
vt 0.624512 0.055908
vt 0.622070 0.074707
vt 0.612061 0.055908
vt 0.612793 0.074463
vt 0.610107 0.027588
vt 0.643311 0.031006
vt 0.668945 0.052979
vt 0.681885 0.030273
vt 0.680176 0.055908
vt 0.675049 0.082520
vt 0.649902 0.086670
vt 0.677734 0.071777
vt 0.696777 0.050049
vt 0.710938 0.031494
vt 0.671875 0.100098
vt 0.659424 0.103760
vt 0.675293 0.097168
vt 0.710693 0.048096
vt 0.727539 0.033447
vt 0.724609 0.049316
vt 0.711426 0.056885
vt 0.702881 0.061035
vt 0.699219 0.069580
vt 0.687500 0.077637
vt 0.688721 0.078613
vt 0.681152 0.085205
vt 0.681641 0.088135
vt 0.679688 0.088623
vt 0.682129 0.092285
vt 0.931885 0.104736
vt 0.935059 0.096191
vt 0.938477 0.107910
vt 0.922119 0.106445
vt 0.927979 0.099365
vt 0.941650 0.095947
vt 0.935059 0.092041
vt 0.939941 0.090332
vt 0.949951 0.093994
vt 0.949219 0.082520
vt 0.959229 0.087646
vt 0.934570 0.076904
vt 0.950928 0.076904
vt 0.938477 0.066162
vt 0.950684 0.102051
vt 0.965820 0.099854
vt 0.930420 0.075684
vt 0.927246 0.068115
vt 0.955078 0.114746
vt 0.966553 0.111816
vt 0.937500 0.120361
vt 0.913330 0.079590
vt 0.916260 0.061035
vt 0.920410 0.085938
vt 0.907227 0.082520
vt 0.910889 0.061523
vt 0.912109 0.088135
vt 0.922852 0.096191
vt 0.903320 0.086426
vt 0.913818 0.094482
vt 0.921631 0.099854
vt 0.918701 0.104980
vt 0.912598 0.098389
vt 0.906250 0.097412
vt 0.917725 0.108643
vt 0.923096 0.112305
vt 0.896240 0.103516
vt 0.938477 0.112793
vt 0.927246 0.113281
vt 0.894043 0.086914
vt 0.884033 0.117676
vt 0.872559 0.119385
vt 0.872314 0.104004
vt 0.847412 0.121826
vt 0.847900 0.106934
vt 0.869873 0.086670
vt 0.844238 0.084473
vt 0.865967 0.071533
vt 0.892578 0.069092
vt 0.906250 0.053223
vt 0.896973 0.050293
vt 0.883057 0.063965
vt 0.878174 0.049072
vt 0.860352 0.051025
vt 0.429932 0.338379
vt 0.422852 0.320312
vt 0.450439 0.326416
vt 0.441895 0.311523
vt 0.430420 0.309082
vt 0.416748 0.297852
vt 0.430420 0.292480
vt 0.414307 0.281250
vt 0.451660 0.304199
vt 0.469238 0.303955
vt 0.445801 0.280273
vt 0.424072 0.276611
vt 0.413086 0.261963
vt 0.459473 0.295166
vt 0.480469 0.280762
vt 0.434570 0.266357
vt 0.457275 0.263184
vt 0.471924 0.273438
vt 0.475830 0.264893
vt 0.489258 0.267822
vt 0.464600 0.249268
vt 0.444824 0.248047
vt 0.477783 0.254395
vt 0.489990 0.257324
vt 0.478516 0.237549
vt 0.490234 0.238525
vt 0.469238 0.235596
vt 0.451416 0.237793
vt 0.466309 0.230713
vt 0.486572 0.213379
vt 0.502930 0.236328
vt 0.470215 0.217285
vt 0.452637 0.222168
vt 0.500000 0.182129
vt 0.503174 0.203369
vt 0.481689 0.190430
vt 0.499512 0.180908
vt 0.464111 0.196289
vt 0.482178 0.185791
vt 0.495361 0.160889
vt 0.479004 0.169678
vt 0.465820 0.192871
vt 0.464600 0.176758
vt 0.448975 0.186768
vt 0.455322 0.200928
vt 0.453125 0.199707
vt 0.447998 0.211426
vt 0.444824 0.206299
vt 0.446533 0.199219
vt 0.437744 0.190430
vt 0.441650 0.177734
vt 0.427246 0.167480
vt 0.435791 0.203125
vt 0.425781 0.184326
vt 0.409180 0.176270
vt 0.408203 0.158691
vt 0.419678 0.192627
vt 0.394775 0.176514
vt 0.415039 0.191162
vt 0.385010 0.156982
vt 0.382080 0.172607
vt 0.359131 0.183105
vt 0.375488 0.190186
vt 0.354248 0.217529
vt 0.369629 0.214600
vt 0.366455 0.234619
vt 0.389404 0.193115
vt 0.380127 0.213867
vt 0.378662 0.230713
vt 0.388916 0.246338
vt 0.398682 0.241211
vt 0.407227 0.251709
vt 0.383789 0.227783
vt 0.399902 0.239014
vt 0.393311 0.220215
vt 0.405273 0.226318
vt 0.397705 0.216797
vt 0.409668 0.235596
vt 0.416992 0.246338
vt 0.412354 0.253174
vt 0.428223 0.229004
vt 0.427002 0.239746
vt 0.419434 0.247559
vt 0.419189 0.255127
vt 0.423340 0.251709
vt 0.435303 0.236572
vt 0.434082 0.231445
vt 0.447754 0.224121
vt 0.437988 0.223145
vt 0.430664 0.227539
vt 0.442139 0.214111
vt 0.436768 0.204590
vt 0.426025 0.214844
vt 0.423584 0.202881
vt 0.413086 0.204834
vt 0.415771 0.220215
vt 0.410156 0.206299
vt 0.692871 0.608643
vt 0.674805 0.617188
vt 0.684326 0.600586
vt 0.666260 0.616211
vt 0.668945 0.600098
vt 0.685547 0.588867
vt 0.682373 0.581543
vt 0.679443 0.578613
vt 0.656006 0.627441
vt 0.669922 0.580811
vt 0.671631 0.571289
vt 0.662598 0.601807
vt 0.659180 0.576660
vt 0.668457 0.561035
vt 0.676270 0.627441
vt 0.692627 0.615479
vt 0.656250 0.617920
vt 0.673828 0.641602
vt 0.653564 0.626953
vt 0.679688 0.638672
vt 0.688721 0.628906
vt 0.687012 0.640381
vt 0.682617 0.643311
vt 0.672363 0.660645
vt 0.680420 0.659180
vt 0.677002 0.667725
vt 0.653809 0.638672
vt 0.667725 0.652832
vt 0.670898 0.670166
vt 0.676758 0.676758
vt 0.663818 0.664062
vt 0.653320 0.650879
vt 0.648926 0.649170
vt 0.653320 0.666748
vt 0.667969 0.677490
vt 0.660400 0.670654
vt 0.677490 0.682861
vt 0.683350 0.681641
vt 0.663330 0.682373
vt 0.687744 0.687988
vt 0.679932 0.686768
vt 0.664062 0.688965
vt 0.653320 0.685303
vt 0.681152 0.693359
vt 0.687744 0.691650
vt 0.683838 0.698730
vt 0.690674 0.697998
vt 0.664795 0.695801
vt 0.655762 0.694092
vt 0.650391 0.692627
vt 0.662598 0.708496
vt 0.654053 0.702148
vt 0.647705 0.667236
vt 0.646240 0.716309
vt 0.632812 0.681152
vt 0.638672 0.695068
vt 0.612793 0.671143
vt 0.613037 0.694336
vt 0.640625 0.658936
vt 0.633789 0.648438
vt 0.614014 0.652832
vt 0.636475 0.639648
vt 0.622559 0.613525
vt 0.642090 0.593262
vt 0.621338 0.595459
vt 0.628662 0.582275
vt 0.640625 0.555908
vt 0.621094 0.566650
vt 0.615723 0.581787
vt 0.610840 0.573730
vt 0.620605 0.558350
vt 0.619629 0.606689
vt 0.609619 0.597168
vt 0.601807 0.605713
vt 0.595703 0.614014
vt 0.594238 0.612549
vt 0.606445 0.627197
vt 0.598145 0.625977
vt 0.607178 0.639648
vt 0.581299 0.642334
vt 0.598145 0.655762
vt 0.582031 0.657471
vt 0.608398 0.671387
vt 0.572510 0.675781
vt 0.590820 0.693848
vt 0.611328 0.692627
vt 0.595703 0.715576
vt 0.588379 0.714355
vt 0.610107 0.703613
vt 0.610840 0.716553
vt 0.625977 0.705322
vt 0.632568 0.716309
vt 0.605225 0.726562
vt 0.589355 0.731201
vt 0.600098 0.739258
vt 0.619629 0.730957
vt 0.633057 0.746094
vt 0.613525 0.753174
vt 0.604736 0.756104
vt 0.619873 0.764404
vt 0.626709 0.775391
vt 0.635742 0.778809
vt 0.630615 0.792480
vt 0.660645 0.805420
vt 0.629395 0.804932
vt 0.658691 0.755615
vt 0.675537 0.766602
vt 0.685547 0.736084
vt 0.642334 0.749756
vt 0.669434 0.724854
vt 0.688232 0.733398
vt 0.651855 0.728516
vt 0.672607 0.722900
vt 0.685059 0.718018
vt 0.664307 0.719727
vt 0.659424 0.714355
vt 0.674072 0.711426
vt 0.690674 0.703857
vt 0.694824 0.720459
vt 0.697510 0.703125
vt 0.697021 0.707275
vt 0.647217 0.550537
vt 0.660889 0.541992
vt 0.641846 0.545898
vt 0.627930 0.541504
vt 0.651123 0.522217
vt 0.625977 0.527100
vt 0.645020 0.496826
vt 0.481934 0.430420
vt 0.482910 0.439209
vt 0.477295 0.434082
vt 0.474854 0.440674
vt 0.488525 0.435791
vt 0.492676 0.427734
vt 0.481201 0.446045
vt 0.472900 0.452393
vt 0.505371 0.453857
vt 0.498047 0.437500
vt 0.481689 0.457275
vt 0.504639 0.419434
vt 0.488525 0.415527
vt 0.501465 0.404541
vt 0.512207 0.430664
vt 0.510498 0.410400
vt 0.516846 0.390869
vt 0.484619 0.469727
vt 0.522705 0.397949
vt 0.548584 0.393066
vt 0.526123 0.409180
vt 0.535156 0.408936
vt 0.550293 0.408203
vt 0.525635 0.430908
vt 0.553711 0.399658
vt 0.553223 0.385254
vt 0.557129 0.384766
vt 0.556885 0.409912
vt 0.568848 0.390869
vt 0.533691 0.422363
vt 0.542236 0.419189
vt 0.578125 0.395508
vt 0.584717 0.381348
vt 0.588867 0.393066
vt 0.594238 0.387939
vt 0.588623 0.421631
vt 0.576904 0.418457
vt 0.582520 0.429688
vt 0.562256 0.424805
vt 0.573486 0.442139
vt 0.593750 0.437012
vt 0.547607 0.436279
vt 0.535156 0.445557
vt 0.556396 0.445312
vt 0.569336 0.454346
vt 0.584961 0.452393
vt 0.548828 0.456543
vt 0.565430 0.468262
vt 0.577637 0.468262
vt 0.553711 0.464600
vt 0.533691 0.467285
vt 0.544434 0.480469
vt 0.567871 0.479980
vt 0.534912 0.481689
vt 0.543701 0.492676
vt 0.533691 0.500244
vt 0.527100 0.470703
vt 0.512451 0.479980
vt 0.525146 0.457275
vt 0.517822 0.444580
vt 0.519531 0.459229
vt 0.509766 0.468262
vt 0.499512 0.462646
vt 0.493896 0.451660
vt 0.500244 0.474854
vt 0.492432 0.465820
vt 0.487305 0.451660
vt 0.492676 0.478271
vt 0.501465 0.483154
vt 0.481934 0.477783
vt 0.487305 0.489990
vt 0.513916 0.498535
vt 0.520508 0.506104
vt 0.498535 0.520264
vt 0.494385 0.513184
vt 0.480225 0.525635
vt 0.485352 0.504639
vt 0.473877 0.527588
vt 0.481934 0.530518
vt 0.476074 0.499023
vt 0.478027 0.509033
vt 0.473389 0.519287
vt 0.470215 0.530762
vt 0.465820 0.538818
vt 0.467529 0.525146
vt 0.462402 0.534424
vt 0.468018 0.514404
vt 0.460938 0.528320
vt 0.447998 0.534912
vt 0.445557 0.529053
vt 0.456299 0.519775
vt 0.438965 0.521240
vt 0.437012 0.530762
vt 0.450195 0.513428
vt 0.452393 0.508545
vt 0.443115 0.514404
vt 0.470215 0.505371
vt 0.453857 0.502930
vt 0.445557 0.503906
vt 0.456055 0.497314
vt 0.472900 0.490234
vt 0.450439 0.493164
vt 0.476807 0.484131
vt 0.462402 0.486084
vt 0.451172 0.486328
vt 0.465820 0.480469
vt 0.461426 0.477295
vt 0.446777 0.476074
vt 0.465332 0.469482
vt 0.473145 0.474854
vt 0.235596 0.436523
vt 0.223389 0.416016
vt 0.243164 0.430176
vt 0.248047 0.436768
vt 0.223633 0.426514
vt 0.228027 0.434082
vt 0.243164 0.445801
vt 0.253418 0.446289
vt 0.222168 0.438477
vt 0.234619 0.444580
vt 0.211914 0.436035
vt 0.192139 0.435791
vt 0.194336 0.426270
vt 0.211426 0.442627
vt 0.212158 0.457764
vt 0.201660 0.445801
vt 0.206055 0.450928
vt 0.198486 0.453125
vt 0.205078 0.460693
vt 0.191162 0.445557
vt 0.194336 0.466553
vt 0.184814 0.434814
vt 0.180176 0.422607
vt 0.186035 0.442627
vt 0.183105 0.438965
vt 0.185059 0.453613
vt 0.181885 0.450928
vt 0.189941 0.476562
vt 0.181885 0.469727
vt 0.204834 0.465820
vt 0.204102 0.481445
vt 0.205811 0.494141
vt 0.194336 0.496582
vt 0.182129 0.496582
vt 0.193604 0.509766
vt 0.204102 0.506348
vt 0.215576 0.494873
vt 0.209473 0.482422
vt 0.215088 0.466797
vt 0.229980 0.464355
vt 0.225098 0.458740
vt 0.234375 0.451660
vt 0.240967 0.452393
vt 0.222168 0.482910
vt 0.242676 0.466309
vt 0.251709 0.452881
vt 0.229004 0.488281
vt 0.243652 0.456543
vt 0.233154 0.493896
vt 0.239258 0.482910
vt 0.260254 0.453613
vt 0.258301 0.439941
vt 0.251953 0.465820
vt 0.262207 0.472168
vt 0.275879 0.480713
vt 0.245850 0.474854
vt 0.258301 0.486328
vt 0.245117 0.491211
vt 0.253174 0.491211
vt 0.265381 0.496582
vt 0.277588 0.482910
vt 0.289307 0.475586
vt 0.270996 0.500488
vt 0.254395 0.507568
vt 0.248047 0.500977
vt 0.238037 0.503662
vt 0.240723 0.515625
vt 0.227539 0.509277
vt 0.218018 0.505371
vt 0.225830 0.516357
vt 0.208252 0.517578
vt 0.227051 0.522705
vt 0.229248 0.521973
vt 0.248535 0.515869
vt 0.196289 0.526611
vt 0.186035 0.516846
vt 0.209229 0.524658
vt 0.259277 0.539307
vt 0.231689 0.527344
vt 0.227783 0.528076
vt 0.218750 0.529541
vt 0.229736 0.538574
vt 0.205811 0.531250
vt 0.217285 0.540283
vt 0.199219 0.532959
vt 0.189209 0.534912
vt 0.197998 0.550293
vt 0.209961 0.547852
vt 0.206055 0.570801
vt 0.224121 0.560547
vt 0.235840 0.575195
vt 0.206055 0.591797
vt 0.234863 0.562256
vt 0.222656 0.601318
vt 0.257324 0.582520
vt 0.250244 0.580078
vt 0.259521 0.577881
vt 0.250000 0.577148
vt 0.242432 0.570312
vt 0.289551 0.556641
vt 0.236816 0.557373
vt 0.270264 0.549805
vt 0.230957 0.534912
vt 0.313232 0.520752
vt 0.310791 0.565186
vt 0.299316 0.512939
vt 0.283203 0.531494
vt 0.283691 0.506348
vt 0.295166 0.486572
vt 0.525635 0.260742
vt 0.510254 0.286621
vt 0.499756 0.264160
vt 0.515381 0.242188
vt 0.532715 0.257812
vt 0.542725 0.281006
vt 0.541748 0.248535
vt 0.530273 0.284912
vt 0.526855 0.300781
vt 0.516602 0.309082
vt 0.573486 0.262207
vt 0.544922 0.303711
vt 0.536621 0.310547
vt 0.536621 0.312500
vt 0.516113 0.310059
vt 0.552490 0.312988
vt 0.514648 0.314453
vt 0.534912 0.318848
vt 0.502197 0.333740
vt 0.528076 0.332275
vt 0.550537 0.321289
vt 0.525635 0.344482
vt 0.573242 0.286377
vt 0.569824 0.320068
vt 0.544189 0.347656
vt 0.525391 0.353516
vt 0.528320 0.368408
vt 0.566650 0.334717
vt 0.561035 0.349609
vt 0.553467 0.358398
vt 0.585205 0.331299
vt 0.578125 0.372559
vt 0.572021 0.315674
vt 0.600098 0.368652
vt 0.589355 0.318604
vt 0.590820 0.313477
vt 0.599365 0.331299
vt 0.604248 0.320312
vt 0.596191 0.286865
vt 0.599121 0.262939
vt 0.577637 0.240723
vt 0.616699 0.291992
vt 0.617432 0.246094
vt 0.628418 0.265137
vt 0.635254 0.280762
vt 0.643311 0.260010
vt 0.656250 0.280029
vt 0.642578 0.296143
vt 0.675049 0.265137
vt 0.686279 0.291016
vt 0.671143 0.307373
vt 0.653564 0.330078
vt 0.631592 0.324707
vt 0.627930 0.337891
vt 0.645264 0.331299
vt 0.654785 0.345703
vt 0.631592 0.327881
vt 0.630615 0.340088
vt 0.631592 0.360596
vt 0.625000 0.358887
vt 0.632568 0.377197
vt 0.638428 0.371338
vt 0.620361 0.384277
vt 0.606445 0.390381
vt 0.620361 0.386963
vt 0.630859 0.384766
vt 0.199219 0.728760
vt 0.206787 0.737305
vt 0.188965 0.723633
vt 0.188232 0.721924
vt 0.197021 0.720947
vt 0.170166 0.727783
vt 0.190430 0.748535
vt 0.171143 0.735840
vt 0.174561 0.750244
vt 0.147949 0.747803
vt 0.145508 0.740967
vt 0.178711 0.712891
vt 0.165283 0.716309
vt 0.181396 0.705078
vt 0.159668 0.705811
vt 0.140137 0.723389
vt 0.137207 0.746094
vt 0.143066 0.769043
vt 0.125977 0.762451
vt 0.126221 0.770508
vt 0.128174 0.751709
vt 0.133789 0.739990
vt 0.124023 0.744873
vt 0.125000 0.754150
vt 0.108154 0.754150
vt 0.125732 0.735352
vt 0.120117 0.740967
vt 0.107422 0.742188
vt 0.091064 0.735596
vt 0.119629 0.711182
vt 0.103027 0.724121
vt 0.096680 0.731201
vt 0.081055 0.711182
vt 0.079346 0.729004
vt 0.066895 0.715576
vt 0.073242 0.695557
vt 0.131836 0.701172
vt 0.095459 0.701660
vt 0.084961 0.697266
vt 0.080811 0.693115
vt 0.072754 0.692871
vt 0.077637 0.688232
vt 0.091797 0.695068
vt 0.084961 0.689453
vt 0.076660 0.663086
vt 0.089111 0.689697
vt 0.091797 0.673828
vt 0.098389 0.688477
vt 0.103271 0.699219
vt 0.103271 0.704346
vt 0.118652 0.702881
vt 0.117432 0.695801
vt 0.107666 0.687256
vt 0.098389 0.682129
vt 0.105469 0.676270
vt 0.111328 0.685547
vt 0.124268 0.701172
vt 0.130615 0.695312
vt 0.117676 0.684082
vt 0.123291 0.681152
vt 0.102783 0.667236
vt 0.136963 0.699463
vt 0.147461 0.706299
vt 0.151123 0.690186
vt 0.169189 0.688477
vt 0.162354 0.680176
vt 0.178955 0.683350
vt 0.147461 0.684814
vt 0.137451 0.680908
vt 0.153809 0.680420
vt 0.151367 0.673340
vt 0.160156 0.673096
vt 0.147461 0.669189
vt 0.140137 0.673584
vt 0.135010 0.676025
vt 0.166260 0.673584
vt 0.154785 0.662109
vt 0.144287 0.662842
vt 0.133789 0.657227
vt 0.165771 0.663818
vt 0.140625 0.654297
vt 0.122314 0.650879
vt 0.125244 0.641113
vt 0.113281 0.660889
vt 0.114014 0.638672
vt 0.105713 0.649658
vt 0.097656 0.648926
vt 0.101807 0.632324
vt 0.118408 0.627441
vt 0.095703 0.660645
vt 0.088135 0.652344
vt 0.091553 0.641357
vt 0.081543 0.658691
vt 0.075439 0.651855
vt 0.081787 0.647217
vt 0.073730 0.638184
vt 0.067383 0.639648
vt 0.082764 0.632080
vt 0.077148 0.621094
vt 0.083496 0.625000
vt 0.096436 0.637207
vt 0.093018 0.630859
vt 0.081787 0.614746
vt 0.092285 0.617676
vt 0.103271 0.617188
vt 0.095215 0.604980
vt 0.103516 0.605713
vt 0.115723 0.607422
vt 0.125488 0.625488
vt 0.112305 0.592285
vt 0.125977 0.603760
vt 0.131836 0.637695
vt 0.135986 0.621094
vt 0.138916 0.629150
vt 0.128662 0.608643
vt 0.134766 0.595947
vt 0.130371 0.585938
vt 0.137695 0.611084
vt 0.142334 0.619873
vt 0.145508 0.604004
vt 0.139893 0.592041
vt 0.145752 0.592041
vt 0.155029 0.620117
vt 0.146973 0.626953
vt 0.142334 0.636475
vt 0.149658 0.601318
vt 0.146484 0.644287
vt 0.152832 0.639648
vt 0.158447 0.657959
vt 0.159668 0.628906
vt 0.164551 0.652832
vt 0.172363 0.654541
vt 0.165283 0.622070
vt 0.169434 0.644043
vt 0.170166 0.648438
vt 0.175049 0.644287
vt 0.177490 0.640137
vt 0.176758 0.646973
vt 0.159912 0.612305
vt 0.155762 0.596436
vt 0.165039 0.608398
vt 0.153076 0.589111
vt 0.150146 0.580811
vt 0.158203 0.585693
vt 0.160645 0.593262
vt 0.166260 0.587646
vt 0.162354 0.578369
vt 0.168945 0.604004
vt 0.174316 0.613037
vt 0.170410 0.618652
vt 0.178955 0.629150
vt 0.184082 0.632324
vt 0.180420 0.637451
vt 0.185303 0.635742
vt 0.181152 0.642090
vt 0.187988 0.635498
vt 0.180908 0.647949
vt 0.183350 0.645264
vt 0.207275 0.644775
vt 0.200928 0.654297
vt 0.219482 0.664307
vt 0.188721 0.661133
vt 0.178223 0.655029
vt 0.173340 0.660645
vt 0.202637 0.671631
vt 0.209229 0.677002
vt 0.170166 0.667480
vt 0.179688 0.675293
vt 0.187500 0.682617
vt 0.193848 0.690430
vt 0.203857 0.690186
vt 0.214355 0.681152
vt 0.198242 0.698242
vt 0.203857 0.708008
vt 0.358643 0.083984
vt 0.347656 0.091797
vt 0.338379 0.079346
vt 0.344482 0.069824
vt 0.371826 0.074951
vt 0.305664 0.071289
vt 0.308838 0.064209
vt 0.283936 0.057129
vt 0.333496 0.088867
vt 0.284912 0.065186
vt 0.328613 0.099609
vt 0.357910 0.107422
vt 0.260254 0.057861
vt 0.256592 0.048584
vt 0.239746 0.051270
vt 0.237061 0.055908
vt 0.285889 0.073975
vt 0.260010 0.067139
vt 0.247070 0.066406
vt 0.308594 0.090576
vt 0.259033 0.072998
vt 0.277832 0.081055
vt 0.286865 0.101318
vt 0.248047 0.071045
vt 0.234619 0.067871
vt 0.243652 0.079102
vt 0.255615 0.087646
vt 0.242920 0.086670
vt 0.234131 0.077637
vt 0.244141 0.091553
vt 0.230469 0.086182
vt 0.244629 0.099609
vt 0.253418 0.097168
vt 0.248535 0.104736
vt 0.220459 0.089355
vt 0.231934 0.100830
vt 0.242432 0.114014
vt 0.273193 0.108887
vt 0.298584 0.113770
vt 0.264648 0.116699
vt 0.327148 0.111572
vt 0.315674 0.118896
vt 0.341553 0.116943
vt 0.341064 0.126221
vt 0.355957 0.127930
vt 0.364746 0.152832
vt 0.361572 0.163330
vt 0.319092 0.133545
vt 0.306396 0.144775
vt 0.344727 0.159180
vt 0.273682 0.128662
vt 0.324219 0.162109
vt 0.349365 0.173096
vt 0.332275 0.175293
vt 0.239502 0.121582
vt 0.215088 0.100586
vt 0.276855 0.141357
vt 0.291748 0.148926
vt 0.306396 0.163574
vt 0.310303 0.180908
vt 0.337402 0.194092
vt 0.277832 0.148926
vt 0.286621 0.168701
vt 0.312012 0.187988
vt 0.329346 0.199951
vt 0.288574 0.181396
vt 0.305176 0.195801
vt 0.319824 0.208252
vt 0.280273 0.193604
vt 0.312744 0.225342
vt 0.281250 0.214111
vt 0.255615 0.190918
vt 0.238281 0.171875
vt 0.259033 0.165283
vt 0.234375 0.158203
vt 0.216797 0.157227
vt 0.216064 0.145508
vt 0.196289 0.149902
vt 0.219238 0.139893
vt 0.260498 0.156006
vt 0.251465 0.158691
vt 0.234131 0.147949
vt 0.224121 0.131836
vt 0.239258 0.139404
vt 0.254395 0.136230
vt 0.233643 0.125244
vt 0.204346 0.128174
vt 0.211670 0.109375
vt 0.223633 0.966309
vt 0.220459 0.980957
vt 0.211426 0.965820
vt 0.205078 0.975586
vt 0.211426 0.951416
vt 0.229248 0.964600
vt 0.193604 0.961426
vt 0.197998 0.950684
vt 0.190430 0.966797
vt 0.250488 0.973145
vt 0.237549 0.956055
vt 0.221680 0.953613
vt 0.221680 0.906982
vt 0.213623 0.926025
vt 0.202393 0.924316
vt 0.204102 0.901367
vt 0.178711 0.948486
vt 0.181885 0.912842
vt 0.200439 0.978760
vt 0.212646 0.989258
vt 0.202637 0.985596
vt 0.188965 0.972656
vt 0.198242 0.985107
vt 0.207520 0.996826
vt 0.172852 0.939941
vt 0.170410 0.961914
vt 0.166992 0.971680
vt 0.159668 0.964111
vt 0.159668 0.970215
vt 0.160889 0.956787
vt 0.155518 0.961670
vt 0.159180 0.946289
vt 0.147461 0.954590
vt 0.149414 0.947998
vt 0.142090 0.947510
vt 0.135254 0.950195
vt 0.146240 0.921875
vt 0.133545 0.963379
vt 0.125244 0.950928
vt 0.138184 0.966797
vt 0.140869 0.970459
vt 0.147217 0.972412
vt 0.139893 0.977783
vt 0.133301 0.970215
vt 0.132568 0.974854
vt 0.130127 0.984375
vt 0.125732 0.973145
vt 0.119385 0.979492
vt 0.114746 0.969482
vt 0.129639 0.966553
vt 0.198730 0.904053
vt 0.187012 0.901123
vt 0.195312 0.883789
vt 0.195557 0.868164
vt 0.182373 0.864502
vt 0.176514 0.896729
vt 0.200439 0.868652
vt 0.168945 0.912354
vt 0.170166 0.863770
vt 0.162842 0.885986
vt 0.161621 0.912842
vt 0.148926 0.873535
vt 0.157227 0.864746
vt 0.166748 0.848389
vt 0.191162 0.854980
vt 0.148438 0.859863
vt 0.195557 0.854004
vt 0.174805 0.839355
vt 0.204834 0.843994
vt 0.178711 0.828613
vt 0.212158 0.866943
vt 0.159912 0.828613
vt 0.211182 0.885498
vt 0.217285 0.885010
vt 0.164307 0.841797
vt 0.153076 0.844727
vt 0.156250 0.856445
vt 0.147461 0.847656
vt 0.144531 0.834473
vt 0.134033 0.819092
vt 0.130371 0.840576
vt 0.138916 0.852539
vt 0.131592 0.862549
vt 0.119873 0.866455
vt 0.116211 0.856934
vt 0.139893 0.868408
vt 0.123779 0.879150
vt 0.117676 0.875732
vt 0.121338 0.894043
vt 0.129395 0.876221
vt 0.142822 0.878174
vt 0.126221 0.889648
vt 0.134521 0.886719
vt 0.130371 0.901611
vt 0.136963 0.919189
vt 0.822021 0.140869
vt 0.828125 0.131592
vt 0.830566 0.145996
vt 0.841553 0.144287
vt 0.825439 0.153320
vt 0.806152 0.149414
vt 0.809814 0.161865
vt 0.802002 0.147705
vt 0.818359 0.165771
vt 0.828125 0.163818
vt 0.838379 0.152100
vt 0.849121 0.152588
vt 0.843018 0.133057
vt 0.859863 0.147461
vt 0.837646 0.164062
vt 0.850098 0.169922
vt 0.833008 0.174072
vt 0.823242 0.170898
vt 0.841309 0.183594
vt 0.826172 0.183105
vt 0.815674 0.182617
vt 0.808105 0.180908
vt 0.802734 0.178467
vt 0.809326 0.170654
vt 0.810303 0.162598
vt 0.797119 0.171631
vt 0.802002 0.163330
vt 0.847168 0.180420
vt 0.846680 0.185059
vt 0.862061 0.170410
vt 0.864258 0.182861
vt 0.856201 0.190430
vt 0.875488 0.156982
vt 0.871338 0.143555
vt 0.878662 0.134033
vt 0.892090 0.153564
vt 0.871826 0.178955
vt 0.883545 0.175049
vt 0.878174 0.193115
vt 0.861328 0.202881
vt 0.876709 0.211426
vt 0.861816 0.217529
vt 0.851562 0.195068
vt 0.850098 0.214600
vt 0.878662 0.235352
vt 0.875732 0.244385
vt 0.888428 0.256104
vt 0.883301 0.219482
vt 0.886719 0.193115
vt 0.892578 0.181396
vt 0.894287 0.223877
vt 0.906494 0.179443
vt 0.904053 0.150391
vt 0.901855 0.132812
vt 0.922607 0.165039
vt 0.920166 0.124756
vt 0.912598 0.214355
vt 0.898193 0.254883
vt 0.891602 0.259766
vt 0.935791 0.146240
vt 0.926514 0.194336
vt 0.914795 0.252930
vt 0.914062 0.268066
vt 0.925781 0.252930
vt 0.919922 0.214355
vt 0.931885 0.211426
vt 0.933350 0.225830
vt 0.945801 0.207031
vt 0.936523 0.251221
vt 0.944580 0.274658
vt 0.946045 0.251709
vt 0.959473 0.228027
vt 0.970215 0.251709
vt 0.953369 0.270020
vt 0.955322 0.211670
vt 0.968750 0.226318
vt 0.963379 0.211426
vt 0.962891 0.190674
vt 0.949707 0.194092
vt 0.940430 0.194824
vt 0.935059 0.170410
vt 0.957275 0.173096
vt 0.972412 0.145264
vt 0.956299 0.133789
vt 0.949951 0.155518
vt 0.951660 0.135742
vt 0.947021 0.128906
vt 0.853271 0.425293
vt 0.835205 0.401123
vt 0.857178 0.402832
vt 0.851562 0.436035
vt 0.839844 0.437988
vt 0.843018 0.424561
vt 0.832031 0.406494
vt 0.832275 0.398193
vt 0.834473 0.425781
vt 0.827393 0.439697
vt 0.827637 0.420410
vt 0.816406 0.411377
vt 0.816406 0.433350
vt 0.827393 0.448975
vt 0.820068 0.449707
vt 0.806396 0.395752
vt 0.813721 0.445312
vt 0.807617 0.454102
vt 0.810791 0.432861
vt 0.803955 0.408936
vt 0.807129 0.445801
vt 0.804443 0.413574
vt 0.779541 0.402100
vt 0.801025 0.453857
vt 0.780762 0.414551
vt 0.805664 0.438232
vt 0.773193 0.408936
vt 0.805664 0.446289
vt 0.800537 0.430420
vt 0.760986 0.402588
vt 0.769287 0.392334
vt 0.758057 0.415771
vt 0.754395 0.390137
vt 0.748779 0.399170
vt 0.741455 0.413086
vt 0.727539 0.391846
vt 0.722412 0.406982
vt 0.696533 0.381592
vt 0.684326 0.402344
vt 0.737549 0.425781
vt 0.715820 0.421875
vt 0.755127 0.429443
vt 0.733154 0.438477
vt 0.763184 0.430176
vt 0.753174 0.445068
vt 0.765869 0.420898
vt 0.772949 0.416504
vt 0.768799 0.425049
vt 0.779053 0.418945
vt 0.771240 0.420654
vt 0.765137 0.435059
vt 0.775879 0.421875
vt 0.775146 0.424561
vt 0.780273 0.424561
vt 0.790039 0.417236
vt 0.784180 0.421387
vt 0.789795 0.421875
vt 0.796387 0.422852
vt 0.789307 0.426758
vt 0.797607 0.427490
vt 0.800537 0.440918
vt 0.795898 0.434326
vt 0.799561 0.447998
vt 0.798096 0.443848
vt 0.798096 0.451660
vt 0.796143 0.449951
vt 0.791992 0.455566
vt 0.793701 0.449463
vt 0.793701 0.442383
vt 0.791992 0.436523
vt 0.787842 0.446289
vt 0.786377 0.429688
vt 0.782471 0.436279
vt 0.783691 0.457764
vt 0.781494 0.447021
vt 0.778809 0.437256
vt 0.772461 0.440918
vt 0.772705 0.432861
vt 0.771973 0.450684
vt 0.763916 0.455566
vt 0.774414 0.458496
vt 0.784668 0.470947
vt 0.782959 0.481934
vt 0.791016 0.462891
vt 0.763428 0.482178
vt 0.791992 0.459961
vt 0.755859 0.457520
vt 0.742432 0.455078
vt 0.745605 0.457520
vt 0.755615 0.490967
vt 0.763184 0.492432
vt 0.737061 0.477051
vt 0.734131 0.455811
vt 0.726562 0.452148
vt 0.710449 0.448975
vt 0.725586 0.455078
vt 0.713623 0.436279
vt 0.684570 0.437500
vt 0.682373 0.421143
vt 0.724609 0.472900
vt 0.709717 0.454834
vt 0.707764 0.465088
vt 0.698242 0.455566
vt 0.686523 0.458984
vt 0.699463 0.467285
vt 0.720215 0.481201
vt 0.731934 0.487793
vt 0.710938 0.480713
vt 0.723389 0.489258
vt 0.716309 0.489014
vt 0.724365 0.495605
vt 0.739014 0.489502
vt 0.749756 0.498291
vt 0.756348 0.504395
vt 0.742676 0.501465
vt 0.750000 0.511963
vt 0.732422 0.495117
vt 0.732422 0.504395
vt 0.739502 0.520508
vt 0.733154 0.524658
vt 0.728271 0.500732
vt 0.729004 0.519043
vt 0.718018 0.539551
vt 0.726562 0.515625
vt 0.720703 0.523193
vt 0.713379 0.525391
vt 0.719238 0.520264
vt 0.716309 0.509521
vt 0.721924 0.501221
vt 0.712158 0.497070
vt 0.710938 0.534668
vt 0.712891 0.539307
vt 0.710938 0.520264
vt 0.707275 0.524658
vt 0.704590 0.527344
vt 0.706787 0.537354
vt 0.703369 0.518799
vt 0.707520 0.511719
vt 0.713867 0.503174
vt 0.703613 0.513184
vt 0.688232 0.516602
vt 0.700439 0.531494
vt 0.697021 0.513916
vt 0.700684 0.510010
vt 0.703857 0.503418
vt 0.682861 0.498047
vt 0.697266 0.497559
vt 0.679688 0.497070
vt 0.686523 0.489502
vt 0.677734 0.492920
vt 0.671875 0.502441
vt 0.682617 0.520508
vt 0.668945 0.492432
vt 0.657471 0.498779
vt 0.660156 0.490234
vt 0.675781 0.483887
vt 0.662109 0.480713
vt 0.655029 0.477051
vt 0.647949 0.484131
vt 0.650879 0.475098
vt 0.663330 0.470459
vt 0.656494 0.466797
vt 0.641113 0.460938
vt 0.632324 0.467773
vt 0.620361 0.449463
vt 0.641602 0.438965
vt 0.618896 0.429199
vt 0.660400 0.458496
vt 0.649902 0.449951
vt 0.665039 0.458740
vt 0.663574 0.452393
vt 0.670410 0.437744
vt 0.678955 0.452393
vt 0.673340 0.458008
vt 0.678711 0.462646
vt 0.675293 0.473877
vt 0.686768 0.469727
vt 0.686279 0.477295
vt 0.698975 0.474609
vt 0.697754 0.482910
vt 0.676270 0.419678
vt 0.663330 0.426514
vt 0.649658 0.419434
vt 0.654541 0.399658
vt 0.655518 0.383545
vt 0.622070 0.408447
vt 0.172119 0.354980
vt 0.185791 0.347656
vt 0.178467 0.364746
vt 0.157471 0.356445
vt 0.153320 0.353516
vt 0.162109 0.340820
vt 0.192139 0.324707
vt 0.153320 0.335693
vt 0.138184 0.330078
vt 0.150146 0.319580
vt 0.131592 0.305664
vt 0.176270 0.319824
vt 0.195068 0.308350
vt 0.140137 0.297607
vt 0.137207 0.289307
vt 0.153809 0.286865
vt 0.184814 0.303467
vt 0.163818 0.302734
vt 0.197998 0.289551
vt 0.191650 0.282959
vt 0.200195 0.281494
vt 0.175049 0.290039
vt 0.190186 0.276123
vt 0.170410 0.277832
vt 0.191895 0.272949
vt 0.206055 0.280029
vt 0.175293 0.263672
vt 0.165771 0.272461
vt 0.183594 0.263916
vt 0.176514 0.255127
vt 0.183350 0.255371
vt 0.164062 0.264160
vt 0.148193 0.272461
vt 0.156250 0.265869
vt 0.161621 0.249268
vt 0.134033 0.278809
vt 0.125488 0.290283
vt 0.140869 0.260986
vt 0.154297 0.253418
vt 0.174316 0.247559
vt 0.133301 0.260986
vt 0.121582 0.277588
vt 0.122314 0.260254
vt 0.127441 0.236816
vt 0.145264 0.254150
vt 0.143066 0.241211
vt 0.136475 0.210693
vt 0.111572 0.225098
vt 0.158203 0.243164
vt 0.151123 0.221436
vt 0.121338 0.200439
vt 0.121826 0.183350
vt 0.137207 0.193115
vt 0.152344 0.202148
vt 0.169922 0.234863
vt 0.155762 0.220459
vt 0.166260 0.212646
vt 0.167236 0.224854
vt 0.178223 0.230469
vt 0.176758 0.218018
vt 0.174072 0.203857
vt 0.189697 0.194092
vt 0.187988 0.241211
vt 0.190186 0.210205
vt 0.179443 0.227783
vt 0.191162 0.228760
vt 0.199219 0.217773
vt 0.207275 0.202393
vt 0.208740 0.185303
vt 0.232178 0.185547
vt 0.203857 0.212891
vt 0.221436 0.204346
vt 0.234619 0.201904
vt 0.256592 0.213135
vt 0.239990 0.218018
vt 0.259521 0.247070
vt 0.226074 0.221191
vt 0.243652 0.243896
vt 0.245361 0.263184
vt 0.232910 0.241455
vt 0.234863 0.258057
vt 0.222412 0.274414
vt 0.201660 0.229248
vt 0.203613 0.231689
vt 0.210693 0.239746
vt 0.215576 0.243652
vt 0.198242 0.244629
vt 0.221191 0.249268
vt 0.208984 0.250488
vt 0.227539 0.254883
vt 0.214355 0.267822
vt 0.213379 0.266602
vt 0.207764 0.271240
vt 0.202881 0.261963
vt 0.196289 0.272461
vt 0.193604 0.249268
vt 0.181885 0.253418
vt 0.429688 0.018311
vt 0.425781 0.022705
vt 0.419678 0.021973
vt 0.429199 0.024658
vt 0.424561 0.014893
vt 0.414062 0.004150
vt 0.408936 0.016357
vt 0.390625 0.011475
vt 0.387451 0.017822
vt 0.369141 0.005371
vt 0.397217 0.027344
vt 0.394775 0.035400
vt 0.388184 0.031494
s 1
usemtl tripo_mat_f60a8cbb-3bfe-4e0e-a5b1-8735d8cc4962
f 2214/1 1714/2 2206/3
f 1714/2 2214/1 11/4
f 2214/1 2206/3 2236/5
f 11/4 2214/1 38/6
f 11/4 38/6 48/7
f 48/7 38/6 72/8
f 2214/1 2236/5 2248/9
f 2248/9 2236/5 2242/10
f 2214/1 2248/9 2041/11
f 2248/9 2242/10 2257/12
f 2248/9 2257/12 2041/11
f 2257/12 2242/10 2189/13
f 2214/1 2041/11 1951/14
f 2214/1 1951/14 38/6
f 38/6 1951/14 2041/11
f 2257/12 2189/13 2161/15
f 2161/15 2189/13 2143/16
f 2041/11 2257/12 2042/17
f 2042/17 2257/12 2161/15
f 38/6 2041/11 1736/18
f 1736/18 2041/11 2042/17
f 38/6 1736/18 40/19
f 38/6 40/19 72/8
f 72/8 40/19 200/20
f 2042/17 2161/15 1859/21
f 200/20 40/19 513/22
f 1736/18 2042/17 1698/23
f 1698/23 2042/17 1859/21
f 1859/21 2161/15 1780/24
f 1859/21 1780/24 1698/23
f 2080/25 2161/15 2143/16
f 2161/15 2080/25 1780/24
f 2080/25 2143/16 2007/26
f 2080/25 2007/26 2024/27
f 2080/25 2024/27 1780/24
f 1780/24 2024/27 1759/28
f 1759/28 2024/27 1970/29
f 1572/30 1698/23 1780/24
f 1780/24 1759/28 75/31
f 1780/24 75/31 1572/30
f 1759/28 1970/29 1755/32
f 1755/32 1970/29 2070/33
f 1755/32 2070/33 1892/34
f 1755/32 1892/34 1655/35
f 1759/28 1755/32 1494/36
f 1494/36 1755/32 1655/35
f 1759/28 1494/36 75/31
f 1494/36 1655/35 115/37
f 1494/36 115/37 257/38
f 1494/36 257/38 75/31
f 257/38 115/37 382/39
f 382/39 115/37 331/40
f 382/39 331/40 468/41
f 382/39 468/41 503/42
f 257/38 382/39 338/43
f 257/38 338/43 75/31
f 382/39 503/42 454/44
f 382/39 454/44 338/43
f 454/44 503/42 580/45
f 454/44 580/45 745/46
f 338/43 454/44 514/47
f 514/47 454/44 745/46
f 75/31 338/43 300/48
f 300/48 338/43 514/47
f 514/47 745/46 662/49
f 514/47 662/49 300/48
f 662/49 745/46 882/50
f 75/31 300/48 104/51
f 75/31 104/51 1572/30
f 1572/30 104/51 1698/23
f 104/51 300/48 381/52
f 381/52 300/48 662/49
f 1698/23 104/51 226/53
f 226/53 104/51 381/52
f 1698/23 226/53 78/54
f 1698/23 78/54 1736/18
f 1736/18 78/54 40/19
f 78/54 226/53 457/55
f 78/54 457/55 40/19
f 226/53 381/52 504/56
f 226/53 504/56 457/55
f 504/56 381/52 540/57
f 540/57 381/52 662/49
f 457/55 504/56 807/58
f 807/58 504/56 540/57
f 40/19 457/55 397/59
f 457/55 807/58 778/60
f 457/55 778/60 397/59
f 540/57 662/49 857/61
f 857/61 662/49 882/50
f 807/58 540/57 918/62
f 918/62 540/57 857/61
f 778/60 807/58 932/63
f 932/63 807/58 918/62
f 857/61 882/50 989/64
f 857/61 989/64 918/62
f 989/64 882/50 1002/65
f 989/64 1002/65 1019/66
f 989/64 1019/66 1122/67
f 989/64 1122/67 1114/68
f 1114/68 1122/67 1202/69
f 918/62 989/64 985/70
f 918/62 985/70 932/63
f 989/64 1114/68 1127/71
f 1127/71 1114/68 1202/69
f 989/64 1127/71 985/70
f 932/63 985/70 1033/72
f 1033/72 985/70 1127/71
f 932/63 1033/72 1038/73
f 1038/73 1033/72 1127/71
f 1127/71 1202/69 1270/74
f 1270/74 1202/69 1389/75
f 1389/75 1202/69 1424/76
f 1127/71 1270/74 1149/77
f 1127/71 1149/77 1038/73
f 1270/74 1389/75 1318/78
f 1318/78 1389/75 1424/76
f 1318/78 1424/76 1371/79
f 1270/74 1318/78 1201/80
f 1201/80 1318/78 1371/79
f 1270/74 1201/80 1149/77
f 1201/80 1371/79 1030/81
f 1149/77 1201/80 1096/82
f 1149/77 1096/82 1038/73
f 1096/82 1201/80 1030/81
f 1096/82 1030/81 1038/73
f 942/83 932/63 1038/73
f 942/83 1038/73 1030/81
f 932/63 942/83 778/60
f 942/83 1030/81 930/84
f 778/60 942/83 791/85
f 791/85 942/83 930/84
f 778/60 791/85 397/59
f 930/84 1030/81 950/86
f 930/84 950/86 791/85
f 950/86 1030/81 1045/87
f 397/59 791/85 675/88
f 675/88 791/85 950/86
f 950/86 1045/87 766/89
f 950/86 766/89 675/88
f 766/89 1045/87 825/90
f 766/89 825/90 513/22
f 675/88 766/89 451/91
f 451/91 766/89 513/22
f 675/88 451/91 397/59
f 451/91 513/22 40/19
f 451/91 40/19 397/59
f 1922/92 2206/93 1903/94
f 1903/94 2206/93 1714/95
f 2206/93 1922/92 2236/96
f 1903/94 1714/95 58/97
f 58/97 1714/95 11/98
f 58/97 11/98 48/99
f 1903/94 58/97 79/100
f 79/100 58/97 48/99
f 1903/94 79/100 1922/92
f 79/100 48/99 72/101
f 1922/92 79/100 90/102
f 90/102 79/100 72/101
f 1981/103 2236/96 1922/92
f 2236/96 1981/103 2242/104
f 1981/103 1922/92 1743/105
f 1743/105 1922/92 90/102
f 2242/104 1981/103 1991/106
f 1991/106 1981/103 1743/105
f 90/102 72/101 528/107
f 528/107 72/101 200/108
f 528/107 200/108 513/109
f 528/107 513/109 825/110
f 528/107 825/110 843/111
f 843/111 825/110 1045/112
f 90/102 528/107 703/113
f 703/113 528/107 843/111
f 215/114 1743/105 90/102
f 215/114 90/102 703/113
f 1743/105 215/114 1574/115
f 1743/105 1574/115 1991/106
f 1574/115 215/114 1534/116
f 1991/106 1574/115 1823/117
f 1823/117 1574/115 1534/116
f 1991/106 1823/117 2242/104
f 2242/104 1823/117 1867/118
f 2242/104 1867/118 2189/119
f 2189/119 1867/118 2143/120
f 1867/118 1823/117 1707/121
f 1707/121 1823/117 1534/116
f 2143/120 1867/118 1803/122
f 1803/122 1867/118 1707/121
f 2143/120 1803/122 2007/123
f 1803/122 1707/121 1718/124
f 1803/122 1718/124 2007/123
f 1707/121 1534/116 1511/125
f 1707/121 1511/125 1718/124
f 550/126 1534/116 215/114
f 2007/123 1718/124 1838/127
f 2007/123 1838/127 2024/128
f 2024/128 1838/127 1970/129
f 1970/129 1838/127 1949/130
f 1970/129 1949/130 2070/131
f 1838/127 1718/124 1701/132
f 1838/127 1701/132 1949/130
f 1701/132 1718/124 1511/125
f 1949/130 1701/132 1723/133
f 1723/133 1701/132 1511/125
f 1723/133 1511/125 1476/134
f 1476/134 1511/125 180/135
f 1476/134 180/135 186/136
f 295/137 1511/125 1534/116
f 1511/125 295/137 180/135
f 295/137 1534/116 550/126
f 186/136 180/135 396/138
f 396/138 180/135 295/137
f 186/136 396/138 415/139
f 415/139 396/138 502/140
f 415/139 502/140 475/141
f 475/141 502/140 468/142
f 468/142 502/140 503/143
f 503/143 502/140 580/144
f 396/138 295/137 473/145
f 396/138 473/145 502/140
f 473/145 295/137 686/146
f 686/146 295/137 550/126
f 502/140 473/145 603/147
f 502/140 603/147 580/144
f 603/147 473/145 686/146
f 580/144 603/147 745/148
f 745/148 603/147 781/149
f 781/149 603/147 686/146
f 745/148 781/149 882/150
f 686/146 550/126 911/151
f 781/149 686/146 887/152
f 887/152 686/146 911/151
f 882/150 781/149 927/153
f 927/153 781/149 887/152
f 882/150 927/153 1002/154
f 1002/154 927/153 991/155
f 1002/154 991/155 1019/156
f 927/153 887/152 972/157
f 927/153 972/157 991/155
f 972/157 887/152 911/151
f 1019/156 991/155 1080/158
f 1080/158 991/155 972/157
f 1019/156 1080/158 1122/159
f 1122/159 1080/158 1202/160
f 1080/158 972/157 1048/161
f 1048/161 972/157 911/151
f 1080/158 1048/161 1088/162
f 1048/161 911/151 979/163
f 1048/161 979/163 1088/162
f 979/163 911/151 703/113
f 703/113 911/151 550/126
f 703/113 550/126 215/114
f 979/163 703/113 992/164
f 979/163 992/164 1088/162
f 992/164 703/113 843/111
f 992/164 843/111 1045/112
f 992/164 1045/112 1088/162
f 1195/165 1080/158 1088/162
f 1080/158 1195/165 1202/160
f 1088/162 1045/112 1167/166
f 1088/162 1167/166 1195/165
f 1167/166 1045/112 1141/167
f 1141/167 1045/112 1030/168
f 1141/167 1030/168 1337/169
f 1141/167 1337/169 1167/166
f 1337/169 1030/168 1371/170
f 1195/165 1167/166 1405/171
f 1405/171 1167/166 1337/169
f 1432/172 1202/160 1195/165
f 1432/172 1195/165 1405/171
f 1202/160 1432/172 1424/173
f 1424/173 1432/172 1371/170
f 1432/172 1405/171 1408/174
f 1408/174 1405/171 1337/169
f 1432/172 1408/174 1371/170
f 1371/170 1408/174 1337/169
f 1985/175 1925/176 1977/177
f 1977/177 1925/176 2238/178
f 1977/177 2238/178 2244/179
f 1977/177 2244/179 1985/175
f 2244/179 2238/178 2255/180
f 2238/178 1925/176 2210/181
f 2244/179 2255/180 2141/182
f 2244/179 2141/182 2142/183
f 2244/179 2142/183 1985/175
f 2142/183 2141/182 1825/184
f 2142/183 1825/184 1985/175
f 1825/184 2141/182 1835/185
f 1835/185 2141/182 1999/186
f 1825/184 1835/185 1749/187
f 1749/187 1835/185 1999/186
f 1985/175 1825/184 1552/188
f 1552/188 1825/184 1749/187
f 1985/175 1552/188 1553/189
f 1985/175 1553/189 1925/176
f 1553/189 1552/188 6/190
f 6/190 1552/188 1542/191
f 1542/191 1552/188 1749/187
f 1553/189 6/190 229/192
f 229/192 6/190 1542/191
f 1925/176 1553/189 80/193
f 1553/189 229/192 548/194
f 1845/195 1749/187 1999/186
f 1845/195 1999/186 1967/196
f 1845/195 1967/196 1946/197
f 1845/195 1946/197 1727/198
f 1749/187 1845/195 1702/199
f 1702/199 1845/195 1727/198
f 1749/187 1702/199 1513/200
f 1513/200 1702/199 1727/198
f 1749/187 1513/200 1542/191
f 1513/200 1727/198 1482/201
f 1513/200 1482/201 197/202
f 197/202 1482/201 211/203
f 1542/191 1513/200 281/204
f 281/204 1513/200 197/202
f 197/202 211/203 403/205
f 403/205 211/203 416/206
f 403/205 416/206 478/207
f 197/202 403/205 391/208
f 197/202 391/208 281/204
f 403/205 478/207 512/209
f 403/205 512/209 391/208
f 512/209 478/207 501/210
f 501/210 478/207 464/211
f 512/209 501/210 590/212
f 512/209 590/212 391/208
f 590/212 501/210 606/213
f 590/212 606/213 777/214
f 391/208 590/212 510/215
f 391/208 510/215 281/204
f 590/212 777/214 753/216
f 590/212 753/216 510/215
f 753/216 777/214 875/217
f 875/217 777/214 895/218
f 875/217 895/218 1000/219
f 510/215 753/216 706/220
f 510/215 706/220 281/204
f 875/217 1000/219 977/221
f 753/216 875/217 878/222
f 753/216 878/222 706/220
f 878/222 875/217 977/221
f 281/204 706/220 654/223
f 654/223 706/220 878/222
f 281/204 654/223 1542/191
f 977/221 1000/219 1022/224
f 1542/191 654/223 479/225
f 479/225 654/223 878/222
f 1542/191 479/225 229/192
f 229/192 479/225 548/194
f 548/194 479/225 878/222
f 968/226 878/222 977/221
f 977/221 1022/224 1065/227
f 1065/227 1022/224 1121/228
f 968/226 977/221 1086/229
f 1086/229 977/221 1065/227
f 878/222 968/226 959/230
f 878/222 959/230 548/194
f 959/230 968/226 1086/229
f 1065/227 1121/228 1184/231
f 1065/227 1184/231 1086/229
f 1184/231 1121/228 1204/232
f 959/230 1086/229 1044/233
f 959/230 1044/233 548/194
f 1086/229 1184/231 1168/234
f 1086/229 1168/234 1044/233
f 1184/231 1204/232 1407/235
f 1184/231 1407/235 1168/234
f 1407/235 1204/232 1431/236
f 1431/236 1204/232 1423/237
f 1431/236 1423/237 1370/238
f 1431/236 1370/238 1409/239
f 1431/236 1409/239 1407/235
f 1407/235 1409/239 1347/240
f 1347/240 1409/239 997/241
f 1407/235 1347/240 1140/242
f 1140/242 1347/240 997/241
f 1407/235 1140/242 1168/234
f 1140/242 997/241 1036/243
f 1140/242 1036/243 1168/234
f 1168/234 1036/243 1044/233
f 1036/243 997/241 815/244
f 1044/233 1036/243 838/245
f 838/245 1036/243 815/244
f 1044/233 838/245 548/194
f 838/245 815/244 516/246
f 548/194 838/245 532/247
f 532/247 838/245 516/246
f 548/194 532/247 86/248
f 86/248 532/247 516/246
f 548/194 86/248 1553/189
f 86/248 516/246 73/249
f 86/248 73/249 77/250
f 1553/189 86/248 80/193
f 80/193 86/248 77/250
f 80/193 77/250 65/251
f 65/251 77/250 57/252
f 80/193 65/251 1896/253
f 1896/253 65/251 57/252
f 80/193 1896/253 1925/176
f 1896/253 57/252 2036/254
f 1925/176 1896/253 2210/181
f 2210/181 1896/253 2036/254
f 2203/255 2210/256 2036/257
f 2210/256 2203/255 2238/258
f 2238/258 2203/255 2246/259
f 2238/258 2246/259 2255/260
f 2203/255 2036/257 1954/261
f 2246/259 2203/255 2045/262
f 2045/262 2203/255 1954/261
f 2255/260 2246/259 2050/263
f 2050/263 2246/259 2045/262
f 2045/262 1954/261 29/264
f 2045/262 29/264 2050/263
f 1954/261 2036/257 27/265
f 1954/261 27/265 29/264
f 27/265 2036/257 14/266
f 14/266 2036/257 57/267
f 14/266 57/267 77/268
f 27/265 14/266 59/269
f 59/269 14/266 77/268
f 27/265 59/269 29/264
f 59/269 77/268 73/270
f 59/269 73/270 66/271
f 59/269 66/271 29/264
f 66/271 73/270 516/272
f 66/271 516/272 474/273
f 474/273 516/272 815/274
f 474/273 815/274 700/275
f 66/271 474/273 388/276
f 388/276 474/273 700/275
f 29/264 66/271 56/277
f 56/277 66/271 388/276
f 29/264 56/277 25/278
f 29/264 25/278 2050/263
f 700/275 815/274 997/279
f 2050/263 25/278 1693/280
f 1693/280 25/278 56/277
f 2050/263 1693/280 1851/281
f 1693/280 56/277 1708/282
f 1693/280 1708/282 1851/281
f 2050/263 1851/281 2151/283
f 2050/263 2151/283 2255/260
f 2255/260 2151/283 2141/284
f 2141/284 2151/283 2075/285
f 2075/285 2151/283 1851/281
f 2141/284 2075/285 1999/286
f 1999/286 2075/285 1967/287
f 2075/285 1851/281 1775/288
f 1775/288 1851/281 1708/282
f 1967/287 2075/285 1756/289
f 1756/289 2075/285 1775/288
f 2061/290 1946/291 1967/287
f 2061/290 1967/287 1741/292
f 1741/292 1967/287 1756/289
f 2061/290 1741/292 1893/293
f 1893/293 1741/292 1651/294
f 1741/292 1756/289 1535/295
f 1535/295 1756/289 1775/288
f 1651/294 1741/292 1519/296
f 1519/296 1741/292 1535/295
f 1651/294 1519/296 126/297
f 1535/295 1775/288 1592/298
f 1592/298 1775/288 1708/282
f 1535/295 1592/298 114/299
f 114/299 1592/298 1708/282
f 1519/296 1535/295 123/300
f 123/300 1535/295 114/299
f 126/297 1519/296 188/301
f 126/297 188/301 329/302
f 1519/296 123/300 244/303
f 1519/296 244/303 188/301
f 329/302 188/301 386/304
f 386/304 188/301 244/303
f 329/302 386/304 464/305
f 464/305 386/304 501/306
f 501/306 386/304 581/307
f 501/306 581/307 606/308
f 606/308 581/307 777/309
f 581/307 386/304 453/310
f 453/310 386/304 244/303
f 777/309 581/307 743/311
f 743/311 581/307 453/310
f 777/309 743/311 895/312
f 453/310 244/303 327/313
f 327/313 244/303 123/300
f 453/310 327/313 565/314
f 453/310 565/314 743/311
f 565/314 327/313 435/315
f 327/313 123/300 286/316
f 327/313 286/316 435/315
f 286/316 123/300 114/299
f 565/314 435/315 643/317
f 643/317 435/315 286/316
f 565/314 643/317 743/311
f 286/316 114/299 385/318
f 286/316 385/318 643/317
f 385/318 114/299 196/319
f 913/320 895/312 743/311
f 196/319 114/299 8/321
f 8/321 114/299 1708/282
f 8/321 1708/282 56/277
f 8/321 56/277 449/322
f 8/321 449/322 196/319
f 449/322 56/277 388/276
f 432/323 385/318 196/319
f 432/323 196/319 449/322
f 449/322 388/276 801/324
f 432/323 449/322 719/325
f 719/325 449/322 801/324
f 801/324 388/276 700/275
f 432/323 719/325 925/326
f 925/326 719/325 801/324
f 638/327 385/318 432/323
f 638/327 432/323 925/326
f 385/318 638/327 643/317
f 801/324 700/275 776/328
f 643/317 638/327 916/329
f 916/329 638/327 925/326
f 776/328 700/275 917/330
f 776/328 917/330 801/324
f 917/330 700/275 997/279
f 935/331 925/326 801/324
f 935/331 801/324 917/330
f 925/326 935/331 999/332
f 925/326 999/332 916/329
f 935/331 917/330 1023/333
f 1023/333 917/330 997/279
f 935/331 1023/333 1037/334
f 935/331 1037/334 999/332
f 1023/333 997/279 1102/335
f 1037/334 1023/333 1137/336
f 1137/336 1023/333 1102/335
f 1037/334 1137/336 999/332
f 1102/335 997/279 1198/337
f 1102/335 1198/337 1137/336
f 1198/337 997/279 1314/338
f 1314/338 997/279 1409/339
f 1314/338 1409/339 1370/340
f 1314/338 1370/340 1381/341
f 1314/338 1381/341 1198/337
f 1381/341 1370/340 1423/342
f 1381/341 1423/342 1299/343
f 1299/343 1423/342 1204/344
f 1198/337 1381/341 1274/345
f 1274/345 1381/341 1299/343
f 1274/345 1299/343 1204/344
f 1198/337 1274/345 1137/336
f 1137/336 1274/345 1123/346
f 1123/346 1274/345 1204/344
f 1137/336 1123/346 999/332
f 1123/346 1204/344 1120/347
f 1120/347 1204/344 1121/348
f 999/332 1123/346 1001/349
f 1001/349 1123/346 1120/347
f 999/332 1001/349 916/329
f 1120/347 1121/348 980/350
f 1120/347 980/350 1001/349
f 980/350 1121/348 1022/351
f 980/350 1022/351 1000/352
f 980/350 1000/352 895/312
f 980/350 895/312 913/320
f 916/329 1001/349 963/353
f 963/353 1001/349 980/350
f 916/329 963/353 877/354
f 877/354 963/353 980/350
f 877/354 980/350 913/320
f 916/329 877/354 643/317
f 877/354 913/320 743/311
f 877/354 743/311 643/317
f 2070/355 2171/356 1892/357
f 1892/357 2171/356 2012/358
f 2012/358 2171/356 2258/359
f 1892/357 2012/358 1655/360
f 2012/358 2258/359 2148/361
f 2148/361 2258/359 2287/362
f 1655/360 2012/358 1830/363
f 1655/360 1830/363 115/364
f 2012/358 2148/361 1960/365
f 2012/358 1960/365 1830/363
f 2148/361 2287/362 2180/366
f 2148/361 2180/366 1960/365
f 2180/366 2287/362 2298/367
f 2180/366 2298/367 2213/368
f 2213/368 2298/367 2224/369
f 1960/365 2180/366 2008/370
f 2008/370 2180/366 2213/368
f 87/371 1830/363 1960/365
f 1830/363 87/371 115/364
f 1960/365 2008/370 39/372
f 1960/365 39/372 87/371
f 2213/368 2224/369 2116/373
f 2116/373 2224/369 2004/374
f 2004/374 2224/369 2150/375
f 2116/373 2004/374 1897/376
f 2116/373 1897/376 2213/368
f 1897/376 2004/374 1725/377
f 2023/378 2008/370 2213/368
f 2023/378 2213/368 1897/376
f 2008/370 2023/378 28/379
f 2008/370 28/379 39/372
f 2023/378 1897/376 1/380
f 2023/378 1/380 28/379
f 1/380 1897/376 1725/377
f 39/372 28/379 368/381
f 39/372 368/381 87/371
f 28/379 1/380 411/382
f 28/379 411/382 368/381
f 1/380 1725/377 26/383
f 1/380 26/383 411/382
f 26/383 1725/377 160/384
f 160/384 1725/377 208/385
f 160/384 208/385 545/386
f 26/383 160/384 470/387
f 26/383 470/387 411/382
f 160/384 545/386 499/388
f 160/384 499/388 470/387
f 499/388 545/386 761/389
f 761/389 545/386 866/390
f 499/388 761/389 750/391
f 499/388 750/391 470/387
f 750/391 761/389 866/390
f 694/392 411/382 470/387
f 694/392 470/387 750/391
f 411/382 694/392 368/381
f 750/391 866/390 767/393
f 694/392 750/391 669/394
f 669/394 750/391 767/393
f 368/381 694/392 644/395
f 644/395 694/392 669/394
f 368/381 644/395 340/396
f 368/381 340/396 87/371
f 87/371 340/396 115/364
f 115/364 340/396 331/397
f 331/397 340/396 468/398
f 468/398 340/396 644/395
f 468/398 644/395 572/399
f 572/399 644/395 669/394
f 468/398 572/399 475/400
f 475/400 572/399 415/401
f 572/399 669/394 524/402
f 572/399 524/402 415/401
f 415/401 524/402 209/403
f 415/401 209/403 186/404
f 186/404 209/403 1476/405
f 1476/405 209/403 1505/406
f 1476/405 1505/406 1723/407
f 209/403 524/402 276/408
f 209/403 276/408 1505/406
f 570/409 524/402 669/394
f 276/408 524/402 341/410
f 341/410 524/402 570/409
f 1505/406 276/408 1491/411
f 1491/411 276/408 341/410
f 1874/412 1723/407 1505/406
f 1874/412 1505/406 1491/411
f 1723/407 1874/412 1949/413
f 715/414 570/409 669/394
f 715/414 669/394 767/393
f 439/415 341/410 570/409
f 439/415 570/409 715/414
f 715/414 767/393 841/416
f 841/416 767/393 866/390
f 841/416 866/390 874/417
f 715/414 841/416 754/418
f 754/418 841/416 874/417
f 715/414 754/418 439/415
f 754/418 874/417 779/419
f 754/418 779/419 559/420
f 754/418 559/420 439/415
f 439/415 559/420 118/421
f 118/421 559/420 138/422
f 118/421 138/422 1703/423
f 10/424 341/410 439/415
f 341/410 10/424 1491/411
f 439/415 118/421 82/425
f 439/415 82/425 10/424
f 118/421 1703/423 1733/426
f 118/421 1733/426 82/425
f 1733/426 1703/423 2158/427
f 2158/427 1703/423 2068/428
f 2158/427 2068/428 2150/429
f 2158/427 2150/429 2224/430
f 82/425 1733/426 1837/431
f 1837/431 1733/426 2158/427
f 82/425 1837/431 10/424
f 2158/427 2224/430 2243/432
f 2158/427 2243/432 1837/431
f 2243/432 2224/430 2298/433
f 10/424 1837/431 1974/434
f 1974/434 1837/431 2243/432
f 2243/432 2298/433 2241/435
f 2243/432 2241/435 1974/434
f 2241/435 2298/433 2287/436
f 10/424 1974/434 1998/437
f 1998/437 1974/434 2241/435
f 10/424 1998/437 1491/411
f 2241/435 2287/436 2258/438
f 1491/411 1998/437 1953/439
f 1953/439 1998/437 2241/435
f 1491/411 1953/439 1874/412
f 2241/435 2258/438 2105/440
f 2241/435 2105/440 1953/439
f 1953/439 2105/440 1874/412
f 2105/440 2258/438 2171/441
f 1874/412 2105/440 1949/413
f 1949/413 2105/440 2171/441
f 1949/413 2171/441 2070/442
f 1906/443 1946/444 2103/445
f 1946/444 1906/443 1727/446
f 2103/445 1946/444 2061/447
f 1906/443 2103/445 2195/448
f 1906/443 2195/448 1972/449
f 2103/445 2061/447 2164/450
f 2103/445 2164/450 2195/448
f 2164/450 2061/447 1893/451
f 1972/449 2195/448 1997/452
f 1997/452 2195/448 2240/453
f 1997/452 2240/453 1976/454
f 2195/448 2164/450 2260/455
f 2195/448 2260/455 2240/453
f 2164/450 1893/451 2016/456
f 2164/450 2016/456 2260/455
f 2016/456 1893/451 1829/457
f 1829/457 1893/451 1651/458
f 1829/457 1651/458 1818/459
f 1829/457 1818/459 2016/456
f 1818/459 1651/458 126/460
f 2260/455 2016/456 2165/461
f 2165/461 2016/456 1818/459
f 2286/462 2240/453 2260/455
f 2286/462 2260/455 2165/461
f 1818/459 126/460 95/463
f 95/463 126/460 329/464
f 2165/461 1818/459 1957/465
f 1957/465 1818/459 95/463
f 2286/462 2165/461 2188/466
f 2165/461 1957/465 2006/467
f 2165/461 2006/467 2188/466
f 1957/465 95/463 43/468
f 1957/465 43/468 2006/467
f 95/463 329/464 351/469
f 95/463 351/469 43/468
f 351/469 329/464 642/470
f 642/470 329/464 464/471
f 43/468 351/469 22/472
f 43/468 22/472 2006/467
f 22/472 351/469 377/473
f 377/473 351/469 642/470
f 2006/467 22/472 2019/474
f 2006/467 2019/474 2188/466
f 22/472 377/473 7/475
f 22/472 7/475 2019/474
f 2188/466 2019/474 2207/476
f 7/475 377/473 405/477
f 405/477 377/473 642/470
f 2019/474 7/475 1905/478
f 2188/466 2207/476 2296/479
f 2188/466 2296/479 2286/462
f 2207/476 2019/474 2127/480
f 2127/480 2019/474 1905/478
f 2207/476 2127/480 2296/479
f 2286/462 2296/479 2240/453
f 20/481 7/475 405/477
f 7/475 20/481 1905/478
f 2240/453 2296/479 2234/482
f 2240/453 2234/482 1976/454
f 1976/454 2234/482 1831/483
f 1831/483 2234/482 2159/484
f 2159/484 2234/482 2296/479
f 1831/483 2159/484 1705/485
f 1705/485 2159/484 2083/486
f 1705/485 2083/486 1807/487
f 2159/484 2296/479 2215/488
f 2159/484 2215/488 2083/486
f 2083/486 2215/488 2146/489
f 2215/488 2296/479 2127/480
f 2215/488 2127/480 2146/489
f 2146/489 2127/480 2000/490
f 2000/490 2127/480 1717/491
f 1717/491 2127/480 1905/478
f 2000/490 1717/491 1709/492
f 1717/491 1905/478 20/481
f 1709/492 1717/491 150/493
f 150/493 1717/491 20/481
f 1709/492 150/493 192/494
f 150/493 20/481 472/495
f 192/494 150/493 511/496
f 511/496 150/493 472/495
f 472/495 20/481 405/477
f 192/494 511/496 537/497
f 472/495 405/477 678/498
f 678/498 405/477 642/470
f 511/496 472/495 746/499
f 746/499 472/495 678/498
f 537/497 511/496 809/500
f 809/500 511/496 746/499
f 537/497 809/500 863/501
f 863/501 809/500 837/502
f 837/502 809/500 746/499
f 863/501 837/502 871/503
f 668/504 678/498 642/470
f 678/498 668/504 746/499
f 871/503 837/502 774/505
f 871/503 774/505 787/506
f 787/506 774/505 630/507
f 630/507 774/505 576/508
f 768/509 837/502 746/499
f 768/509 746/499 668/504
f 774/505 837/502 733/510
f 733/510 837/502 768/509
f 576/508 774/505 445/511
f 445/511 774/505 733/510
f 576/508 445/511 135/512
f 733/510 768/509 587/513
f 587/513 768/509 668/504
f 733/510 587/513 445/511
f 587/513 668/504 523/514
f 542/515 668/504 642/470
f 668/504 542/515 523/514
f 542/515 642/470 464/471
f 542/515 464/471 478/516
f 542/515 478/516 416/517
f 542/515 416/517 492/518
f 542/515 492/518 523/514
f 492/518 416/517 211/519
f 349/520 587/513 523/514
f 587/513 349/520 445/511
f 523/514 492/518 274/521
f 523/514 274/521 349/520
f 492/518 211/519 220/522
f 492/518 220/522 274/521
f 220/522 211/519 1482/523
f 220/522 1482/523 1514/524
f 220/522 1514/524 274/521
f 1514/524 1482/523 1727/525
f 1514/524 1727/525 1906/526
f 274/521 1514/524 1493/527
f 1493/527 1514/524 1906/526
f 274/521 1493/527 349/520
f 1493/527 1906/526 1972/528
f 1493/527 1972/528 1997/529
f 349/520 1493/527 1463/530
f 1463/530 1493/527 1997/529
f 349/520 1463/530 445/511
f 1463/530 1997/529 1976/531
f 1463/530 1976/531 1831/532
f 445/511 1463/530 91/533
f 91/533 1463/530 1831/532
f 91/533 1831/532 1586/534
f 1586/534 1831/532 1705/535
f 445/511 91/533 117/536
f 117/536 91/533 1586/534
f 117/536 1586/534 1705/535
f 445/511 117/536 135/512
f 135/512 117/536 1705/535
f 1666/537 1599/538 1939/539
f 1599/538 1666/537 304/540
f 1939/539 1599/538 1571/541
f 1599/538 304/540 253/542
f 1599/538 253/542 1571/541
f 1571/541 253/542 208/543
f 208/543 253/542 545/544
f 1571/541 208/543 1725/545
f 545/544 253/542 699/546
f 699/546 253/542 304/540
f 545/544 699/546 866/547
f 866/547 699/546 902/548
f 1571/541 1725/545 1889/549
f 1571/541 1889/549 1939/539
f 1889/549 1725/545 2004/550
f 902/548 699/546 748/551
f 748/551 699/546 304/540
f 902/548 748/551 922/552
f 922/552 748/551 814/553
f 748/551 304/540 326/554
f 748/551 326/554 814/553
f 326/554 304/540 1666/537
f 922/552 814/553 860/555
f 814/553 326/554 346/556
f 814/553 346/556 860/555
f 326/554 1666/537 1682/557
f 326/554 1682/557 346/556
f 1682/557 1666/537 2011/558
f 2011/558 1666/537 1939/539
f 346/556 1682/557 1672/559
f 1682/557 2011/558 2058/560
f 1682/557 2058/560 1672/559
f 2058/560 2011/558 2185/561
f 2058/560 2185/561 2086/562
f 2058/560 2086/562 1663/563
f 2058/560 1663/563 1672/559
f 1672/559 1663/563 4/564
f 1672/559 4/564 343/565
f 1672/559 343/565 356/566
f 1672/559 356/566 346/556
f 356/566 343/565 585/567
f 356/566 585/567 881/568
f 346/556 356/566 727/569
f 727/569 356/566 881/568
f 346/556 727/569 860/555
f 727/569 881/568 867/570
f 727/569 867/570 860/555
f 860/555 867/570 881/568
f 2066/571 2225/572 2185/561
f 2066/571 2185/561 2135/573
f 2135/573 2185/561 2011/558
f 2066/571 2135/573 1945/574
f 2135/573 2011/558 1939/539
f 2135/573 1939/539 2029/575
f 2135/573 2029/575 1945/574
f 2029/575 1939/539 1889/549
f 1945/574 2029/575 1978/576
f 1978/576 2029/575 1889/549
f 1978/576 1889/549 2004/550
f 1945/574 1978/576 1924/577
f 1978/576 2004/550 2150/578
f 1978/576 2150/578 1924/577
f 1924/577 2150/578 2068/579
f 2376/580 2294/581 2364/582
f 2364/582 2294/581 2114/583
f 2294/581 2376/580 2093/584
f 2376/580 2364/582 2440/585
f 2093/584 2376/580 2335/586
f 2335/586 2376/580 2348/587
f 2348/587 2376/580 2440/585
f 2093/584 2335/586 2077/588
f 2077/588 2335/586 2348/587
f 2294/581 2093/584 1543/589
f 2093/584 2077/588 288/590
f 2093/584 288/590 1543/589
f 2077/588 2348/587 2284/591
f 2077/588 2284/591 1561/592
f 2284/591 2348/587 2365/593
f 2077/588 1561/592 355/594
f 2077/588 355/594 288/590
f 355/594 1561/592 420/595
f 2365/593 2348/587 2445/596
f 2445/596 2348/587 2440/585
f 2365/593 2445/596 2472/597
f 2365/593 2472/597 2361/598
f 355/594 420/595 558/599
f 355/594 558/599 288/590
f 558/599 420/595 969/600
f 969/600 420/595 1074/601
f 969/600 1074/601 1085/602
f 558/599 969/600 1108/603
f 969/600 1085/602 1092/604
f 969/600 1092/604 1108/603
f 288/590 558/599 691/605
f 691/605 558/599 1108/603
f 288/590 691/605 264/606
f 288/590 264/606 1543/589
f 1092/604 1085/602 1163/607
f 1108/603 1092/604 1308/608
f 1308/608 1092/604 1163/607
f 1163/607 1085/602 1392/609
f 1392/609 1085/602 1173/610
f 1163/607 1392/609 1422/611
f 1163/607 1422/611 1308/608
f 1422/611 1392/609 1443/612
f 1308/608 1422/611 1430/613
f 1430/613 1422/611 1443/612
f 1443/612 1392/609 1434/614
f 1434/614 1392/609 1363/615
f 1443/612 1434/614 1448/616
f 1429/617 1433/618 1434/614
f 1434/614 1433/618 1447/619
f 1434/614 1447/619 1448/616
f 1443/612 1448/616 1455/620
f 1443/612 1455/620 1430/613
f 1455/620 1448/616 1447/619
f 1454/621 1447/619 1449/622
f 1447/619 1454/621 1455/620
f 1430/613 1455/620 1438/623
f 1430/613 1438/623 1308/608
f 1455/620 1454/621 1452/624
f 1452/624 1454/621 1450/625
f 1452/624 1450/625 1442/626
f 1452/624 1442/626 1414/627
f 1452/624 1414/627 1420/628
f 1455/620 1452/624 1427/629
f 1455/620 1427/629 1438/623
f 1234/630 1308/608 1438/623
f 1234/630 1438/623 1427/629
f 1308/608 1234/630 1108/603
f 1108/603 1234/630 1090/631
f 1108/603 1090/631 691/605
f 1234/630 1427/629 1194/632
f 1234/630 1194/632 1090/631
f 1194/632 1427/629 1133/633
f 1133/633 1427/629 1350/634
f 1133/633 1350/634 1031/635
f 691/605 1090/631 796/636
f 691/605 796/636 264/606
f 1090/631 1194/632 1068/637
f 1090/631 1068/637 796/636
f 1068/637 1194/632 1133/633
f 264/606 796/636 488/638
f 488/638 796/636 1068/637
f 1068/637 1133/633 1040/639
f 1068/637 1040/639 488/638
f 1040/639 1133/633 1031/635
f 264/606 488/638 308/640
f 264/606 308/640 1543/589
f 488/638 1040/639 354/641
f 488/638 354/641 308/640
f 1040/639 1031/635 923/642
f 1040/639 923/642 354/641
f 923/642 1031/635 958/643
f 1543/589 308/640 1526/644
f 1526/644 308/640 354/641
f 1543/589 1526/644 2294/581
f 923/642 958/643 881/645
f 2294/581 1526/644 2114/583
f 354/641 923/642 393/646
f 354/641 393/646 1526/644
f 923/642 881/645 444/647
f 444/647 881/645 585/648
f 444/647 585/648 343/649
f 923/642 444/647 417/650
f 923/642 417/650 393/646
f 417/650 444/647 343/649
f 1526/644 393/646 1541/651
f 1541/651 393/646 417/650
f 1541/651 417/650 343/649
f 1526/644 1541/651 2114/583
f 1541/651 343/649 4/652
f 1541/651 4/652 2114/583
f 2114/583 4/652 1663/653
f 2114/583 1663/653 2167/654
f 2167/654 1663/653 2086/655
f 2114/583 2167/654 2323/656
f 2323/656 2167/654 2225/657
f 2114/583 2323/656 2414/658
f 2414/658 2323/656 2399/659
f 2114/583 2414/658 2364/582
f 2414/658 2399/659 2453/660
f 2453/660 2399/659 2439/661
f 2453/660 2439/661 2479/662
f 2414/658 2453/660 2461/663
f 2414/658 2461/663 2364/582
f 2461/663 2453/660 2479/662
f 2364/582 2461/663 2440/585
f 2461/663 2479/662 2486/664
f 2461/663 2486/664 2440/585
f 2486/664 2479/662 2478/665
f 2440/585 2486/664 2445/596
f 2445/596 2486/664 2484/666
f 2484/666 2486/664 2482/667
f 2445/596 2484/666 2472/597
f 2484/666 2482/667 2470/668
f 2484/666 2470/668 2472/597
f 2472/597 2470/668 2447/669
f 2068/670 1577/671 1924/672
f 1577/671 2068/670 1703/673
f 1577/671 1703/673 138/674
f 1924/672 1577/671 1612/675
f 1924/672 1612/675 1945/676
f 1577/671 138/674 173/677
f 1577/671 173/677 1612/675
f 173/677 138/674 559/678
f 1945/676 1612/675 1633/679
f 1612/675 173/677 203/680
f 1612/675 203/680 1633/679
f 1945/676 1633/679 2066/681
f 203/680 173/677 635/682
f 635/682 173/677 559/678
f 1766/683 2097/684 2066/681
f 1766/683 2066/681 1624/685
f 2066/681 1633/679 1647/686
f 2066/681 1647/686 1624/685
f 250/687 1633/679 203/680
f 1633/679 250/687 1647/686
f 684/688 203/680 635/682
f 203/680 684/688 250/687
f 1624/685 1647/686 279/689
f 1624/685 279/689 345/690
f 1647/686 250/687 254/691
f 1647/686 254/691 279/689
f 250/687 684/688 740/692
f 250/687 740/692 254/691
f 345/690 279/689 784/693
f 345/690 784/693 811/694
f 279/689 254/691 762/695
f 762/695 254/691 740/692
f 279/689 762/695 784/693
f 811/694 784/693 1021/696
f 784/693 762/695 993/697
f 784/693 993/697 1021/696
f 762/695 740/692 964/698
f 762/695 964/698 993/697
f 964/698 740/692 933/699
f 933/699 740/692 684/688
f 993/697 964/698 1047/700
f 964/698 933/699 1007/701
f 964/698 1007/701 1047/700
f 933/699 684/688 886/702
f 886/702 684/688 635/682
f 933/699 886/702 943/703
f 933/699 943/703 1007/701
f 886/702 635/682 859/704
f 886/702 859/704 943/703
f 859/704 635/682 559/678
f 859/704 559/678 779/705
f 859/704 779/705 920/706
f 859/704 920/706 943/703
f 920/706 779/705 874/707
f 920/706 874/707 902/708
f 920/706 902/708 943/703
f 902/708 874/707 866/709
f 943/703 902/708 922/710
f 943/703 922/710 1007/701
f 1007/701 922/710 982/711
f 982/711 922/710 860/712
f 1007/701 982/711 1043/713
f 982/711 860/712 1012/714
f 982/711 1012/714 1043/713
f 1043/713 1012/714 860/712
f 1043/713 860/712 881/715
f 1043/713 881/715 958/716
f 1007/701 1043/713 1047/700
f 1043/713 958/716 1031/717
f 1043/713 1031/717 1224/718
f 1047/700 1043/713 1069/719
f 1069/719 1043/713 1224/718
f 1047/700 1069/719 993/697
f 993/697 1069/719 1021/696
f 1021/696 1069/719 1101/720
f 1101/720 1069/719 1224/718
f 1021/696 1101/720 1077/721
f 1350/722 1224/718 1031/717
f 1452/723 1350/722 1427/724
f 1350/722 1452/723 1420/725
f 1350/722 1420/725 1325/726
f 1350/722 1325/726 1224/718
f 1325/726 1420/725 1414/727
f 1207/728 1101/720 1224/718
f 1207/728 1224/718 1325/726
f 1101/720 1207/728 1077/721
f 1325/726 1414/727 1329/729
f 1325/726 1329/729 1207/728
f 1207/728 1329/729 1077/721
f 1329/729 1414/727 1326/730
f 1329/729 1326/730 1077/721
f 2146/731 1923/732 2083/733
f 2083/733 1923/732 1807/734
f 1923/732 2146/731 1973/735
f 1973/735 2146/731 2000/736
f 1807/734 1923/732 1591/737
f 1807/734 1591/737 1705/738
f 1705/738 1591/737 135/739
f 135/739 1591/737 179/740
f 179/740 1591/737 1630/741
f 1630/741 1591/737 1923/732
f 179/740 1630/741 199/742
f 1630/741 1923/732 1943/743
f 1943/743 1923/732 1973/735
f 199/742 1630/741 1629/744
f 1629/744 1630/741 1943/743
f 199/742 1629/744 245/745
f 245/745 1629/744 1648/746
f 1648/746 1629/744 1943/743
f 245/745 1648/746 258/747
f 258/747 1648/746 275/748
f 1648/746 1943/743 2001/749
f 2001/749 1943/743 2128/750
f 2128/750 1943/743 1973/735
f 1648/746 2001/749 2032/751
f 2032/751 2001/749 2128/750
f 275/748 1648/746 1638/752
f 1638/752 1648/746 2032/751
f 275/748 1638/752 1584/753
f 1584/753 1638/752 1767/754
f 1767/754 1638/752 2074/755
f 2074/755 1638/752 2032/751
f 2074/755 2032/751 2186/756
f 2186/756 2032/751 2128/750
f 2074/755 2186/756 2223/757
f 2223/757 2186/756 2052/758
f 2186/756 2128/750 2010/759
f 2186/756 2010/759 2052/758
f 2010/759 2128/750 1971/760
f 1971/760 2128/750 1973/735
f 2010/759 1971/760 1668/761
f 1971/760 1973/735 1918/762
f 1971/760 1918/762 1668/761
f 1918/762 1973/735 1868/763
f 1868/763 1973/735 2000/736
f 1868/763 2000/736 1709/764
f 1868/763 1709/764 1567/765
f 1868/763 1567/765 1918/762
f 1567/765 1709/764 192/766
f 1918/762 1567/765 1605/767
f 1918/762 1605/767 1668/761
f 1567/765 192/766 265/768
f 1567/765 265/768 1605/767
f 265/768 192/766 537/769
f 1668/761 1605/767 309/770
f 309/770 1605/767 265/768
f 265/768 537/769 692/771
f 265/768 692/771 309/770
f 692/771 537/769 863/772
f 692/771 863/772 901/773
f 692/771 901/773 752/774
f 692/771 752/774 309/770
f 752/774 901/773 921/775
f 332/776 1668/761 309/770
f 332/776 309/770 752/774
f 752/774 921/775 817/777
f 752/774 817/777 332/776
f 817/777 921/775 1016/778
f 1668/761 332/776 1671/779
f 1668/761 1671/779 2010/759
f 332/776 817/777 352/780
f 332/776 352/780 1671/779
f 817/777 1016/778 862/781
f 817/777 862/781 352/780
f 2010/759 1671/779 2052/758
f 1671/779 352/780 1658/782
f 1671/779 1658/782 2052/758
f 352/780 862/781 361/783
f 352/780 361/783 1658/782
f 862/781 1016/778 962/784
f 962/784 1016/778 1046/785
f 862/781 962/784 880/786
f 862/781 880/786 361/783
f 962/784 1046/785 1005/787
f 962/784 1005/787 880/786
f 1005/787 1046/785 1161/788
f 1161/788 1046/785 1055/789
f 880/786 1005/787 851/790
f 361/783 880/786 582/791
f 582/791 880/786 851/790
f 361/783 582/791 363/792
f 363/792 582/791 421/793
f 421/793 582/791 851/790
f 361/783 363/792 1659/794
f 1659/794 363/792 421/793
f 361/783 1659/794 1658/782
f 1658/782 1659/794 1828/795
f 1658/782 1828/795 2052/758
f 1659/794 421/793 1934/796
f 1659/794 1934/796 1828/795
f 2052/758 1828/795 2079/797
f 2052/758 2079/797 2223/757
f 2223/757 2079/797 2168/798
f 2168/798 2079/797 1828/795
f 2223/757 2168/798 2401/799
f 1828/795 1934/796 2118/800
f 1828/795 2118/800 2168/798
f 1499/801 1934/796 421/793
f 1934/796 1499/801 2118/800
f 1499/801 421/793 426/802
f 426/802 421/793 851/790
f 2118/800 1499/801 1546/803
f 1546/803 1499/801 426/802
f 2168/798 2118/800 2333/804
f 2168/798 2333/804 2401/799
f 2333/804 2118/800 2332/805
f 2332/805 2118/800 1546/803
f 2401/799 2333/804 2358/806
f 2358/806 2333/804 2332/805
f 1546/803 426/802 364/807
f 364/807 426/802 851/790
f 2332/805 1546/803 1551/808
f 1546/803 364/807 296/809
f 1546/803 296/809 1551/808
f 364/807 851/790 906/810
f 364/807 906/810 296/809
f 906/810 851/790 1035/811
f 1035/811 851/790 1005/787
f 296/809 906/810 894/812
f 1035/811 1005/787 1161/788
f 906/810 1035/811 1064/813
f 906/810 1064/813 894/812
f 1064/813 1035/811 1152/814
f 894/812 1064/813 1089/815
f 1089/815 1064/813 1152/814
f 296/809 894/812 271/816
f 296/809 271/816 1551/808
f 894/812 1089/815 1109/817
f 1109/817 1089/815 1152/814
f 271/816 894/812 696/818
f 696/818 894/812 1109/817
f 1186/819 1152/814 1035/811
f 1186/819 1035/811 1161/788
f 1109/817 1152/814 1286/820
f 1152/814 1186/819 1426/821
f 1152/814 1426/821 1286/820
f 1109/817 1286/820 1098/822
f 1109/817 1098/822 696/818
f 1286/820 1426/821 1439/823
f 1098/822 1286/820 1296/824
f 1296/824 1286/820 1439/823
f 696/818 1098/822 822/825
f 1098/822 1296/824 1084/826
f 1098/822 1084/826 822/825
f 1084/826 1296/824 1425/827
f 1425/827 1296/824 1439/823
f 822/825 1084/826 456/828
f 1084/826 1425/827 1393/829
f 1084/826 1393/829 1076/830
f 1393/829 1425/827 1437/831
f 1437/831 1425/827 1439/823
f 822/825 456/828 402/832
f 1393/829 1437/831 1435/833
f 402/832 456/828 103/834
f 822/825 402/832 320/835
f 320/835 402/832 103/834
f 822/825 320/835 696/818
f 1437/831 1439/823 1451/836
f 1451/836 1439/823 1445/837
f 1445/837 1439/823 1426/821
f 1437/831 1451/836 1456/838
f 1456/838 1451/836 1445/837
f 696/818 320/835 287/839
f 696/818 287/839 271/816
f 287/839 320/835 1711/840
f 1711/840 320/835 103/834
f 271/816 287/839 1528/841
f 1528/841 287/839 1711/840
f 271/816 1528/841 1551/808
f 1528/841 1711/840 2046/842
f 1528/841 2046/842 1551/808
f 2046/842 1711/840 2302/843
f 2046/842 2302/843 1551/808
f 1711/840 103/834 2289/844
f 2289/844 103/834 2285/845
f 1711/840 2289/844 2302/843
f 1551/808 2302/843 2366/846
f 1551/808 2366/846 2332/805
f 2332/805 2366/846 2358/806
f 2366/846 2302/843 2375/847
f 2358/806 2366/846 2458/848
f 2458/848 2366/846 2375/847
f 2375/847 2302/843 2350/849
f 2350/849 2302/843 2289/844
f 2350/849 2289/844 2367/850
f 2367/850 2289/844 2388/851
f 2350/849 2367/850 2457/852
f 2457/852 2367/850 2388/851
f 2350/849 2457/852 2375/847
f 2457/852 2388/851 2446/853
f 2485/854 2458/848 2375/847
f 2485/854 2375/847 2457/852
f 2457/852 2446/853 2462/855
f 2457/852 2462/855 2473/856
f 2473/856 2462/855 2470/857
f 2470/857 2462/855 2448/858
f 2457/852 2473/856 2483/859
f 2483/859 2473/856 2470/857
f 2457/852 2483/859 2485/854
f 2483/859 2470/857 2482/860
f 2483/859 2482/860 2485/854
f 2485/854 2482/860 2486/861
f 2485/854 2486/861 2478/862
f 2485/854 2478/862 2458/848
f 2458/848 2478/862 2358/806
f 2358/806 2478/862 2420/863
f 2358/806 2420/863 2401/799
f 2401/799 2420/863 2399/864
f 2399/864 2420/863 2439/865
f 2439/865 2420/863 2478/862
f 2439/865 2478/862 2479/866
f 1230/867 1186/819 1161/788
f 1230/867 1161/788 1111/868
f 1111/868 1161/788 1055/789
f 1111/868 1055/789 1071/869
f 1230/867 1111/868 1328/870
f 1328/870 1111/868 1095/871
f 1186/819 1230/867 1404/872
f 1186/819 1404/872 1426/821
f 1426/821 1404/872 1445/837
f 1404/872 1230/867 1428/873
f 1404/872 1428/873 1445/837
f 1428/873 1230/867 1328/870
f 1077/874 1326/875 1328/870
f 1328/870 1326/875 1414/876
f 1328/870 1414/876 1428/873
f 1428/873 1414/876 1442/877
f 1445/837 1428/873 1453/878
f 1453/878 1428/873 1442/877
f 1453/878 1442/877 1450/879
f 1445/837 1453/878 1456/838
f 1456/838 1453/878 1450/879
f 1456/838 1450/879 1454/880
f 1456/838 1454/880 1449/881
f 1456/838 1449/881 1446/882
f 1456/838 1446/882 1437/831
f 1437/831 1446/882 1435/833
f 1446/882 1449/881 1441/883
f 1446/882 1441/883 1435/833
f 1441/883 1449/881 1447/884
f 1435/833 1441/883 1433/885
s 0
f 1433/885 1441/883 1447/884
s 1
f 179/886 576/887 135/888
f 576/887 179/886 640/889
f 576/887 640/889 630/890
f 640/889 179/886 682/891
f 682/891 179/886 199/892
f 630/890 640/889 856/893
f 682/891 199/892 245/894
f 630/890 856/893 787/895
f 640/889 682/891 892/896
f 640/889 892/896 856/893
f 682/891 245/894 738/897
f 738/897 245/894 258/898
f 682/891 738/897 858/899
f 682/891 858/899 892/896
f 858/899 738/897 961/900
f 858/899 961/900 892/896
f 738/897 258/898 758/901
f 738/897 758/901 961/900
f 758/901 258/898 275/902
f 758/901 275/902 785/903
f 758/901 785/903 996/904
f 758/901 996/904 961/900
f 1009/905 1071/906 996/904
f 996/904 1071/906 1041/907
f 996/904 1041/907 961/900
f 1041/907 1071/906 1055/908
f 961/900 1041/907 1003/909
f 961/900 1003/909 892/896
f 1041/907 1055/908 1016/910
f 1041/907 1016/910 1003/909
f 1016/910 1055/908 1046/911
f 892/896 1003/909 941/912
f 941/912 1003/909 1016/910
f 892/896 941/912 856/893
f 941/912 1016/910 921/913
f 941/912 921/913 926/914
f 941/912 926/914 856/893
f 926/914 921/913 901/915
f 856/893 926/914 912/916
f 912/916 926/914 901/915
f 856/893 912/916 787/895
f 787/895 912/916 871/917
f 871/917 912/916 901/915
f 871/917 901/915 863/918
f 2323/919 2363/920 2399/921
f 2399/921 2363/920 2349/922
f 2363/920 2323/919 2225/923
f 2349/922 2363/920 2218/924
f 2218/924 2363/920 2225/923
f 2066/925 2097/926 2225/923
f 2225/923 2097/926 2106/927
f 2225/923 2106/927 2218/924
f 2106/927 2097/926 1766/928
f 2218/924 2106/927 1792/929
f 1792/929 2106/927 1766/928
f 2218/924 1792/929 1757/930
f 1757/930 1792/929 1547/931
f 1792/929 1766/928 1583/932
f 1792/929 1583/932 1547/931
f 1583/932 1766/928 1624/933
f 1547/931 1583/932 272/934
f 1583/932 1624/933 345/935
f 1583/932 345/935 272/934
f 2361/936 2284/937 2365/938
f 2472/939 2447/940 2361/936
f 2284/937 2361/936 2126/941
f 2361/936 2447/940 2410/942
f 2361/936 2410/942 2126/941
f 2284/937 2126/941 1521/943
f 2284/937 1521/943 1561/944
f 1561/944 1521/943 515/945
f 1561/944 515/945 420/946
f 420/946 515/945 1074/947
f 515/945 1521/943 573/948
f 573/948 1521/943 2126/941
f 1074/947 515/945 861/949
f 861/949 515/945 573/948
f 1074/947 861/949 1075/950
f 1938/951 2126/941 2410/942
f 2126/941 1938/951 573/948
f 861/949 573/948 1027/952
f 861/949 1027/952 1075/950
f 1027/952 573/948 578/953
f 578/953 573/948 1920/954
f 1920/954 573/948 1938/951
f 578/953 1920/954 592/955
f 592/955 1920/954 1604/956
f 1604/956 1920/954 2346/957
f 2346/957 1920/954 1938/951
f 1292/958 1075/950 1027/952
f 1292/958 1027/952 1100/959
f 1292/958 1100/959 1232/960
f 1292/958 1232/960 1331/961
f 2346/957 1938/951 2408/962
f 2408/962 1938/951 2410/942
f 2346/957 2408/962 2404/963
f 2346/957 2404/963 2353/964
f 2353/964 2404/963 2409/965
f 2409/965 2404/963 2408/962
f 2353/964 2409/965 2357/966
f 2408/962 2410/942 2428/967
f 2408/962 2428/967 2409/965
f 2428/967 2410/942 2447/940
f 2409/965 2428/967 2448/968
f 2428/967 2447/940 2470/969
f 2428/967 2470/969 2448/968
f 1418/970 1331/961 1399/971
f 1331/961 1418/970 1304/972
f 1331/961 1304/972 1292/958
f 1304/972 1418/970 1429/973
f 1304/972 1429/973 1434/974
f 1292/958 1304/972 1075/950
f 1304/972 1434/974 1363/975
f 1075/950 1304/972 1173/976
f 1173/976 1304/972 1363/975
f 1173/976 1363/975 1392/977
f 1075/950 1173/976 1074/947
f 1074/947 1173/976 1085/978
f 2086/979 2225/980 2167/981
f 2225/980 2086/979 2185/982
f 1547/983 12/984 1757/985
f 12/984 1547/983 129/986
f 129/986 1547/983 272/987
f 1757/985 12/984 1539/988
f 1539/988 12/984 129/986
f 129/986 272/987 367/989
f 129/986 367/989 1539/988
f 367/989 272/987 345/990
f 1539/988 367/989 1584/991
f 1584/991 367/989 275/992
f 275/992 367/989 818/993
f 1539/988 1584/991 1745/994
f 1539/988 1745/994 1757/985
f 1745/994 1584/991 1767/995
f 818/993 367/989 591/996
f 1757/985 1745/994 2169/997
f 1757/985 2169/997 2218/998
f 1745/994 1767/995 2098/999
f 2098/999 1767/995 2074/1000
f 2098/999 2074/1000 2223/1001
f 2218/998 2169/997 2349/1002
f 2169/997 1745/994 2108/1003
f 2108/1003 1745/994 2098/999
f 2169/997 2108/1003 2349/1002
f 2108/1003 2098/999 2184/1004
f 2184/1004 2098/999 2223/1001
f 2108/1003 2184/1004 2349/1002
f 2349/1002 2184/1004 2223/1001
f 2349/1002 2223/1001 2401/1005
f 2349/1002 2401/1005 2399/1006
f 832/1007 910/1008 818/993
f 832/1007 818/993 591/996
f 832/1007 591/996 802/1009
f 802/1009 591/996 612/1010
f 802/1009 612/1010 806/1011
f 612/1010 591/996 687/1012
f 612/1010 687/1012 806/1011
f 687/1012 591/996 820/1013
f 687/1012 820/1013 806/1011
f 1077/1014 956/1015 1021/1016
f 956/1015 1077/1014 978/1017
f 1021/1016 956/1015 879/1018
f 879/1018 956/1015 820/1019
f 1021/1016 879/1018 811/1020
f 811/1020 879/1018 820/1019
f 811/1020 820/1019 591/1021
f 811/1020 591/1021 367/1022
f 811/1020 367/1022 345/1023
f 2448/1024 2462/1025 2446/1026
f 2448/1024 2446/1026 2411/1027
f 2448/1024 2411/1027 2409/1028
f 2354/1029 2357/1030 2409/1028
f 2354/1029 2409/1028 2411/1027
f 2354/1029 2411/1027 2383/1031
f 2411/1027 2446/1026 2407/1032
f 2407/1032 2446/1026 2388/1033
f 2383/1031 2411/1027 2317/1034
f 2383/1031 2317/1034 2347/1035
f 2411/1027 2407/1032 2028/1036
f 2411/1027 2028/1036 2317/1034
f 2407/1032 2388/1033 2285/1037
f 2285/1037 2388/1033 2289/1038
f 2028/1036 2407/1032 2069/1039
f 2069/1039 2407/1032 2285/1037
f 2317/1034 2028/1036 1929/1040
f 1929/1040 2028/1036 2069/1039
f 2317/1034 1929/1040 1772/1041
f 2317/1034 1772/1041 1598/1042
f 1772/1041 1929/1040 577/1043
f 1772/1041 577/1043 607/1044
f 1929/1040 2069/1039 588/1045
f 1929/1040 588/1045 577/1043
f 607/1044 577/1043 870/1046
f 870/1046 577/1043 588/1045
f 142/1047 2069/1039 2285/1037
f 2069/1039 142/1047 588/1045
f 142/1047 2285/1037 103/1048
f 142/1047 103/1048 456/1049
f 142/1047 456/1049 588/1045
f 870/1046 588/1045 1073/1050
f 1073/1050 588/1045 456/1049
f 1084/1051 1076/1052 456/1049
f 456/1049 1076/1052 1073/1050
f 1073/1050 1076/1052 1393/1053
f 870/1046 1073/1050 1057/1054
f 870/1046 1057/1054 1024/1055
f 1024/1055 1057/1054 1117/1056
f 1073/1050 1393/1053 1373/1057
f 1373/1057 1393/1053 1435/1058
f 1057/1054 1073/1050 1338/1059
f 1338/1059 1073/1050 1373/1057
f 1117/1056 1057/1054 1302/1060
f 1302/1060 1057/1054 1338/1059
f 1218/1061 1117/1056 1259/1062
f 1259/1062 1117/1056 1302/1060
f 1338/1059 1373/1057 1394/1063
f 1394/1063 1373/1057 1435/1058
f 1338/1059 1394/1063 1302/1060
f 1394/1063 1435/1058 1366/1064
f 1394/1063 1366/1064 1302/1060
f 1366/1064 1435/1058 1433/1065
f 1366/1064 1433/1065 1429/1066
f 1366/1064 1429/1066 1418/1067
f 1355/1068 1259/1062 1302/1060
f 1355/1068 1302/1060 1366/1064
f 1355/1068 1366/1064 1418/1067
f 1259/1062 1355/1068 1399/1069
f 1399/1069 1355/1068 1418/1067
f 785/1070 818/1071 996/1072
f 818/1071 785/1070 275/1073
f 996/1072 818/1071 1009/1074
f 1009/1074 818/1071 910/1075
f 1009/1074 910/1075 1029/1076
f 1009/1074 1029/1076 1071/1077
f 1071/1077 1029/1076 1111/1078
f 1111/1078 1029/1076 1095/1079
f 1029/1076 910/1075 978/1080
f 1029/1076 978/1080 1095/1079
f 978/1080 910/1075 832/1081
f 1095/1079 978/1080 1077/1082
f 1095/1079 1077/1082 1328/1083
f 978/1080 832/1081 820/1084
f 978/1080 820/1084 956/1085
f 820/1084 832/1081 802/1086
f 820/1084 802/1086 806/1087
f 1786/1088 2157/1089 2181/1090
f 2181/1090 2157/1089 2163/1091
f 2157/1089 1786/1088 2099/1092
f 2157/1089 2099/1092 2163/1091
f 1786/1088 2181/1090 1849/1093
f 1786/1088 1849/1093 1590/1094
f 1849/1093 2181/1090 2172/1095
f 1849/1093 2172/1095 1748/1096
f 1849/1093 1748/1096 1590/1094
f 2172/1095 2181/1090 2176/1097
f 2176/1097 2181/1090 2163/1091
f 1748/1096 2172/1095 1593/1098
f 2172/1095 2176/1097 2119/1099
f 1748/1096 1593/1098 1569/1100
f 1748/1096 1569/1100 1590/1094
f 1569/1100 1593/1098 63/1101
f 1569/1100 63/1101 1590/1094
f 2119/1099 2176/1097 2120/1102
f 2119/1099 2120/1102 2040/1103
f 2120/1102 2176/1097 2139/1104
f 2139/1104 2176/1097 2163/1091
f 2120/1102 2139/1104 2013/1105
f 2013/1105 2139/1104 2049/1106
f 2049/1106 2139/1104 2163/1091
f 2049/1106 2163/1091 2076/1107
f 2076/1107 2163/1091 2099/1092
f 2049/1106 2076/1107 1870/1108
f 1870/1108 2076/1107 2099/1092
f 2049/1106 1870/1108 1740/1109
f 2049/1106 1740/1109 1932/1110
f 1932/1110 1740/1109 1602/1111
f 1740/1109 1870/1108 1636/1112
f 1740/1109 1636/1112 1602/1111
f 1870/1108 2099/1092 1776/1113
f 1776/1113 2099/1092 1786/1088
f 1636/1112 1870/1108 1696/1114
f 1696/1114 1870/1108 1776/1113
f 1602/1111 1636/1112 124/1115
f 1602/1111 124/1115 64/1116
f 1636/1112 1696/1114 1460/1117
f 1636/1112 1460/1117 124/1115
f 1776/1113 1786/1088 1618/1118
f 1618/1118 1786/1088 1590/1094
f 1696/1114 1776/1113 1610/1119
f 1610/1119 1776/1113 1618/1118
f 1460/1117 1696/1114 1465/1120
f 1465/1120 1696/1114 1610/1119
f 124/1115 1460/1117 145/1121
f 1618/1118 1590/1094 34/1122
f 34/1122 1590/1094 63/1101
f 1610/1119 1618/1118 1477/1123
f 1477/1123 1618/1118 34/1122
f 34/1122 63/1101 225/1124
f 124/1115 145/1121 422/1125
f 34/1122 225/1124 303/1126
f 303/1126 225/1124 463/1127
f 1477/1123 34/1122 101/1128
f 101/1128 34/1122 303/1126
f 1610/1119 1477/1123 1486/1129
f 1486/1129 1477/1123 101/1128
f 1610/1119 1486/1129 1465/1120
f 101/1128 303/1126 263/1130
f 1486/1129 101/1128 105/1131
f 105/1131 101/1128 263/1130
f 1486/1129 105/1131 1465/1120
f 263/1130 303/1126 506/1132
f 263/1130 506/1132 105/1131
f 589/1133 303/1126 463/1127
f 303/1126 589/1133 506/1132
f 589/1133 463/1127 632/1134
f 589/1133 632/1134 667/1135
f 506/1132 589/1133 659/1136
f 659/1136 589/1133 667/1135
f 105/1131 506/1132 507/1137
f 507/1137 506/1132 659/1136
f 659/1136 667/1135 639/1138
f 659/1136 639/1138 507/1137
f 639/1138 667/1135 656/1139
f 639/1138 656/1139 620/1140
f 639/1138 620/1140 422/1125
f 639/1138 422/1125 507/1137
f 105/1131 507/1137 318/1141
f 507/1137 422/1125 284/1142
f 507/1137 284/1142 318/1141
f 284/1142 422/1125 145/1121
f 105/1131 318/1141 130/1143
f 130/1143 318/1141 284/1142
f 130/1143 284/1142 145/1121
f 105/1131 130/1143 1465/1120
f 130/1143 145/1121 1460/1117
f 130/1143 1460/1117 1465/1120
f 1932/1144 2013/1145 2049/1146
f 2013/1145 1932/1144 1988/1147
f 2013/1145 1988/1147 2120/1148
f 2120/1148 1988/1147 2071/1149
f 1988/1147 1932/1144 1800/1150
f 1800/1150 1932/1144 1594/1151
f 1594/1151 1932/1144 1602/1152
f 1988/1147 1800/1150 1761/1153
f 1761/1153 1800/1150 1594/1151
f 2071/1149 1988/1147 1927/1154
f 1927/1154 1988/1147 1761/1153
f 2071/1149 1927/1154 1986/1155
f 1594/1151 1602/1152 64/1156
f 1986/1155 1927/1154 1902/1157
f 1986/1155 1902/1157 1856/1158
f 1902/1157 1927/1154 1778/1159
f 1778/1159 1927/1154 1761/1153
f 1902/1157 1778/1159 1724/1160
f 1724/1160 1778/1159 1625/1161
f 1778/1159 1761/1153 1613/1162
f 1613/1162 1761/1153 1594/1151
f 1778/1159 1613/1162 1625/1161
f 1613/1162 1594/1151 55/1163
f 1613/1162 55/1163 1625/1161
f 55/1163 1594/1151 64/1156
f 1625/1161 55/1163 96/1164
f 55/1163 64/1156 137/1165
f 96/1164 55/1163 155/1166
f 155/1166 55/1163 137/1165
f 137/1165 64/1156 297/1167
f 297/1167 64/1156 291/1168
f 155/1166 137/1165 328/1169
f 328/1169 137/1165 297/1167
f 96/1164 155/1166 222/1170
f 222/1170 155/1166 328/1169
f 96/1164 222/1170 248/1171
f 297/1167 291/1168 436/1172
f 297/1167 436/1172 328/1169
f 436/1172 291/1168 384/1173
f 384/1173 291/1168 440/1174
f 248/1171 222/1170 324/1175
f 324/1175 222/1170 328/1169
f 248/1171 324/1175 489/1176
f 248/1171 489/1176 529/1177
f 324/1175 328/1169 518/1178
f 324/1175 518/1178 489/1176
f 518/1178 328/1169 563/1179
f 563/1179 328/1169 436/1172
f 489/1176 518/1178 666/1180
f 489/1176 666/1180 529/1177
f 518/1178 563/1179 611/1181
f 518/1178 611/1181 666/1180
f 611/1181 563/1179 697/1182
f 666/1180 611/1181 705/1183
f 666/1180 705/1183 722/1184
f 529/1177 666/1180 657/1185
f 529/1177 657/1185 483/1186
f 666/1180 722/1184 670/1187
f 666/1180 670/1187 657/1185
f 670/1187 722/1184 619/1188
f 483/1186 657/1185 586/1189
f 586/1189 657/1185 670/1187
f 586/1189 670/1187 619/1188
f 483/1186 586/1189 370/1190
f 370/1190 586/1189 619/1188
f 593/1191 697/1182 563/1179
f 697/1182 593/1191 709/1192
f 697/1182 709/1192 770/1193
f 593/1191 563/1179 495/1194
f 495/1194 563/1179 436/1172
f 495/1194 436/1172 384/1173
f 770/1193 709/1192 688/1195
f 688/1195 709/1192 593/1191
f 770/1193 688/1195 716/1196
f 593/1191 495/1194 525/1197
f 593/1191 525/1197 688/1195
f 495/1194 384/1173 406/1198
f 495/1194 406/1198 525/1197
f 406/1198 384/1173 440/1174
f 688/1195 525/1197 568/1199
f 688/1195 568/1199 716/1196
f 525/1197 406/1198 469/1200
f 525/1197 469/1200 568/1199
f 406/1198 440/1174 476/1201
f 406/1198 476/1201 469/1200
f 476/1201 440/1174 531/1202
f 476/1201 531/1202 600/1203
f 469/1200 476/1201 595/1204
f 595/1204 476/1201 600/1203
f 469/1200 595/1204 568/1199
f 568/1199 595/1204 716/1196
f 595/1204 600/1203 676/1205
f 595/1204 676/1205 716/1196
f 2119/1206 2031/1207 2172/1208
f 2172/1208 2031/1207 1593/1209
f 2031/1207 2119/1206 1894/1210
f 1593/1209 2031/1207 1665/1211
f 1665/1211 2031/1207 1894/1210
f 1894/1210 2119/1206 2040/1212
f 1593/1209 1665/1211 122/1213
f 1665/1211 1894/1210 1652/1214
f 1665/1211 1652/1214 122/1213
f 1894/1210 2040/1212 1801/1215
f 1894/1210 1801/1215 1652/1214
f 1593/1209 122/1213 70/1216
f 1593/1209 70/1216 63/1217
f 63/1217 70/1216 225/1218
f 225/1218 70/1216 122/1213
f 225/1218 122/1213 310/1219
f 225/1218 310/1219 463/1220
f 99/1221 122/1213 1652/1214
f 1560/1222 1652/1214 1801/1215
f 1652/1214 1560/1222 99/1221
f 1560/1222 1801/1215 1728/1223
f 1560/1222 1728/1223 1673/1224
f 99/1221 1560/1222 74/1225
f 1728/1223 1801/1215 1966/1226
f 1966/1226 1801/1215 2040/1212
f 1728/1223 1966/1226 1821/1227
f 99/1221 74/1225 194/1228
f 1966/1226 2040/1212 2020/1229
f 1966/1226 2020/1229 1821/1227
f 2020/1229 2040/1212 2120/1230
f 1821/1227 2020/1229 1888/1231
f 2020/1229 2120/1230 2071/1232
f 1888/1231 2020/1229 1986/1233
f 1986/1233 2020/1229 2071/1232
f 99/1221 194/1228 277/1234
f 277/1234 194/1228 465/1235
f 465/1235 194/1228 370/1236
f 465/1235 370/1236 619/1237
f 465/1235 619/1237 569/1238
f 465/1235 569/1238 579/1239
f 99/1221 277/1234 330/1240
f 99/1221 330/1240 122/1213
f 122/1213 330/1240 310/1219
f 277/1234 465/1235 467/1241
f 467/1241 465/1235 579/1239
f 277/1234 467/1241 330/1240
f 310/1219 330/1240 414/1242
f 414/1242 330/1240 467/1241
f 310/1219 414/1242 463/1220
f 463/1220 414/1242 632/1243
f 414/1242 467/1241 560/1244
f 560/1244 467/1241 579/1239
f 414/1242 560/1244 632/1243
f 560/1244 579/1239 656/1245
f 560/1244 656/1245 632/1243
f 632/1243 656/1245 667/1246
f 620/1247 656/1248 628/1249
f 628/1249 656/1248 579/1250
f 628/1249 579/1250 569/1251
f 620/1247 628/1249 553/1252
f 628/1249 569/1251 604/1253
f 628/1249 604/1253 553/1252
f 620/1247 553/1252 422/1254
f 604/1253 569/1251 681/1255
f 604/1253 681/1255 553/1252
f 681/1255 569/1251 619/1256
f 422/1254 553/1252 441/1257
f 422/1254 441/1257 124/1258
f 441/1257 553/1252 418/1259
f 418/1259 553/1252 681/1255
f 124/1258 441/1257 154/1260
f 154/1260 441/1257 418/1259
f 124/1258 154/1260 64/1261
f 64/1261 154/1260 291/1262
f 291/1262 154/1260 418/1259
f 291/1262 418/1259 440/1263
f 440/1263 418/1259 531/1264
f 531/1264 418/1259 681/1255
f 722/1265 681/1255 619/1256
f 531/1264 681/1255 718/1266
f 718/1266 681/1255 722/1265
f 531/1264 718/1266 600/1267
f 600/1267 718/1266 739/1268
f 739/1268 718/1266 722/1265
f 600/1267 739/1268 676/1269
f 676/1269 739/1268 716/1270
f 716/1270 739/1268 770/1271
f 770/1271 739/1268 722/1265
f 770/1271 722/1265 736/1272
f 736/1272 722/1265 705/1273
f 770/1271 736/1272 697/1274
f 697/1274 736/1272 705/1273
f 697/1274 705/1273 611/1275
f 1888/1276 1986/1277 1856/1278
f 1888/1276 1856/1278 1879/1279
f 1888/1276 1879/1279 1815/1280
f 1888/1276 1815/1280 1821/1281
f 1821/1281 1815/1280 1673/1282
f 1821/1281 1673/1282 1728/1283
f 1673/1282 1815/1280 1863/1284
f 1863/1284 1815/1280 1879/1279
f 1673/1282 1863/1284 1771/1285
f 1771/1285 1863/1284 1942/1286
f 1863/1284 1879/1279 1965/1287
f 1863/1284 1965/1287 1942/1286
f 1965/1287 1879/1279 1843/1288
f 1843/1288 1879/1279 1856/1278
f 1942/1286 1965/1287 2055/1289
f 1965/1287 1843/1288 1937/1290
f 1965/1287 1937/1290 2055/1289
f 1942/1286 2055/1289 2054/1291
f 1942/1286 2054/1291 1963/1292
f 1963/1292 2054/1291 2003/1293
f 2054/1291 2055/1289 2131/1294
f 2131/1294 2055/1289 2002/1295
f 2002/1295 2055/1289 1937/1290
f 2002/1295 1937/1290 1795/1296
f 2002/1295 1795/1296 1847/1297
f 1847/1297 1795/1296 1639/1298
f 1795/1296 1937/1290 1763/1299
f 1763/1299 1937/1290 1843/1288
f 1763/1299 1843/1288 1856/1278
f 1639/1298 1795/1296 1596/1300
f 1596/1300 1795/1296 1763/1299
f 1639/1298 1596/1300 31/1301
f 1639/1298 31/1301 21/1302
f 1763/1299 1856/1278 1768/1303
f 1768/1303 1856/1278 1902/1304
f 1768/1303 1902/1304 1724/1305
f 1768/1303 1724/1305 1603/1306
f 1768/1303 1603/1306 1763/1299
f 1603/1306 1724/1305 1625/1307
f 1607/1308 1596/1300 1763/1299
f 1607/1308 1763/1299 1603/1306
f 1596/1300 1607/1308 1488/1309
f 1596/1300 1488/1309 31/1301
f 1603/1306 1625/1307 1479/1310
f 1603/1306 1479/1310 1607/1308
f 1479/1310 1625/1307 96/1311
f 1488/1309 1607/1308 1467/1312
f 1467/1312 1607/1308 1479/1310
f 1479/1310 96/1311 248/1313
f 1488/1309 1467/1312 232/1314
f 232/1314 1467/1312 1479/1310
f 1488/1309 232/1314 31/1301
f 1479/1310 248/1313 214/1315
f 1479/1310 214/1315 232/1314
f 214/1315 248/1313 378/1316
f 378/1316 248/1313 529/1317
f 378/1316 529/1317 483/1318
f 31/1301 232/1314 221/1319
f 31/1301 221/1319 21/1302
f 21/1302 221/1319 213/1320
f 213/1320 221/1319 317/1321
f 378/1316 483/1318 357/1322
f 357/1322 483/1318 370/1323
f 378/1316 357/1322 315/1324
f 378/1316 315/1324 214/1315
f 357/1322 370/1323 311/1325
f 357/1322 311/1325 315/1324
f 214/1315 315/1324 333/1326
f 214/1315 333/1326 232/1314
f 333/1326 315/1324 311/1325
f 339/1327 221/1319 232/1314
f 339/1327 232/1314 333/1326
f 221/1319 339/1327 317/1321
f 333/1326 311/1325 316/1328
f 333/1326 316/1328 339/1327
f 317/1321 339/1327 307/1329
f 317/1321 307/1329 270/1330
f 339/1327 316/1328 305/1331
f 339/1327 305/1331 307/1329
f 316/1328 311/1325 267/1332
f 316/1328 267/1332 305/1331
f 307/1329 305/1331 262/1333
f 307/1329 262/1333 201/1334
f 262/1333 305/1331 139/1335
f 262/1333 139/1335 141/1336
f 141/1336 139/1335 1466/1337
f 267/1332 311/1325 202/1338
f 202/1338 311/1325 370/1323
f 202/1338 370/1323 194/1339
f 202/1338 194/1339 74/1340
f 144/1341 305/1331 267/1332
f 144/1341 267/1332 202/1338
f 305/1331 144/1341 139/1335
f 202/1338 74/1340 32/1342
f 202/1338 32/1342 144/1341
f 32/1342 74/1340 1507/1343
f 1507/1343 74/1340 1560/1344
f 1507/1343 1560/1344 1673/1345
f 1507/1343 1673/1345 1771/1346
f 139/1335 144/1341 47/1347
f 47/1347 144/1341 32/1342
f 32/1342 1507/1343 1527/1348
f 1527/1348 1507/1343 1771/1346
f 32/1342 1527/1348 47/1347
f 139/1335 47/1347 3/1349
f 139/1335 3/1349 1466/1337
f 1466/1337 3/1349 1576/1350
f 3/1349 47/1347 1555/1351
f 1555/1351 47/1347 1527/1348
f 3/1349 1555/1351 1576/1350
f 1555/1351 1527/1348 1771/1346
f 1576/1350 1555/1351 1844/1352
f 1844/1352 1555/1351 1771/1346
f 1576/1350 1844/1352 1872/1353
f 1844/1352 1771/1346 1942/1354
f 1872/1353 1844/1352 1963/1355
f 1963/1355 1844/1352 1942/1354
f 2002/1356 2034/1357 2131/1358
f 2034/1357 2002/1356 1847/1359
f 2131/1358 2034/1357 2137/1360
f 2034/1357 1847/1359 1832/1361
f 1832/1361 1847/1359 1639/1362
f 1832/1361 1639/1362 1623/1363
f 1623/1363 1639/1362 21/1364
f 1623/1363 21/1364 24/1365
f 24/1365 21/1364 213/1366
f 1832/1361 1623/1363 1746/1367
f 2034/1357 1832/1361 1989/1368
f 1989/1368 1832/1361 1746/1367
f 2034/1357 1989/1368 2094/1369
f 2034/1357 2094/1369 2137/1360
f 2094/1369 1989/1368 1947/1370
f 1947/1370 1989/1368 1746/1367
f 1538/1371 1623/1363 24/1365
f 1623/1363 1538/1371 1746/1367
f 2137/1360 2094/1369 2144/1372
f 2144/1372 2094/1369 1947/1370
f 2137/1360 2144/1372 2149/1373
f 2144/1372 1947/1370 2088/1374
f 2144/1372 2088/1374 2149/1373
f 1886/1375 1947/1370 1746/1367
f 2088/1374 1947/1370 2056/1376
f 2056/1376 1947/1370 1886/1375
f 2149/1373 2088/1374 2060/1377
f 2088/1374 2056/1376 2026/1378
f 2088/1374 2026/1378 2060/1377
f 2149/1373 2060/1377 2111/1379
f 2026/1378 2056/1376 2038/1380
f 2149/1373 2111/1379 2123/1381
f 2149/1373 2123/1381 2137/1360
f 2111/1379 2060/1377 1948/1382
f 2111/1379 1948/1382 2123/1381
f 2060/1377 2026/1378 1875/1383
f 2060/1377 1875/1383 1948/1382
f 2137/1360 2123/1381 2096/1384
f 2137/1360 2096/1384 2131/1358
f 2131/1358 2096/1384 2054/1385
f 2054/1385 2096/1384 2003/1386
f 2003/1386 2096/1384 2123/1381
f 2003/1386 2123/1381 1948/1382
f 2003/1386 1948/1382 1908/1387
f 1908/1387 1948/1382 1875/1383
f 2003/1386 1908/1387 1872/1388
f 2003/1386 1872/1388 1963/1389
f 1908/1387 1875/1383 1654/1390
f 1872/1388 1908/1387 1660/1391
f 1660/1391 1908/1387 1654/1390
f 1872/1388 1660/1391 1611/1392
f 1872/1388 1611/1392 1576/1393
f 1576/1393 1611/1392 1466/1394
f 1611/1392 1660/1391 1478/1395
f 1611/1392 1478/1395 1466/1394
f 1660/1391 1654/1390 1468/1396
f 1660/1391 1468/1396 1478/1395
f 1468/1396 1654/1390 1462/1397
f 1478/1395 1468/1396 120/1398
f 120/1398 1468/1396 1462/1397
f 1466/1394 1478/1395 149/1399
f 149/1399 1478/1395 120/1398
f 1466/1394 149/1399 141/1400
f 149/1399 120/1398 162/1401
f 141/1400 149/1399 262/1402
f 149/1399 162/1401 201/1403
f 149/1399 201/1403 262/1402
f 1626/1404 1462/1397 1654/1390
f 1462/1397 1626/1404 1458/1405
f 1626/1404 1654/1390 1875/1383
f 1458/1405 1626/1404 1661/1406
f 1458/1405 1661/1406 54/1407
f 1626/1404 1875/1383 1839/1408
f 1839/1408 1875/1383 2026/1378
f 1626/1404 1839/1408 1833/1409
f 1626/1404 1833/1409 1661/1406
f 1839/1408 2026/1378 2038/1380
f 1839/1408 2038/1380 1833/1409
f 54/1407 1661/1406 67/1410
f 1833/1409 2038/1380 2018/1411
f 67/1410 1661/1406 1685/1412
f 67/1410 1685/1412 1773/1413
f 67/1410 1773/1413 92/1414
f 1685/1412 1661/1406 1826/1415
f 1685/1412 1826/1415 1773/1413
f 1878/1416 1661/1406 1833/1409
f 1661/1406 1878/1416 1826/1415
f 1984/1417 1833/1409 2018/1411
f 1833/1409 1984/1417 1878/1416
f 1826/1415 1878/1416 2035/1418
f 1826/1415 2035/1418 1773/1413
f 2035/1418 1878/1416 1984/1417
f 1984/1417 2018/1411 2081/1419
f 2081/1419 2018/1411 2038/1380
f 2035/1418 1984/1417 2177/1420
f 2177/1420 1984/1417 2081/1419
f 1773/1413 2035/1418 2192/1421
f 2192/1421 2035/1418 2177/1420
f 1773/1413 2192/1421 1788/1422
f 1773/1413 1788/1422 92/1414
f 92/1414 1788/1422 1797/1423
f 2081/1419 2038/1380 2053/1424
f 2053/1424 2038/1380 2056/1376
f 2053/1424 2056/1376 1886/1375
f 1797/1423 1788/1422 2209/1425
f 1797/1423 2209/1425 2217/1426
f 2209/1425 1788/1422 2208/1427
f 2208/1427 1788/1422 2192/1421
f 2217/1426 2209/1425 2313/1428
f 2279/1429 2230/1430 2217/1426
f 2279/1429 2217/1426 2313/1428
f 2313/1428 2209/1425 2321/1431
f 2321/1431 2209/1425 2208/1427
f 2279/1429 2313/1428 2297/1432
f 2279/1429 2297/1432 2282/1433
f 2313/1428 2321/1431 2278/1434
f 2313/1428 2278/1434 2297/1432
f 2321/1431 2208/1427 2306/1435
f 2282/1433 2297/1432 2117/1436
f 2259/1437 2208/1427 2192/1421
f 2208/1427 2259/1437 2306/1435
f 2259/1437 2192/1421 2177/1420
f 2321/1431 2306/1435 2336/1438
f 2336/1438 2306/1435 2259/1437
f 2321/1431 2336/1438 2278/1434
f 2259/1437 2177/1420 2262/1439
f 2259/1437 2262/1439 2336/1438
f 2262/1439 2177/1420 2081/1419
f 2278/1434 2336/1438 2222/1440
f 2222/1440 2336/1438 2262/1439
f 2140/1441 2297/1432 2278/1434
f 2297/1432 2140/1441 2117/1436
f 2262/1439 2081/1419 2063/1442
f 2063/1442 2081/1419 2053/1424
f 2262/1439 2063/1442 1961/1443
f 2063/1442 2053/1424 1848/1444
f 2063/1442 1848/1444 1961/1443
f 1848/1444 2053/1424 1886/1375
f 2262/1439 1961/1443 2179/1445
f 2262/1439 2179/1445 2222/1440
f 2179/1445 1961/1443 2043/1446
f 2179/1445 2043/1446 2222/1440
f 2043/1446 1961/1443 1700/1447
f 1848/1444 1886/1375 1686/1448
f 1686/1448 1886/1375 1746/1367
f 1609/1449 1961/1443 1848/1444
f 1609/1449 1848/1444 1686/1448
f 1961/1443 1609/1449 1700/1447
f 1686/1448 1746/1367 1510/1450
f 1686/1448 1510/1450 1609/1449
f 1510/1450 1746/1367 1538/1371
f 1609/1449 1510/1450 1475/1451
f 1609/1449 1475/1451 1700/1447
f 1510/1450 1538/1371 111/1452
f 1475/1451 1510/1450 299/1453
f 299/1453 1510/1450 111/1452
f 1475/1451 299/1453 269/1454
f 1475/1451 269/1454 1700/1447
f 299/1453 111/1452 425/1455
f 269/1454 299/1453 443/1456
f 443/1456 299/1453 425/1455
f 1700/1447 269/1454 51/1457
f 51/1457 269/1454 443/1456
f 1700/1447 51/1457 1691/1458
f 1700/1447 1691/1458 2043/1446
f 51/1457 443/1456 539/1459
f 51/1457 539/1459 1691/1458
f 2043/1446 1691/1458 2222/1440
f 539/1459 443/1456 680/1460
f 680/1460 443/1456 425/1455
f 1691/1458 539/1459 433/1461
f 433/1461 539/1459 471/1462
f 433/1461 471/1462 1691/1458
f 2222/1440 1691/1458 2170/1463
f 2222/1440 2170/1463 2278/1434
f 2170/1463 1691/1458 1667/1464
f 1667/1464 1691/1458 471/1462
f 2278/1434 2170/1463 2140/1441
f 2170/1463 1667/1464 1631/1465
f 2170/1463 1631/1465 2140/1441
f 1631/1465 1667/1464 471/1462
f 2140/1441 1631/1465 1564/1466
f 803/1467 471/1462 539/1459
f 803/1467 539/1459 680/1460
f 1631/1465 471/1462 538/1468
f 1631/1465 538/1468 1564/1466
f 538/1468 471/1462 795/1469
f 795/1469 471/1462 803/1467
f 1564/1466 538/1468 602/1470
f 1564/1466 602/1470 1532/1471
f 602/1470 538/1468 689/1472
f 689/1472 538/1468 795/1469
f 602/1470 689/1472 983/1473
f 689/1472 795/1469 747/1474
f 983/1473 689/1472 808/1475
f 808/1475 689/1472 747/1474
f 983/1473 808/1475 949/1476
f 808/1475 747/1474 826/1477
f 826/1477 747/1474 795/1469
f 808/1475 826/1477 847/1478
f 847/1478 826/1477 885/1479
f 826/1477 795/1469 827/1480
f 826/1477 827/1480 885/1479
f 827/1480 795/1469 803/1467
f 885/1479 827/1480 888/1481
f 827/1480 803/1467 907/1482
f 827/1480 907/1482 888/1481
f 907/1482 803/1467 915/1483
f 888/1481 907/1482 804/1484
f 888/1481 804/1484 757/1485
f 757/1485 804/1484 494/1486
f 494/1486 804/1484 458/1487
f 458/1487 804/1484 907/1482
f 494/1486 458/1487 92/1488
f 92/1488 458/1487 67/1489
f 458/1487 907/1482 717/1490
f 717/1490 907/1482 915/1483
f 67/1489 458/1487 462/1491
f 462/1491 458/1487 717/1490
f 67/1489 462/1491 437/1492
f 437/1492 462/1491 717/1490
f 67/1489 437/1492 54/1493
f 828/1494 915/1483 803/1467
f 915/1483 828/1494 717/1490
f 828/1494 803/1467 680/1460
f 437/1492 717/1490 712/1495
f 712/1495 717/1490 828/1494
f 54/1493 437/1492 323/1496
f 54/1493 323/1496 1458/1497
f 437/1492 712/1495 399/1498
f 437/1492 399/1498 323/1496
f 712/1495 828/1494 605/1499
f 605/1499 828/1494 680/1460
f 1458/1497 323/1496 151/1500
f 1458/1497 151/1500 1462/1501
f 1462/1501 151/1500 120/1502
f 151/1500 323/1496 407/1503
f 407/1503 323/1496 399/1498
f 120/1502 151/1500 183/1504
f 120/1502 183/1504 162/1505
f 151/1500 407/1503 353/1506
f 151/1500 353/1506 183/1504
f 407/1503 399/1498 508/1507
f 183/1504 353/1506 205/1508
f 183/1504 205/1508 162/1505
f 353/1506 407/1503 389/1509
f 389/1509 407/1503 508/1507
f 353/1506 389/1509 205/1508
f 508/1507 399/1498 597/1510
f 597/1510 399/1498 712/1495
f 597/1510 712/1495 605/1499
f 508/1507 597/1510 428/1511
f 508/1507 428/1511 389/1509
f 597/1510 605/1499 564/1512
f 597/1510 564/1512 428/1511
f 564/1512 605/1499 680/1460
f 564/1512 680/1460 425/1455
f 564/1512 425/1455 390/1513
f 564/1512 390/1513 428/1511
f 390/1513 425/1455 111/1452
f 390/1513 111/1452 190/1514
f 390/1513 190/1514 428/1511
f 190/1514 111/1452 1538/1371
f 190/1514 1538/1371 157/1515
f 190/1514 157/1515 428/1511
f 157/1515 1538/1371 24/1365
f 428/1511 157/1515 219/1516
f 428/1511 219/1516 389/1509
f 219/1516 157/1515 24/1365
f 389/1509 219/1516 205/1508
f 219/1516 24/1365 134/1517
f 134/1517 24/1365 213/1366
f 205/1508 219/1516 169/1518
f 169/1518 219/1516 134/1517
f 205/1508 169/1518 162/1505
f 134/1517 213/1366 234/1519
f 134/1517 234/1519 169/1518
f 234/1519 213/1366 317/1520
f 234/1519 317/1520 270/1521
f 234/1519 270/1521 169/1518
f 169/1518 270/1521 162/1505
f 162/1505 270/1521 201/1522
f 201/1522 270/1521 307/1523
f 1876/1524 2117/1436 2140/1441
f 1876/1524 2140/1441 1564/1466
f 1876/1524 1564/1466 2089/1525
f 2089/1525 1564/1466 2017/1526
f 2117/1436 1876/1524 2113/1527
f 2113/1527 1876/1524 2089/1525
f 2117/1436 2113/1527 2249/1528
f 2113/1527 2089/1525 2254/1529
f 2113/1527 2254/1529 2261/1530
f 1604/1531 1525/1532 592/1533
f 1525/1532 1604/1531 2204/1534
f 2204/1534 1604/1531 2346/1535
f 2204/1534 2346/1535 2353/1536
f 2357/1537 2315/1538 2353/1536
f 2204/1534 2353/1536 2308/1539
f 2308/1539 2353/1536 2315/1538
f 2204/1534 2308/1539 1784/1540
f 2204/1534 1784/1540 1525/1532
f 2308/1539 2315/1538 2122/1541
f 2308/1539 2122/1541 1784/1540
f 2122/1541 2315/1538 2087/1542
f 2122/1541 2087/1542 2033/1543
f 2122/1541 2033/1543 1784/1540
f 2033/1543 2087/1542 2062/1544
f 2033/1543 2062/1544 1784/1540
f 2062/1544 2087/1542 2102/1545
f 2062/1544 2102/1545 2121/1546
f 2062/1544 2121/1546 2085/1547
f 2085/1547 2121/1546 2267/1548
f 2085/1547 2267/1548 2233/1549
f 2062/1544 2085/1547 1846/1550
f 1846/1550 2085/1547 2233/1549
f 2062/1544 1846/1550 1784/1540
f 1846/1550 2233/1549 1950/1551
f 1950/1551 2233/1549 2017/1552
f 2017/1552 2233/1549 2254/1553
f 2017/1552 2254/1553 2089/1554
f 1950/1551 2017/1552 1532/1555
f 1532/1555 2017/1552 1564/1556
f 1950/1551 1532/1555 50/1557
f 1950/1551 50/1557 1846/1550
f 50/1557 1532/1555 602/1558
f 50/1557 602/1558 622/1559
f 1846/1550 50/1557 100/1560
f 1846/1550 100/1560 1784/1540
f 100/1560 50/1557 622/1559
f 1784/1540 100/1560 140/1561
f 140/1561 100/1560 622/1559
f 1784/1540 140/1561 44/1562
f 1784/1540 44/1562 1525/1532
f 44/1562 140/1561 637/1563
f 44/1562 637/1563 1525/1532
f 637/1563 140/1561 622/1559
f 983/1564 622/1559 602/1558
f 1525/1532 637/1563 634/1565
f 1525/1532 634/1565 592/1533
f 637/1563 622/1559 889/1566
f 889/1566 622/1559 983/1564
f 634/1565 637/1563 897/1567
f 897/1567 637/1563 889/1566
f 592/1533 634/1565 975/1568
f 975/1568 634/1565 897/1567
f 1027/1569 578/1570 592/1533
f 1027/1569 592/1533 1015/1571
f 1015/1571 592/1533 975/1568
f 1027/1569 1015/1571 1100/1572
f 1100/1572 1015/1571 1190/1573
f 1190/1573 1015/1571 975/1568
f 1100/1572 1190/1573 1232/1574
f 1232/1574 1190/1573 1331/1575
f 1331/1575 1190/1573 1399/1576
f 1399/1576 1190/1573 1271/1577
f 1190/1573 975/1568 1062/1578
f 1062/1578 975/1568 897/1567
f 1271/1577 1190/1573 1160/1579
f 1190/1573 1062/1578 1119/1580
f 1119/1580 1062/1578 897/1567
f 1190/1573 1119/1580 1160/1579
f 1119/1580 897/1567 1142/1581
f 1160/1579 1119/1580 1159/1582
f 1159/1582 1119/1580 1142/1581
f 1142/1581 897/1567 889/1566
f 1160/1579 1159/1582 1165/1583
f 1165/1583 1159/1582 1142/1581
f 1160/1579 1165/1583 1181/1584
f 1181/1584 1165/1583 1203/1585
f 1203/1585 1165/1583 1225/1586
f 1225/1586 1165/1583 1142/1581
f 1142/1581 889/1566 1182/1587
f 1142/1581 1182/1587 1225/1586
f 1182/1587 889/1566 983/1564
f 1225/1586 1182/1587 1280/1588
f 1280/1588 1182/1587 1206/1589
f 1206/1589 1182/1587 983/1564
f 1280/1588 1206/1589 1209/1590
f 1209/1590 1206/1589 1056/1591
f 1056/1591 1206/1589 983/1564
f 1056/1591 983/1564 949/1592
f 2254/1593 2233/1594 2290/1595
f 2290/1595 2233/1594 2267/1596
f 2254/1593 2290/1595 2261/1597
f 2290/1595 2267/1596 2345/1598
f 2290/1595 2345/1598 2342/1599
f 2342/1599 2345/1598 2326/1600
f 2342/1599 2326/1600 2318/1601
f 2290/1595 2342/1599 2341/1602
f 2341/1602 2342/1599 2318/1601
f 2318/1601 2326/1600 2305/1603
f 2290/1595 2341/1602 2330/1604
f 2290/1595 2330/1604 2261/1597
f 2341/1602 2318/1601 2269/1605
f 2341/1602 2269/1605 2330/1604
f 2318/1601 2305/1603 2253/1606
f 2318/1601 2253/1606 2269/1605
f 2205/1607 2305/1603 2199/1608
f 2253/1606 2305/1603 2193/1609
f 2193/1609 2305/1603 2205/1607
f 2193/1609 2205/1607 1979/1610
f 1979/1610 2205/1607 1959/1611
f 2193/1609 1979/1610 1952/1612
f 1930/1613 1913/1614 1979/1610
f 1979/1610 1913/1614 1952/1612
f 1952/1612 1913/1614 1853/1615
f 2160/1616 2253/1606 2193/1609
f 2160/1616 2193/1609 1952/1612
f 2253/1606 2160/1616 2147/1617
f 2253/1606 2147/1617 2269/1605
f 1952/1612 1853/1615 1842/1618
f 1842/1618 1853/1615 1738/1619
f 2160/1616 1952/1612 1916/1620
f 1916/1620 1952/1612 1842/1618
f 2147/1617 2160/1616 1911/1621
f 1911/1621 2160/1616 1916/1620
f 1842/1618 1738/1619 1735/1622
f 1842/1618 1735/1622 1916/1620
f 1916/1620 1735/1622 1911/1621
f 1735/1622 1738/1619 1687/1623
f 2147/1617 1911/1621 1907/1624
f 1911/1621 1735/1622 1716/1625
f 1716/1625 1735/1622 1687/1623
f 2147/1617 1907/1624 1885/1626
f 2147/1617 1885/1626 2269/1605
f 1907/1624 1911/1621 1737/1627
f 1737/1627 1911/1621 1716/1625
f 1907/1624 1737/1627 1885/1626
f 1716/1625 1687/1623 1533/1628
f 1533/1628 1687/1623 1545/1629
f 1737/1627 1716/1625 1550/1630
f 1550/1630 1716/1625 1533/1628
f 1885/1626 1737/1627 285/1631
f 285/1631 1737/1627 1550/1630
f 1470/1632 5/1633 1545/1629
f 1545/1629 5/1633 1533/1628
f 2273/1634 2269/1605 1885/1626
f 2269/1605 2273/1634 2330/1604
f 2273/1634 1885/1626 1877/1635
f 1877/1635 1885/1626 285/1631
f 2330/1604 2273/1634 2266/1636
f 2266/1636 2273/1634 1877/1635
f 2330/1604 2266/1636 2311/1637
f 2330/1604 2311/1637 2249/1638
f 2330/1604 2249/1638 2261/1597
f 2261/1597 2249/1638 2113/1639
f 2249/1638 2311/1637 2282/1640
f 2249/1638 2282/1640 2117/1641
f 2311/1637 2266/1636 2232/1642
f 2311/1637 2232/1642 2282/1640
f 2232/1642 2266/1636 1866/1643
f 1866/1643 2266/1636 1877/1635
f 2282/1640 2232/1642 2226/1644
f 2282/1640 2226/1644 2279/1645
f 2279/1645 2226/1644 2230/1646
f 2226/1644 2232/1642 2014/1647
f 2226/1644 2014/1647 2230/1646
f 2014/1647 2232/1642 1866/1643
f 1866/1643 1877/1635 239/1648
f 239/1648 1877/1635 285/1631
f 2014/1647 1866/1643 1822/1649
f 2014/1647 1822/1649 2230/1646
f 1866/1643 239/1648 212/1650
f 1866/1643 212/1650 1822/1649
f 2230/1646 1822/1649 1797/1651
f 2230/1646 1797/1651 2217/1652
f 1797/1651 1822/1649 178/1653
f 178/1653 1822/1649 212/1650
f 1797/1651 178/1653 92/1654
f 212/1650 239/1648 683/1655
f 683/1655 239/1648 285/1631
f 178/1653 212/1650 631/1656
f 92/1654 178/1653 543/1657
f 543/1657 178/1653 631/1656
f 92/1654 543/1657 494/1658
f 494/1658 543/1657 757/1659
f 212/1650 683/1655 685/1660
f 212/1650 685/1660 631/1656
f 543/1657 631/1656 775/1661
f 543/1657 775/1661 757/1659
f 775/1661 631/1656 685/1660
f 757/1659 775/1661 865/1662
f 757/1659 865/1662 888/1663
f 888/1663 865/1662 885/1664
f 885/1664 865/1662 847/1665
f 865/1662 775/1661 976/1666
f 976/1666 775/1661 685/1660
f 847/1665 865/1662 1026/1667
f 1026/1667 865/1662 976/1666
f 847/1665 1026/1667 849/1668
f 847/1665 849/1668 808/1669
f 808/1669 849/1668 949/1670
f 949/1670 849/1668 1026/1667
f 949/1670 1026/1667 1056/1671
f 1056/1671 1026/1667 1209/1672
f 1026/1667 976/1666 1017/1673
f 1026/1667 1017/1673 1104/1674
f 1026/1667 1104/1674 1209/1672
f 1017/1673 976/1666 1135/1675
f 1017/1673 1135/1675 1104/1674
f 1209/1672 1104/1674 1171/1676
f 1171/1676 1104/1674 1247/1677
f 1171/1676 1247/1677 1209/1672
f 1247/1677 1104/1674 1153/1678
f 1153/1678 1104/1674 1135/1675
f 1209/1672 1247/1677 1317/1679
f 1317/1679 1247/1677 1153/1678
f 1317/1679 1153/1678 1135/1675
f 1209/1672 1317/1679 1280/1680
f 1317/1679 1135/1675 1369/1681
f 1317/1679 1369/1681 1280/1680
f 1014/1682 1135/1675 976/1666
f 1014/1682 976/1666 685/1660
f 1135/1675 1014/1682 1245/1683
f 1135/1675 1245/1683 1369/1681
f 1280/1680 1369/1681 1367/1684
f 1280/1680 1367/1684 1225/1685
f 1225/1685 1367/1684 1279/1686
f 1225/1685 1279/1686 1203/1687
f 1203/1687 1279/1686 1181/1688
f 1279/1686 1367/1684 1419/1689
f 1419/1689 1367/1684 1410/1690
f 1410/1690 1367/1684 1369/1681
f 1419/1689 1410/1690 1319/1691
f 1319/1691 1410/1690 1369/1681
f 1319/1691 1369/1681 1245/1683
f 1319/1691 1245/1683 1276/1692
f 1276/1692 1245/1683 1183/1693
f 1183/1693 1245/1683 1014/1682
f 1156/1694 1178/1695 1276/1692
f 1156/1694 1276/1692 1183/1693
f 1156/1694 1183/1693 1106/1696
f 1156/1694 1106/1696 1112/1697
f 1183/1693 1014/1682 1066/1698
f 1183/1693 1066/1698 1008/1699
f 1008/1699 1066/1698 1014/1682
f 1183/1693 1008/1699 1106/1696
f 1112/1697 1106/1696 1039/1700
f 1112/1697 1039/1700 1053/1701
f 1053/1701 1039/1700 981/1702
f 1039/1700 1106/1696 998/1703
f 998/1703 1106/1696 1008/1699
f 1039/1700 998/1703 981/1702
f 1008/1699 1014/1682 970/1704
f 1008/1699 970/1704 998/1703
f 970/1704 1014/1682 914/1705
f 981/1702 998/1703 934/1706
f 934/1706 998/1703 970/1704
f 981/1702 934/1706 966/1707
f 914/1705 1014/1682 685/1660
f 970/1704 914/1705 937/1708
f 970/1704 937/1708 934/1706
f 914/1705 685/1660 726/1709
f 726/1709 685/1660 683/1655
f 726/1709 683/1655 285/1631
f 914/1705 726/1709 734/1710
f 734/1710 726/1709 285/1631
f 937/1708 914/1705 842/1711
f 842/1711 914/1705 734/1710
f 937/1708 842/1711 853/1712
f 937/1708 853/1712 934/1706
f 842/1711 734/1710 647/1713
f 647/1713 734/1710 285/1631
f 853/1712 842/1711 724/1714
f 724/1714 842/1711 647/1713
f 934/1706 853/1712 741/1715
f 741/1715 853/1712 724/1714
f 905/1716 919/1717 934/1706
f 905/1716 934/1706 836/1718
f 836/1718 934/1706 741/1715
f 905/1716 836/1718 810/1719
f 810/1719 836/1718 741/1715
f 905/1716 810/1719 788/1720
f 810/1719 741/1715 693/1721
f 810/1719 693/1721 674/1722
f 487/1723 741/1715 724/1714
f 741/1715 487/1723 693/1721
f 674/1722 693/1721 375/1724
f 375/1724 693/1721 487/1723
f 674/1722 375/1724 450/1725
f 450/1725 375/1724 358/1726
f 487/1723 724/1714 452/1727
f 452/1727 724/1714 647/1713
f 375/1724 487/1723 259/1728
f 259/1728 487/1723 452/1727
f 358/1726 375/1724 131/1729
f 131/1729 375/1724 259/1728
f 358/1726 131/1729 172/1730
f 172/1730 131/1729 5/1633
f 5/1633 131/1729 1533/1628
f 1533/1628 131/1729 259/1728
f 259/1728 452/1727 260/1731
f 259/1728 260/1731 1533/1628
f 260/1731 452/1727 647/1713
f 1533/1628 260/1731 102/1732
f 1533/1628 102/1732 1550/1630
f 260/1731 647/1713 282/1733
f 260/1731 282/1733 102/1732
f 102/1732 282/1733 1550/1630
f 282/1733 647/1713 285/1631
f 282/1733 285/1631 1550/1630
f 1895/1734 1853/1735 1913/1736
f 1895/1734 1913/1736 1904/1737
f 1904/1737 1913/1736 1930/1738
f 1853/1735 1895/1734 1790/1739
f 1853/1735 1790/1739 1738/1740
f 1790/1739 1895/1734 1850/1741
f 1850/1741 1895/1734 1914/1742
f 1738/1740 1790/1739 1704/1743
f 1790/1739 1850/1741 1796/1744
f 1790/1739 1796/1744 1704/1743
f 1850/1741 1914/1742 1901/1745
f 1850/1741 1901/1745 1796/1744
f 1901/1745 1914/1742 1983/1746
f 1901/1745 1983/1746 1955/1747
f 1901/1745 1955/1747 1796/1744
f 1796/1744 1955/1747 1861/1748
f 1687/1749 1738/1740 1704/1743
f 1796/1744 1861/1748 1710/1750
f 1796/1744 1710/1750 1704/1743
f 1710/1750 1861/1748 1713/1751
f 1687/1749 1704/1743 1568/1752
f 1687/1749 1568/1752 1545/1753
f 1545/1753 1568/1752 1470/1754
f 1568/1752 1704/1743 1634/1755
f 1634/1755 1704/1743 1710/1750
f 1470/1754 1568/1752 16/1756
f 16/1756 1568/1752 1634/1755
f 1634/1755 1710/1750 1515/1757
f 1515/1757 1710/1750 1713/1751
f 1634/1755 1515/1757 16/1756
f 1470/1754 16/1756 185/1758
f 1470/1754 185/1758 5/1759
f 5/1759 185/1758 172/1760
f 1515/1757 1713/1751 1573/1761
f 1573/1761 1713/1751 1578/1762
f 1573/1761 1578/1762 374/1763
f 1515/1757 1573/1761 243/1764
f 243/1764 1573/1761 374/1763
f 172/1760 185/1758 379/1765
f 172/1760 379/1765 358/1766
f 1515/1757 243/1764 293/1767
f 1515/1757 293/1767 16/1756
f 293/1767 243/1764 466/1768
f 348/1769 185/1758 16/1756
f 348/1769 16/1756 293/1767
f 379/1765 185/1758 522/1770
f 522/1770 185/1758 348/1769
f 466/1768 243/1764 648/1771
f 648/1771 243/1764 374/1763
f 293/1767 466/1768 618/1772
f 293/1767 618/1772 348/1769
f 618/1772 466/1768 648/1771
f 648/1771 374/1763 566/1773
f 566/1773 374/1763 424/1774
f 648/1771 566/1773 823/1775
f 823/1775 566/1773 834/1776
f 648/1771 823/1775 771/1777
f 648/1771 771/1777 618/1772
f 771/1777 823/1775 903/1778
f 618/1772 771/1777 816/1779
f 816/1779 771/1777 903/1778
f 823/1775 834/1776 896/1780
f 823/1775 896/1780 903/1778
f 896/1780 834/1776 909/1781
f 909/1781 834/1776 789/1782
f 896/1780 909/1781 1051/1783
f 1051/1783 909/1781 1067/1784
f 903/1778 896/1780 951/1785
f 951/1785 896/1780 1051/1783
f 903/1778 951/1785 994/1786
f 1051/1783 1067/1784 1147/1787
f 1147/1787 1067/1784 1150/1788
f 1147/1787 1150/1788 1215/1789
f 1051/1783 1147/1787 1172/1790
f 1172/1790 1147/1787 1215/1789
f 951/1785 1051/1783 1079/1791
f 1079/1791 1051/1783 1172/1790
f 951/1785 1079/1791 994/1786
f 1018/1792 903/1778 994/1786
f 903/1778 1018/1792 816/1779
f 994/1786 1079/1791 1113/1793
f 994/1786 1113/1793 1018/1792
f 1079/1791 1172/1790 1187/1794
f 1079/1791 1187/1794 1113/1793
f 1187/1794 1172/1790 1287/1795
f 1287/1795 1172/1790 1215/1789
f 1113/1793 1187/1794 1214/1796
f 1113/1793 1214/1796 1018/1792
f 1187/1794 1287/1795 1281/1797
f 1187/1794 1281/1797 1214/1796
f 1287/1795 1215/1789 1310/1798
f 1310/1798 1215/1789 1216/1799
f 1310/1798 1216/1799 1341/1800
f 1287/1795 1310/1798 1334/1801
f 1334/1801 1310/1798 1341/1800
f 1287/1795 1334/1801 1281/1797
f 1214/1796 1281/1797 1260/1802
f 1214/1796 1260/1802 1199/1803
f 1214/1796 1199/1803 1018/1792
f 1260/1802 1281/1797 1295/1804
f 1260/1802 1295/1804 1199/1803
f 1315/1805 1400/1806 1341/1800
f 1341/1800 1400/1806 1395/1807
f 1341/1800 1395/1807 1334/1801
f 1395/1807 1400/1806 1440/1808
f 1440/1808 1400/1806 1387/1809
f 1440/1808 1387/1809 1444/1810
f 1395/1807 1440/1808 1391/1811
f 1391/1811 1440/1808 1444/1810
f 1395/1807 1391/1811 1334/1801
f 1391/1811 1444/1810 1436/1812
f 1436/1812 1444/1810 1401/1813
f 1436/1812 1401/1813 1412/1814
f 1436/1812 1412/1814 1391/1811
f 1412/1814 1401/1813 1413/1815
f 1412/1814 1413/1815 1391/1811
f 1391/1811 1413/1815 1334/1801
f 1334/1801 1413/1815 1348/1816
f 1348/1816 1413/1815 1372/1817
f 1334/1801 1348/1816 1342/1818
f 1334/1801 1342/1818 1281/1797
f 1348/1816 1372/1817 1374/1819
f 1348/1816 1374/1819 1342/1818
f 1374/1819 1372/1817 1364/1820
f 1281/1797 1342/1818 1295/1804
f 1295/1804 1342/1818 1374/1819
f 1374/1819 1364/1820 1307/1821
f 1374/1819 1307/1821 1295/1804
f 1295/1804 1307/1821 1131/1822
f 1131/1822 1307/1821 1124/1823
f 1295/1804 1131/1822 1199/1803
f 1131/1822 1124/1823 1063/1824
f 1199/1803 1131/1822 1058/1825
f 1058/1825 1131/1822 1063/1824
f 1199/1803 1058/1825 1018/1792
f 1063/1824 1124/1823 986/1826
f 1058/1825 1063/1824 953/1827
f 953/1827 1063/1824 986/1826
f 1018/1792 1058/1825 929/1828
f 929/1828 1058/1825 953/1827
f 1018/1792 929/1828 816/1779
f 929/1828 953/1827 852/1829
f 929/1828 852/1829 816/1779
f 953/1827 986/1826 928/1830
f 928/1830 986/1826 899/1831
f 899/1831 986/1826 971/1832
f 953/1827 928/1830 876/1833
f 953/1827 876/1833 852/1829
f 928/1830 899/1831 840/1834
f 928/1830 840/1834 876/1833
f 840/1834 899/1831 829/1835
f 876/1833 840/1834 812/1836
f 852/1829 876/1833 783/1837
f 783/1837 876/1833 812/1836
f 812/1836 840/1834 744/1838
f 812/1836 744/1838 783/1837
f 744/1838 840/1834 829/1835
f 852/1829 783/1837 735/1839
f 852/1829 735/1839 816/1779
f 816/1779 735/1839 618/1772
f 735/1839 783/1837 679/1840
f 679/1840 783/1837 744/1838
f 618/1772 735/1839 610/1841
f 610/1841 735/1839 679/1840
f 618/1772 610/1841 348/1769
f 348/1769 610/1841 522/1770
f 522/1770 610/1841 679/1840
f 522/1770 679/1840 541/1842
f 522/1770 541/1842 379/1765
f 379/1765 541/1842 358/1766
f 541/1842 679/1840 645/1843
f 645/1843 679/1840 744/1838
f 358/1766 541/1842 574/1844
f 574/1844 541/1842 645/1843
f 358/1766 574/1844 450/1845
f 450/1845 574/1844 674/1846
f 574/1844 645/1843 731/1847
f 731/1847 645/1843 744/1838
f 574/1844 731/1847 674/1846
f 674/1846 731/1847 723/1848
f 674/1846 723/1848 732/1849
f 674/1846 732/1849 810/1850
f 810/1850 732/1849 788/1851
f 723/1848 731/1847 751/1852
f 751/1852 731/1847 744/1838
f 723/1848 751/1852 672/1853
f 751/1852 744/1838 829/1835
f 751/1852 829/1835 759/1854
f 61/1855 1549/1856 1548/1857
f 61/1855 1548/1857 247/1858
f 247/1858 1548/1857 1484/1859
f 1549/1856 61/1855 113/1860
f 1549/1856 113/1860 224/1861
f 224/1861 113/1860 251/1862
f 113/1860 61/1855 233/1863
f 113/1860 233/1863 251/1862
f 233/1863 61/1855 247/1858
f 247/1858 1484/1859 206/1864
f 251/1862 233/1863 380/1865
f 251/1862 380/1865 236/1866
f 233/1863 247/1858 461/1867
f 233/1863 461/1867 380/1865
f 247/1858 206/1864 481/1868
f 247/1858 481/1868 461/1867
f 236/1866 380/1865 362/1869
f 236/1866 362/1869 35/1870
f 380/1865 461/1867 460/1871
f 380/1865 460/1871 362/1869
f 460/1871 461/1867 481/1868
f 362/1869 460/1871 424/1872
f 424/1872 460/1871 527/1873
f 527/1873 460/1871 481/1868
f 424/1872 527/1873 566/1874
f 566/1874 527/1873 834/1875
f 834/1875 527/1873 789/1876
f 527/1873 481/1868 484/1877
f 527/1873 484/1877 789/1876
f 484/1877 481/1868 335/1878
f 335/1878 481/1868 206/1864
f 335/1878 206/1864 176/1879
f 335/1878 176/1879 398/1880
f 335/1878 398/1880 484/1877
f 484/1877 398/1880 584/1881
f 484/1877 584/1881 789/1876
f 584/1881 398/1880 477/1882
f 584/1881 477/1882 658/1883
f 789/1876 584/1881 850/1884
f 850/1884 584/1881 658/1883
f 789/1876 850/1884 909/1885
f 850/1884 658/1883 764/1886
f 909/1885 850/1884 1025/1887
f 1025/1887 850/1884 764/1886
f 909/1885 1025/1887 1067/1888
f 1025/1887 764/1886 954/1889
f 954/1889 764/1886 868/1890
f 1067/1888 1025/1887 1132/1891
f 1132/1891 1025/1887 954/1889
f 954/1889 868/1890 1094/1892
f 954/1889 1094/1892 1132/1891
f 1094/1892 868/1890 957/1893
f 1067/1888 1132/1891 1150/1894
f 1150/1894 1132/1891 1144/1895
f 1150/1894 1144/1895 1197/1896
f 1150/1894 1197/1896 1216/1897
f 1150/1894 1216/1897 1215/1898
f 1975/1899 2239/1900 1785/1901
f 2239/1900 1975/1899 2202/1902
f 2202/1902 1975/1899 1861/1903
f 1861/1903 1975/1899 1713/1904
f 1713/1904 1975/1899 1785/1901
f 2202/1902 1861/1903 2256/1905
f 2256/1905 1861/1903 1955/1906
f 2256/1905 1955/1906 2274/1907
f 2274/1907 1955/1906 1983/1908
f 2256/1905 2274/1907 2396/1909
f 2256/1905 2396/1909 2377/1910
f 2256/1905 2377/1910 2202/1902
f 2202/1902 2377/1910 2239/1900
f 2239/1900 2377/1910 2132/1911
f 2239/1900 2132/1911 1785/1901
f 2132/1911 2377/1910 2340/1912
f 1785/1901 2132/1911 1969/1913
f 1969/1913 2132/1911 2340/1912
f 35/1914 1713/1904 1785/1901
f 1713/1904 35/1914 1578/1915
f 1785/1901 1969/1913 1628/1916
f 1785/1901 1628/1916 35/1914
f 1969/1913 2340/1912 1910/1917
f 1969/1913 1910/1917 1628/1916
f 1910/1917 2340/1912 2136/1918
f 1578/1915 35/1914 424/1919
f 1578/1915 424/1919 374/1920
f 424/1919 35/1914 362/1921
f 1910/1917 2136/1918 1758/1922
f 1758/1922 2136/1918 1812/1923
f 1758/1922 1812/1923 1508/1924
f 1758/1922 1508/1924 1657/1925
f 1758/1922 1657/1925 1588/1926
f 1758/1922 1588/1926 1910/1917
f 1910/1917 1588/1926 1628/1916
f 1628/1916 1588/1926 1490/1927
f 1628/1916 1490/1927 53/1928
f 53/1928 1490/1927 84/1929
f 1628/1916 53/1928 171/1930
f 171/1930 53/1928 84/1929
f 1628/1916 171/1930 35/1914
f 171/1930 84/1929 224/1931
f 35/1914 171/1930 236/1932
f 236/1932 171/1930 224/1931
f 236/1932 224/1931 251/1933
f 1808/1934 1734/1935 1802/1936
f 1808/1934 1802/1936 1729/1937
f 1734/1935 1808/1934 1751/1938
f 1751/1938 1808/1934 1729/1937
f 1802/1936 1734/1935 1730/1939
f 1734/1935 1751/1938 1669/1940
f 1730/1939 1734/1935 1635/1941
f 1635/1941 1734/1935 1669/1940
f 1730/1939 1635/1941 1683/1942
f 1730/1939 1683/1942 1802/1936
f 1683/1942 1635/1941 1529/1943
f 1683/1942 1529/1943 1548/1944
f 1529/1943 1635/1941 62/1945
f 62/1945 1635/1941 1669/1940
f 1548/1944 1529/1943 1484/1946
f 1484/1946 1529/1943 62/1945
f 1484/1946 62/1945 206/1947
f 1683/1942 1548/1944 1721/1948
f 1683/1942 1721/1948 1802/1936
f 1721/1948 1548/1944 1549/1949
f 206/1947 62/1945 68/1950
f 68/1950 62/1945 1669/1940
f 206/1947 68/1950 176/1951
f 1721/1948 1549/1949 84/1952
f 84/1952 1549/1949 224/1953
f 1721/1948 84/1952 1490/1954
f 176/1951 68/1950 121/1955
f 176/1951 121/1955 398/1956
f 121/1955 68/1950 1506/1957
f 1506/1957 68/1950 1669/1940
f 398/1956 121/1955 161/1958
f 398/1956 161/1958 477/1959
f 121/1955 1506/1957 19/1960
f 121/1955 19/1960 161/1958
f 1506/1957 1669/1940 1643/1961
f 1506/1957 1643/1961 19/1960
f 1643/1961 1669/1940 1751/1938
f 161/1958 19/1960 175/1962
f 161/1958 175/1962 477/1959
f 19/1960 1643/1961 1517/1963
f 19/1960 1517/1963 175/1962
f 1643/1961 1751/1938 1706/1964
f 1643/1961 1706/1964 1517/1963
f 1706/1964 1751/1938 1729/1937
f 1706/1964 1729/1937 1689/1965
f 1517/1963 1706/1964 1531/1966
f 1531/1966 1706/1964 1689/1965
f 175/1962 1517/1963 42/1967
f 42/1967 1517/1963 1531/1966
f 1531/1966 1689/1965 1657/1968
f 1657/1968 1689/1965 1729/1937
f 1531/1966 1657/1968 42/1967
f 1657/1968 1729/1937 1588/1969
f 1588/1969 1729/1937 1802/1936
f 42/1967 1657/1968 1508/1970
f 42/1967 1508/1970 175/1962
f 1588/1969 1802/1936 1677/1971
f 1677/1971 1802/1936 1721/1948
f 1677/1971 1721/1948 1490/1954
f 1587/1972 1490/1954 1588/1969
f 1490/1954 1587/1972 1677/1971
f 1677/1971 1587/1972 1588/1969
f 175/1962 1508/1970 266/1973
f 175/1962 266/1973 477/1959
f 1812/1974 1692/1975 1508/1970
f 1508/1970 1692/1975 148/1976
f 1508/1970 148/1976 266/1973
f 148/1976 1692/1975 1500/1977
f 148/1976 1500/1977 369/1978
f 148/1976 369/1978 517/1979
f 148/1976 517/1979 266/1973
f 517/1979 369/1978 728/1980
f 517/1979 728/1980 780/1981
f 517/1979 780/1981 266/1973
f 544/1982 477/1959 266/1973
f 544/1982 266/1973 780/1981
f 477/1959 544/1982 658/1983
f 658/1983 544/1982 764/1984
f 764/1984 544/1982 720/1985
f 720/1985 544/1982 780/1981
f 764/1984 720/1985 868/1986
f 868/1986 720/1985 780/1981
f 868/1986 780/1981 952/1987
f 2396/1988 2435/1989 2377/1990
f 2377/1990 2435/1989 2421/1991
f 2421/1991 2435/1989 2436/1992
f 2436/1992 2435/1989 2455/1993
f 2436/1992 2455/1993 2449/1994
f 2436/1992 2449/1994 2421/1991
f 2449/1994 2455/1993 2456/1995
f 2377/1990 2421/1991 2405/1996
f 2377/1990 2405/1996 2340/1997
f 2421/1991 2449/1994 2413/1998
f 2421/1991 2413/1998 2405/1996
f 2449/1994 2456/1995 2450/1999
f 2450/1999 2456/1995 2443/2000
f 2340/1997 2405/1996 2382/2001
f 2382/2001 2405/1996 2413/1998
f 2340/1997 2382/2001 2136/2002
f 2413/1998 2449/1994 2426/2003
f 2426/2003 2449/1994 2450/1999
f 2382/2001 2413/1998 2360/2004
f 2360/2004 2413/1998 2426/2003
f 2136/2002 2382/2001 2304/2005
f 2304/2005 2382/2001 2360/2004
f 2136/2002 2304/2005 2196/2006
f 2136/2002 2196/2006 1812/2007
f 2304/2005 2360/2004 2292/2008
f 2304/2005 2292/2008 2196/2006
f 2360/2004 2426/2003 2374/2009
f 2360/2004 2374/2009 2292/2008
f 1812/2007 2196/2006 2082/2010
f 2082/2010 2196/2006 2292/2008
f 1812/2007 2082/2010 1692/2011
f 1692/2011 2082/2010 1777/2012
f 1692/2011 1777/2012 1500/2013
f 2082/2010 2292/2008 2072/2014
f 2082/2010 2072/2014 1777/2012
f 2072/2014 2292/2008 2344/2015
f 2344/2015 2292/2008 2374/2009
f 1777/2012 2072/2014 2101/2016
f 2101/2016 2072/2014 2344/2015
f 1500/2013 1777/2012 112/2017
f 1500/2013 112/2017 369/2018
f 1777/2012 2101/2016 1820/2019
f 1777/2012 1820/2019 112/2017
f 2101/2016 2344/2015 2264/2020
f 2101/2016 2264/2020 1820/2019
f 763/2021 698/2022 112/2017
f 763/2021 112/2017 238/2023
f 238/2023 112/2017 1820/2019
f 763/2021 238/2023 797/2024
f 238/2023 1820/2019 1695/2025
f 1695/2025 1820/2019 2264/2020
f 797/2024 238/2023 306/2026
f 797/2024 306/2026 821/2027
f 821/2027 306/2026 365/2028
f 306/2026 238/2023 1632/2029
f 306/2026 1632/2029 365/2028
f 1632/2029 238/2023 1695/2025
f 365/2028 1632/2029 1575/2030
f 1575/2030 1632/2029 2156/2031
f 1632/2029 1695/2025 1982/2032
f 1982/2032 1695/2025 2264/2020
f 1632/2029 1982/2032 2057/2033
f 1982/2032 2264/2020 2251/2034
f 2057/2033 1982/2032 2277/2035
f 2277/2035 1982/2032 2251/2034
f 1632/2029 2057/2033 2227/2036
f 1632/2029 2227/2036 2156/2031
f 2227/2036 2057/2033 2277/2035
f 2156/2031 2227/2036 2183/2037
f 2156/2031 2183/2037 2124/2038
f 2124/2038 2183/2037 2322/2039
f 2183/2037 2227/2036 2316/2040
f 2316/2040 2227/2036 2277/2035
f 2322/2039 2183/2037 2328/2041
f 2328/2041 2183/2037 2316/2040
f 2322/2039 2328/2041 2391/2042
f 2322/2039 2391/2042 2389/2043
f 2328/2041 2316/2040 2370/2044
f 2389/2043 2391/2042 2442/2045
f 2391/2042 2328/2041 2392/2046
f 2392/2046 2328/2041 2370/2044
f 2391/2042 2392/2046 2442/2045
f 2389/2043 2442/2045 2454/2047
f 2454/2047 2442/2045 2463/2048
f 2454/2047 2463/2048 2492/2049
f 2492/2049 2463/2048 2490/2050
f 2490/2050 2463/2048 2442/2045
f 2492/2049 2490/2050 2502/2051
f 2502/2051 2490/2050 2500/2052
f 2502/2051 2500/2052 2501/2053
f 2490/2050 2442/2045 2469/2054
f 2469/2054 2442/2045 2392/2046
f 2500/2052 2490/2050 2494/2055
f 2494/2055 2490/2050 2469/2054
f 2501/2053 2500/2052 2497/2056
f 2497/2056 2500/2052 2494/2055
f 2501/2053 2497/2056 2488/2057
f 2488/2057 2497/2056 2481/2058
f 2488/2057 2481/2058 2444/2059
f 2497/2056 2494/2055 2496/2060
f 2481/2058 2497/2056 2476/2061
f 2476/2061 2497/2056 2496/2060
f 2496/2060 2494/2055 2487/2062
f 2476/2061 2496/2060 2467/2063
f 2467/2063 2496/2060 2487/2062
f 2487/2062 2494/2055 2474/2064
f 2474/2064 2494/2055 2469/2054
f 2487/2062 2474/2064 2467/2063
f 2481/2058 2476/2061 2460/2065
f 2460/2065 2476/2061 2467/2063
f 2429/2066 2444/2059 2481/2058
f 2429/2066 2481/2058 2460/2065
f 2444/2059 2429/2066 2417/2067
f 2460/2065 2467/2063 2397/2068
f 2429/2066 2460/2065 2403/2069
f 2403/2069 2460/2065 2397/2068
f 2429/2066 2403/2069 2416/2070
f 2429/2066 2416/2070 2417/2067
f 2417/2067 2416/2070 2432/2071
f 2417/2067 2432/2071 2443/2000
f 2443/2000 2432/2071 2450/1999
f 2450/1999 2432/2071 2423/2072
f 2423/2072 2432/2071 2416/2070
f 2450/1999 2423/2072 2426/2003
f 2426/2003 2423/2072 2374/2009
f 2423/2072 2416/2070 2380/2073
f 2423/2072 2380/2073 2374/2009
f 2380/2073 2416/2070 2403/2069
f 2374/2009 2380/2073 2344/2015
f 2380/2073 2403/2069 2368/2074
f 2368/2074 2403/2069 2397/2068
f 2344/2015 2380/2073 2327/2075
f 2344/2015 2327/2075 2264/2020
f 2380/2073 2368/2074 2355/2076
f 2380/2073 2355/2076 2327/2075
f 2368/2074 2397/2068 2386/2077
f 2368/2074 2386/2077 2355/2076
f 2264/2020 2327/2075 2324/2078
f 2324/2078 2327/2075 2355/2076
f 2264/2020 2324/2078 2251/2034
f 2251/2034 2324/2078 2277/2035
f 2277/2035 2324/2078 2314/2079
f 2314/2079 2324/2078 2355/2076
f 2277/2035 2314/2079 2316/2040
f 2385/2080 2355/2076 2386/2077
f 2355/2076 2385/2080 2314/2079
f 2385/2080 2386/2077 2397/2068
f 2316/2040 2314/2079 2371/2081
f 2371/2081 2314/2079 2385/2080
f 2316/2040 2371/2081 2370/2044
f 2370/2044 2371/2081 2392/2046
f 2371/2081 2385/2080 2427/2082
f 2371/2081 2427/2082 2392/2046
f 2385/2080 2397/2068 2431/2083
f 2431/2083 2397/2068 2467/2063
f 2431/2083 2467/2063 2474/2064
f 2385/2080 2431/2083 2438/2084
f 2385/2080 2438/2084 2427/2082
f 2438/2084 2431/2083 2474/2064
f 2427/2082 2438/2084 2392/2046
f 2438/2084 2474/2064 2469/2054
f 2438/2084 2469/2054 2392/2046
f 981/2085 966/2086 1053/2087
f 1053/2087 966/2086 988/2088
f 1053/2087 988/2088 1091/2089
f 1053/2087 1091/2089 1112/2090
f 1112/2090 1091/2089 1156/2091
f 1156/2091 1091/2089 1178/2092
f 1091/2089 988/2088 948/2093
f 948/2093 988/2088 966/2086
f 1178/2092 1091/2089 1211/2094
f 1178/2092 1211/2094 1276/2095
f 1211/2094 1091/2089 1103/2096
f 1103/2096 1091/2089 948/2093
f 1276/2095 1211/2094 1237/2097
f 1237/2097 1211/2094 1103/2096
f 1276/2095 1237/2097 1319/2098
f 919/2099 966/2086 934/2100
f 966/2086 919/2099 948/2093
f 1103/2096 948/2093 1013/2101
f 1103/2096 1013/2101 1237/2097
f 948/2093 919/2099 755/2102
f 1013/2101 948/2093 960/2103
f 755/2102 919/2099 793/2104
f 793/2104 919/2099 905/2105
f 793/2104 905/2105 788/2106
f 793/2104 788/2106 730/2107
f 793/2104 730/2107 755/2102
f 755/2102 730/2107 383/2108
f 383/2108 730/2107 427/2109
f 383/2108 427/2109 218/2110
f 846/2111 948/2093 755/2102
f 948/2093 846/2111 960/2103
f 755/2102 383/2108 567/2112
f 755/2102 567/2112 846/2111
f 383/2108 218/2110 168/2113
f 168/2113 218/2110 13/2114
f 567/2112 383/2108 336/2115
f 336/2115 383/2108 168/2113
f 846/2111 567/2112 665/2116
f 665/2116 567/2112 336/2115
f 846/2111 665/2116 729/2117
f 846/2111 729/2117 960/2103
f 665/2116 336/2115 278/2118
f 665/2116 278/2118 729/2117
f 336/2115 168/2113 1471/2119
f 1471/2119 168/2113 13/2114
f 336/2115 1471/2119 164/2120
f 336/2115 164/2120 278/2118
f 1471/2119 13/2114 1565/2121
f 1565/2121 13/2114 1502/2122
f 164/2120 1471/2119 1557/2123
f 1557/2123 1471/2119 1565/2121
f 164/2120 1557/2123 278/2118
f 1675/2124 1690/2125 1565/2121
f 1557/2123 1565/2121 1715/2126
f 1715/2126 1565/2121 1690/2125
f 278/2118 1557/2123 1653/2127
f 1653/2127 1557/2123 1715/2126
f 1715/2126 1690/2125 1810/2128
f 1810/2128 1690/2125 1752/2129
f 1810/2128 1752/2129 1926/2130
f 1926/2130 1752/2129 1890/2131
f 1715/2126 1810/2128 1912/2132
f 1912/2132 1810/2128 1926/2130
f 1653/2127 1715/2126 1865/2133
f 1865/2133 1715/2126 1912/2132
f 1653/2127 1865/2133 1855/2134
f 1653/2127 1855/2134 278/2118
f 1865/2133 1912/2132 2162/2135
f 2162/2135 1912/2132 1926/2130
f 1855/2134 1865/2133 2091/2136
f 2091/2136 1865/2133 2162/2135
f 278/2118 1855/2134 290/2137
f 1855/2134 2091/2136 2272/2138
f 278/2118 290/2137 729/2117
f 290/2137 1855/2134 1516/2139
f 1516/2139 1855/2134 1880/2140
f 1880/2140 1855/2134 2272/2138
f 290/2137 1516/2139 223/2141
f 1516/2139 1880/2140 1883/2142
f 1516/2139 1883/2142 223/2141
f 729/2117 290/2137 493/2143
f 493/2143 290/2137 223/2141
f 729/2117 493/2143 721/2144
f 493/2143 223/2141 624/2145
f 493/2143 624/2145 721/2144
f 729/2117 721/2144 839/2146
f 839/2146 721/2144 624/2145
f 729/2117 839/2146 960/2103
f 960/2103 839/2146 1004/2147
f 1004/2147 839/2146 624/2145
f 960/2103 1004/2147 1134/2148
f 960/2103 1134/2148 1013/2101
f 1013/2101 1134/2148 1237/2097
f 1134/2148 1004/2147 1093/2149
f 1237/2097 1134/2148 1175/2150
f 1175/2150 1134/2148 1093/2149
f 1237/2097 1175/2150 1361/2151
f 1175/2150 1093/2149 1272/2152
f 1175/2150 1272/2152 1361/2151
f 1272/2152 1093/2149 1170/2153
f 1272/2152 1170/2153 1213/2154
f 1213/2154 1170/2153 1093/2149
f 1361/2151 1272/2152 1275/2155
f 1213/2154 1093/2149 1034/2156
f 1034/2156 1093/2149 1004/2147
f 1213/2154 1034/2156 1028/2157
f 1028/2157 1034/2156 940/2158
f 940/2158 1034/2156 819/2159
f 940/2158 819/2159 805/2160
f 1034/2156 1004/2147 872/2161
f 1034/2156 872/2161 819/2159
f 819/2159 872/2161 883/2162
f 872/2161 1004/2147 624/2145
f 883/2162 872/2161 772/2163
f 772/2163 872/2161 624/2145
f 883/2162 772/2163 737/2164
f 737/2164 772/2163 533/2165
f 533/2165 772/2163 624/2145
f 737/2164 533/2165 482/2166
f 533/2165 624/2145 187/2167
f 533/2165 187/2167 482/2166
f 482/2166 187/2167 94/2168
f 187/2167 624/2145 223/2141
f 94/2168 187/2167 1798/2169
f 187/2167 223/2141 1814/2170
f 187/2167 1814/2170 1798/2169
f 1814/2170 223/2141 1883/2142
f 1798/2169 1814/2170 2228/2171
f 1798/2169 2228/2171 2216/2172
f 1814/2170 1883/2142 2039/2173
f 1814/2170 2039/2173 2228/2171
f 2039/2173 1883/2142 2231/2174
f 2039/2173 2231/2174 2228/2171
f 2231/2174 1883/2142 2104/2175
f 2104/2175 1883/2142 1880/2140
f 2104/2175 1880/2140 2263/2176
f 2104/2175 2263/2176 2231/2174
f 2263/2176 1880/2140 2272/2138
f 2228/2171 2231/2174 2252/2177
f 2228/2171 2252/2177 2270/2178
f 2270/2178 2252/2177 2280/2179
f 2280/2179 2252/2177 2231/2174
f 2231/2174 2263/2176 2281/2180
f 2231/2174 2281/2180 2280/2179
f 2281/2180 2263/2176 2329/2181
f 2281/2180 2329/2181 2280/2179
f 2329/2181 2263/2176 2272/2138
f 2219/2182 2112/2183 2280/2179
f 2219/2182 2280/2179 2329/2181
f 2219/2182 2329/2181 2229/2184
f 2229/2184 2329/2181 2250/2185
f 2250/2185 2329/2181 2275/2186
f 2250/2185 2275/2186 2235/2187
f 2235/2187 2275/2186 2267/2188
f 2235/2187 2267/2188 2182/2189
f 2267/2188 2275/2186 2343/2190
f 2267/2188 2343/2190 2345/2191
f 2345/2191 2343/2190 2326/2192
f 2343/2190 2275/2186 2339/2193
f 2339/2193 2275/2186 2329/2181
f 2326/2192 2343/2190 2319/2194
f 2319/2194 2343/2190 2339/2193
f 2326/2192 2319/2194 2305/2195
f 2339/2193 2329/2181 2309/2196
f 2339/2193 2309/2196 2319/2194
f 2309/2196 2329/2181 2272/2138
f 2305/2195 2319/2194 2271/2197
f 2305/2195 2271/2197 2199/2198
f 2319/2194 2309/2196 2301/2199
f 2319/2194 2301/2199 2271/2197
f 2309/2196 2272/2138 2268/2200
f 2309/2196 2268/2200 2301/2199
f 2268/2200 2272/2138 2091/2136
f 2268/2200 2091/2136 2162/2135
f 2268/2200 2162/2135 2301/2199
f 2301/2199 2162/2135 2271/2197
f 2271/2197 2162/2135 2175/2201
f 2271/2197 2175/2201 2199/2198
f 2175/2201 2162/2135 1926/2130
f 2199/2198 2175/2201 1959/2202
f 1959/2202 2175/2201 1926/2130
f 2199/2198 1959/2202 2205/2203
f 1959/2202 1926/2130 1890/2131
f 1959/2202 1890/2131 1930/2204
f 1959/2202 1930/2204 1979/2205
f 1390/2206 1237/2097 1361/2151
f 1237/2097 1390/2206 1319/2098
f 1319/2098 1390/2206 1419/2207
f 1390/2206 1361/2151 1368/2208
f 1390/2206 1368/2208 1419/2207
f 1368/2208 1361/2151 1275/2155
f 1368/2208 1275/2155 1300/2209
f 1368/2208 1300/2209 1419/2207
f 1419/2207 1300/2209 1279/2210
f 1279/2210 1300/2209 1222/2211
f 1279/2210 1222/2211 1181/2212
f 899/2213 845/2214 829/2215
f 829/2215 845/2214 759/2216
f 845/2214 899/2213 898/2217
f 898/2217 899/2213 971/2218
f 759/2216 845/2214 786/2219
f 759/2216 786/2219 646/2220
f 845/2214 898/2217 900/2221
f 898/2217 971/2218 947/2222
f 898/2217 947/2222 900/2221
f 646/2220 786/2219 690/2223
f 947/2222 971/2218 1070/2224
f 1070/2224 971/2218 986/2225
f 1070/2224 986/2225 1124/2226
f 947/2222 1070/2224 1059/2227
f 947/2222 1059/2227 900/2221
f 1070/2224 1124/2226 1139/2228
f 1070/2224 1139/2228 1059/2227
f 1139/2228 1124/2226 1307/2229
f 549/2230 646/2220 690/2223
f 1139/2228 1307/2229 1294/2231
f 1294/2231 1307/2229 1364/2232
f 1059/2227 1139/2228 1252/2233
f 1252/2233 1139/2228 1294/2231
f 1294/2231 1364/2232 1290/2234
f 1294/2231 1290/2234 1252/2233
f 1290/2234 1364/2232 1320/2235
f 1059/2227 1252/2233 1128/2236
f 1320/2235 1364/2232 1346/2237
f 1346/2237 1364/2232 1372/2238
f 1346/2237 1372/2238 1413/2239
f 1346/2237 1413/2239 1336/2240
f 1346/2237 1336/2240 1320/2235
f 1336/2240 1413/2239 1401/2241
f 1128/2236 1252/2233 1205/2242
f 1205/2242 1252/2233 1290/2234
f 1248/2243 1290/2234 1320/2235
f 1290/2234 1248/2243 1205/2242
f 1248/2243 1320/2235 1336/2240
f 1336/2240 1401/2241 1398/2244
f 1398/2244 1401/2241 1444/2245
f 1398/2244 1444/2245 1397/2246
f 1397/2246 1444/2245 1421/2247
f 1398/2244 1397/2246 1332/2248
f 1398/2244 1332/2248 1344/2249
f 1398/2244 1344/2249 1336/2240
f 1344/2249 1332/2248 1297/2250
f 1336/2240 1344/2249 1288/2251
f 1288/2251 1344/2249 1297/2250
f 1336/2240 1288/2251 1248/2243
f 1288/2251 1297/2250 1220/2252
f 1220/2252 1297/2250 1200/2253
f 1248/2243 1288/2251 1179/2254
f 1179/2254 1288/2251 1220/2252
f 1248/2243 1179/2254 1205/2242
f 1205/2242 1179/2254 1081/2255
f 1205/2242 1081/2255 1128/2236
f 1179/2254 1220/2252 1164/2256
f 1179/2254 1164/2256 1081/2255
f 1164/2256 1220/2252 1148/2257
f 1148/2257 1220/2252 1155/2258
f 1164/2256 1148/2257 1072/2259
f 1164/2256 1072/2259 1081/2255
f 1060/2260 1148/2257 1083/2261
f 1072/2259 1148/2257 1042/2262
f 1042/2262 1148/2257 1060/2260
f 1081/2255 1072/2259 944/2263
f 944/2263 1072/2259 1042/2262
f 1042/2262 1060/2260 890/2264
f 1042/2262 890/2264 944/2263
f 890/2264 1060/2260 984/2265
f 944/2263 890/2264 830/2266
f 830/2266 890/2264 760/2267
f 830/2266 760/2267 562/2268
f 944/2263 830/2266 873/2269
f 830/2266 562/2268 695/2270
f 830/2266 695/2270 873/2269
f 944/2263 873/2269 967/2271
f 944/2263 967/2271 1081/2255
f 1081/2255 967/2271 1011/2272
f 1081/2255 1011/2272 1128/2236
f 1128/2236 1011/2272 1059/2227
f 1059/2227 1011/2272 900/2221
f 1011/2272 967/2271 938/2273
f 938/2273 967/2271 873/2269
f 1011/2272 938/2273 900/2221
f 938/2273 873/2269 813/2274
f 938/2273 813/2274 900/2221
f 813/2274 873/2269 695/2270
f 900/2221 813/2274 794/2275
f 900/2221 794/2275 844/2276
f 900/2221 844/2276 845/2214
f 794/2275 813/2274 651/2277
f 651/2277 813/2274 695/2270
f 844/2276 794/2275 701/2278
f 701/2278 794/2275 651/2277
f 845/2214 844/2276 800/2279
f 800/2279 844/2276 701/2278
f 845/2214 800/2279 786/2219
f 786/2219 800/2279 690/2223
f 690/2223 800/2279 701/2278
f 690/2223 701/2278 549/2230
f 701/2278 651/2277 509/2280
f 701/2278 509/2280 549/2230
f 509/2280 651/2277 535/2281
f 535/2281 651/2277 695/2270
f 549/2230 509/2280 395/2282
f 509/2280 535/2281 230/2283
f 509/2280 230/2283 395/2282
f 535/2281 695/2270 404/2284
f 404/2284 695/2270 562/2268
f 404/2284 562/2268 347/2285
f 404/2284 347/2285 1563/2286
f 404/2284 1563/2286 1512/2287
f 404/2284 1512/2287 535/2281
f 1512/2287 1563/2286 1753/2288
f 535/2281 1512/2287 1495/2289
f 1495/2289 1512/2287 1753/2288
f 535/2281 1495/2289 230/2283
f 1919/2290 1753/2288 1956/2291
f 230/2283 1495/2289 1501/2292
f 1495/2289 1753/2288 1608/2293
f 1495/2289 1608/2293 1501/2292
f 1608/2293 1753/2288 1764/2294
f 1764/2294 1753/2288 1919/2290
f 1764/2294 1919/2290 1933/2295
f 1933/2295 1919/2290 1983/2296
f 1933/2295 1983/2296 1834/2297
f 1933/2295 1834/2297 1764/2294
f 1834/2297 1983/2296 1914/2298
f 1608/2293 1764/2294 1722/2299
f 1722/2299 1764/2294 1834/2297
f 1834/2297 1914/2298 1858/2300
f 1858/2300 1914/2298 1895/2301
f 1858/2300 1895/2301 1904/2302
f 1834/2297 1858/2300 1811/2303
f 1811/2303 1858/2300 1904/2302
f 1834/2297 1811/2303 1722/2299
f 1811/2303 1904/2302 1890/2304
f 1890/2304 1904/2302 1930/2305
f 1811/2303 1890/2304 1752/2306
f 1811/2303 1752/2306 1722/2299
f 1722/2299 1752/2306 1675/2307
f 1675/2307 1752/2306 1690/2308
f 1581/2309 1608/2293 1722/2299
f 1581/2309 1722/2299 1675/2307
f 1608/2293 1581/2309 1501/2292
f 1581/2309 1675/2307 1562/2310
f 1562/2310 1675/2307 1565/2311
f 1562/2310 1565/2311 1502/2312
f 1562/2310 1502/2312 1581/2309
f 1581/2309 1502/2312 1501/2292
f 1501/2292 1502/2312 71/2313
f 1501/2292 71/2313 230/2283
f 71/2313 1502/2312 13/2314
f 230/2283 71/2313 228/2315
f 230/2283 228/2315 395/2282
f 71/2313 13/2314 181/2316
f 71/2313 181/2316 228/2315
f 181/2316 13/2314 218/2317
f 228/2315 181/2316 342/2318
f 342/2318 181/2316 218/2317
f 228/2315 342/2318 395/2282
f 342/2318 218/2317 400/2319
f 400/2319 218/2317 427/2320
f 400/2319 427/2320 557/2321
f 342/2318 400/2319 448/2322
f 448/2322 400/2319 557/2321
f 342/2318 448/2322 395/2282
f 448/2322 557/2321 549/2230
f 448/2322 549/2230 395/2282
f 1240/2323 1341/2324 1216/2325
f 1240/2323 1216/2325 1197/2326
f 1341/2324 1240/2323 1315/2327
f 1315/2327 1240/2323 1266/2328
f 1240/2323 1197/2326 1196/2329
f 1196/2329 1197/2326 1144/2330
f 1266/2328 1240/2323 1257/2331
f 1240/2323 1196/2329 1242/2332
f 1240/2323 1242/2332 1257/2331
f 1315/2327 1266/2328 1316/2333
f 1316/2333 1266/2328 1257/2331
f 1315/2327 1316/2333 1387/2334
f 1315/2327 1387/2334 1400/2335
f 1316/2333 1257/2331 1269/2336
f 1257/2331 1242/2332 1285/2337
f 1257/2331 1285/2337 1269/2336
f 1316/2333 1269/2336 1330/2338
f 1316/2333 1330/2338 1387/2334
f 1330/2338 1269/2336 1277/2339
f 1277/2339 1269/2336 1285/2337
f 1330/2338 1277/2339 1351/2340
f 1351/2340 1277/2339 1323/2341
f 1323/2341 1277/2339 1285/2337
f 1330/2338 1351/2340 1375/2342
f 1330/2338 1375/2342 1387/2334
f 1351/2340 1323/2341 1403/2343
f 1351/2340 1403/2343 1375/2342
f 1421/2344 1444/2345 1387/2334
f 1421/2344 1387/2334 1384/2346
f 1384/2346 1387/2334 1375/2342
f 1421/2344 1384/2346 1382/2347
f 1384/2346 1375/2342 1388/2348
f 1384/2346 1388/2348 1376/2349
f 1388/2348 1375/2342 1403/2343
f 1388/2348 1403/2343 1415/2350
f 1388/2348 1415/2350 1406/2351
f 1358/2352 1403/2343 1323/2341
f 1358/2352 1323/2341 1285/2337
f 1415/2350 1403/2343 1402/2353
f 1402/2353 1403/2343 1358/2352
f 1415/2350 1402/2353 1411/2354
f 1415/2350 1411/2354 1417/2355
f 1415/2350 1417/2355 1416/2356
f 1416/2356 1417/2355 1383/2357
f 1417/2355 1411/2354 1380/2358
f 1417/2355 1380/2358 1383/2357
f 1411/2354 1402/2353 1377/2359
f 1411/2354 1377/2359 1380/2358
f 1379/2360 1402/2353 1358/2352
f 1402/2353 1379/2360 1377/2359
f 1379/2360 1358/2352 1343/2361
f 1343/2361 1358/2352 1285/2337
f 1379/2360 1343/2361 1309/2362
f 1309/2362 1343/2361 1285/2337
f 1309/2362 1285/2337 1262/2363
f 1262/2363 1285/2337 1246/2364
f 1262/2363 1246/2364 1309/2362
f 1246/2364 1285/2337 1242/2332
f 1246/2364 1242/2332 1241/2365
f 1246/2364 1241/2365 1309/2362
f 1241/2365 1242/2332 1196/2329
f 1360/2366 1379/2360 1309/2362
f 1379/2360 1360/2366 1377/2359
f 1309/2362 1241/2365 1256/2367
f 1309/2362 1256/2367 1360/2366
f 1241/2365 1196/2329 1151/2368
f 1377/2359 1360/2366 1339/2369
f 1339/2369 1360/2366 1256/2367
f 1151/2368 1196/2329 1144/2330
f 1256/2367 1241/2365 1228/2370
f 1228/2370 1241/2365 1151/2368
f 1228/2370 1151/2368 1256/2367
f 1377/2359 1339/2369 1298/2371
f 1339/2369 1256/2367 1278/2372
f 1339/2369 1278/2372 1298/2371
f 1151/2368 1144/2330 1094/2373
f 1094/2373 1144/2330 1132/2374
f 1256/2367 1151/2368 1174/2375
f 1174/2375 1151/2368 1094/2373
f 1174/2375 1094/2373 1087/2376
f 1087/2376 1094/2373 957/2377
f 1256/2367 1174/2375 1239/2378
f 1256/2367 1239/2378 1278/2372
f 1174/2375 1087/2376 1118/2379
f 1174/2375 1118/2379 1239/2378
f 1118/2379 1087/2376 957/2377
f 1278/2372 1239/2378 1212/2380
f 1278/2372 1212/2380 1298/2371
f 1239/2378 1118/2379 1146/2381
f 1239/2378 1146/2381 1212/2380
f 1118/2379 957/2377 1049/2382
f 1118/2379 1049/2382 1146/2381
f 952/2383 957/2377 868/2384
f 1049/2382 957/2377 1020/2385
f 1020/2385 957/2377 952/2383
f 1146/2381 1049/2382 1110/2386
f 1110/2386 1049/2382 1020/2385
f 1169/2387 1212/2380 1146/2381
f 1169/2387 1146/2381 1110/2386
f 1212/2380 1169/2387 1226/2388
f 1212/2380 1226/2388 1298/2371
f 1169/2387 1110/2386 1166/2389
f 1169/2387 1166/2389 1226/2388
f 1298/2371 1226/2388 1283/2390
f 1283/2390 1226/2388 1166/2389
f 1298/2371 1283/2390 1352/2391
f 1298/2371 1352/2391 1377/2359
f 1377/2359 1352/2391 1380/2358
f 1352/2391 1283/2390 1254/2392
f 1254/2392 1283/2390 1166/2389
f 1380/2358 1352/2391 1321/2393
f 1380/2358 1321/2393 1383/2357
f 1352/2391 1254/2392 1221/2394
f 1352/2391 1221/2394 1321/2393
f 1254/2392 1166/2389 1219/2395
f 1254/2392 1219/2395 1221/2394
f 1138/2396 1166/2389 1110/2386
f 1166/2389 1138/2396 1219/2395
f 1138/2396 1110/2386 1020/2385
f 1305/2397 1383/2357 1321/2393
f 1383/2357 1305/2397 1365/2398
f 1282/2399 1321/2393 1221/2394
f 1321/2393 1282/2399 1305/2397
f 1138/2396 1020/2385 1052/2400
f 1217/2401 1219/2395 1138/2396
f 1217/2401 1138/2396 1052/2400
f 1249/2402 1221/2394 1219/2395
f 1249/2402 1219/2395 1217/2401
f 1282/2399 1221/2394 1293/2403
f 1293/2403 1221/2394 1249/2402
f 1249/2402 1217/2401 1191/2404
f 1249/2402 1191/2404 1293/2403
f 1282/2399 1293/2403 1349/2405
f 1282/2399 1349/2405 1305/2397
f 1349/2405 1293/2403 1231/2406
f 1231/2406 1293/2403 1191/2404
f 1305/2397 1349/2405 1357/2407
f 1305/2397 1357/2407 1340/2408
f 1340/2408 1357/2407 1268/2409
f 1357/2407 1349/2405 1251/2410
f 1357/2407 1251/2410 1268/2409
f 1251/2410 1349/2405 1231/2406
f 1268/2409 1251/2410 1125/2411
f 1251/2410 1231/2406 1126/2412
f 1251/2410 1126/2412 1125/2411
f 1126/2412 1231/2406 1191/2404
f 1125/2411 1126/2412 995/2413
f 1125/2411 995/2413 1006/2414
f 1126/2412 1191/2404 1078/2415
f 1126/2412 1078/2415 995/2413
f 821/2416 1006/2414 797/2417
f 797/2417 1006/2414 995/2413
f 797/2417 995/2413 864/2418
f 797/2417 864/2418 763/2419
f 864/2418 995/2413 855/2420
f 864/2418 855/2420 763/2419
f 855/2420 995/2413 987/2421
f 855/2420 987/2421 763/2419
f 987/2421 995/2413 1078/2415
f 763/2419 987/2421 698/2422
f 987/2421 1078/2415 1082/2423
f 1082/2423 1078/2415 1191/2404
f 698/2422 987/2421 945/2424
f 945/2424 987/2421 1082/2423
f 1082/2423 1191/2404 1193/2425
f 1193/2425 1191/2404 1217/2401
f 1193/2425 1217/2401 1082/2423
f 1082/2423 1217/2401 1052/2400
f 1082/2423 1052/2400 945/2424
f 369/2426 112/2427 698/2422
f 369/2426 698/2422 728/2428
f 869/2429 698/2422 945/2424
f 698/2422 869/2429 728/2428
f 869/2429 945/2424 1052/2400
f 728/2428 869/2429 936/2430
f 936/2430 869/2429 1052/2400
f 728/2428 936/2430 780/2431
f 936/2430 1052/2400 1020/2385
f 780/2431 936/2430 952/2383
f 952/2383 936/2430 1020/2385
f 2354/2432 2315/2433 2357/2434
f 2383/2435 2347/2436 2354/2432
f 2354/2432 2347/2436 2220/2437
f 2220/2437 2347/2436 2317/2438
f 2315/2433 2354/2432 2300/2439
f 2300/2439 2354/2432 2220/2437
f 2315/2433 2300/2439 2166/2440
f 2315/2433 2166/2440 2087/2441
f 2220/2437 2317/2438 1598/2442
f 2300/2439 2220/2437 1962/2443
f 2166/2440 2300/2439 2037/2444
f 2166/2440 2037/2444 2087/2441
f 2037/2444 2300/2439 1962/2443
f 2087/2441 2037/2444 2065/2445
f 2087/2441 2065/2445 2102/2446
f 2037/2444 1962/2443 1762/2447
f 1762/2447 1962/2443 2220/2437
f 2037/2444 1762/2447 2065/2445
f 2102/2446 2065/2445 2121/2448
f 2121/2448 2065/2445 2084/2449
f 2121/2448 2084/2449 2267/2450
f 2267/2450 2084/2449 2182/2451
f 2084/2449 2065/2445 1840/2452
f 2084/2449 1840/2452 2182/2451
f 1840/2452 2065/2445 1762/2447
f 2182/2451 1840/2452 2235/2453
f 1524/2454 1762/2447 2220/2437
f 1524/2454 2220/2437 1598/2442
f 1840/2452 1762/2447 106/2455
f 2235/2453 1840/2452 2015/2456
f 2235/2453 2015/2456 2250/2457
f 2250/2457 2015/2456 2090/2458
f 2015/2456 1840/2452 60/2459
f 60/2459 1840/2452 106/2455
f 2015/2456 60/2459 1518/2460
f 2015/2456 1518/2460 1540/2461
f 1518/2460 60/2459 608/2462
f 608/2462 60/2459 106/2455
f 1518/2460 608/2462 609/2463
f 136/2464 106/2455 1762/2447
f 106/2455 136/2464 608/2462
f 136/2464 1762/2447 1524/2454
f 609/2463 608/2462 974/2465
f 608/2462 136/2464 641/2466
f 136/2464 1524/2454 636/2467
f 136/2464 636/2467 641/2466
f 608/2462 641/2466 884/2468
f 608/2462 884/2468 974/2465
f 641/2466 636/2467 891/2469
f 641/2466 891/2469 884/2468
f 636/2467 1524/2454 633/2470
f 636/2467 633/2470 891/2469
f 633/2470 1524/2454 607/2471
f 607/2471 1524/2454 1598/2442
f 607/2471 1598/2442 1772/2472
f 633/2470 607/2471 973/2473
f 633/2470 973/2473 891/2469
f 870/2474 1024/2475 607/2471
f 607/2471 1024/2475 973/2473
f 973/2473 1024/2475 1097/2476
f 1097/2476 1024/2475 1117/2477
f 1097/2476 1117/2477 1218/2478
f 1097/2476 1218/2478 1189/2479
f 1097/2476 1189/2479 973/2473
f 1189/2479 1218/2478 1259/2480
f 1189/2479 1259/2480 1399/2481
f 1189/2479 1399/2481 1271/2482
f 1189/2479 1271/2482 1160/2483
f 973/2473 1189/2479 1115/2484
f 1115/2484 1189/2479 1160/2483
f 973/2473 1115/2484 891/2469
f 891/2469 1115/2484 1143/2485
f 891/2469 1143/2485 884/2468
f 1115/2484 1160/2483 1157/2486
f 1157/2486 1160/2483 1181/2487
f 1115/2484 1157/2486 1129/2488
f 1115/2484 1129/2488 1143/2485
f 1157/2486 1181/2487 1162/2489
f 1157/2486 1162/2489 1129/2488
f 1129/2488 1162/2489 1143/2485
f 1162/2489 1181/2487 1222/2490
f 1162/2489 1222/2490 1143/2485
f 1185/2491 884/2468 1143/2485
f 1185/2491 1143/2485 1222/2490
f 884/2468 1185/2491 974/2465
f 1185/2491 1222/2490 1275/2492
f 1275/2492 1222/2490 1300/2493
f 974/2465 1185/2491 1208/2494
f 1208/2494 1185/2491 1275/2492
f 974/2465 1208/2494 1028/2495
f 1028/2495 1208/2494 1213/2496
f 1213/2496 1208/2494 1275/2492
f 1213/2496 1275/2492 1272/2497
f 2229/2498 2250/2499 2090/2500
f 2229/2498 2090/2500 2112/2501
f 2229/2498 2112/2501 2219/2502
f 2112/2501 2090/2500 1559/2503
f 1559/2503 2090/2500 2015/2504
f 1559/2503 2015/2504 1540/2505
f 1518/2506 609/2507 1540/2505
f 1559/2503 1540/2505 536/2508
f 536/2508 1540/2505 609/2507
f 2112/2501 1559/2503 1995/2509
f 1995/2509 1559/2503 1627/2510
f 1627/2510 1559/2503 536/2508
f 2112/2501 1995/2509 2153/2511
f 1995/2509 1627/2510 1681/2512
f 1995/2509 1681/2512 2153/2511
f 1627/2510 536/2508 480/2513
f 1627/2510 480/2513 1681/2512
f 673/2514 536/2508 609/2507
f 673/2514 609/2507 974/2515
f 940/2516 974/2515 1028/2517
f 974/2515 940/2516 805/2518
f 974/2515 805/2518 673/2514
f 536/2508 673/2514 713/2519
f 713/2519 673/2514 805/2518
f 536/2508 713/2519 480/2513
f 713/2519 805/2518 835/2520
f 835/2520 805/2518 819/2521
f 835/2520 819/2521 883/2522
f 713/2519 835/2520 799/2523
f 713/2519 799/2523 480/2513
f 835/2520 883/2522 831/2524
f 835/2520 831/2524 799/2523
f 831/2524 883/2522 893/2525
f 893/2525 883/2522 737/2526
f 799/2523 831/2524 792/2527
f 799/2523 792/2527 480/2513
f 831/2524 893/2525 904/2528
f 831/2524 904/2528 792/2527
f 893/2525 737/2526 824/2529
f 893/2525 824/2529 904/2528
f 824/2529 737/2526 455/2530
f 824/2529 455/2530 904/2528
f 455/2530 737/2526 482/2531
f 455/2530 482/2531 94/2532
f 455/2530 94/2532 85/2533
f 447/2534 480/2513 792/2527
f 904/2528 455/2530 798/2535
f 455/2530 85/2533 486/2536
f 455/2530 486/2536 798/2535
f 486/2536 85/2533 289/2537
f 289/2537 85/2533 69/2538
f 289/2537 69/2538 109/2539
f 486/2536 289/2537 583/2540
f 486/2536 583/2540 798/2535
f 289/2537 109/2539 312/2541
f 312/2541 109/2539 152/2542
f 583/2540 289/2537 392/2543
f 392/2543 289/2537 312/2541
f 392/2543 312/2541 491/2544
f 491/2544 312/2541 152/2542
f 583/2540 392/2543 534/2545
f 534/2545 392/2543 491/2544
f 833/2546 798/2535 583/2540
f 833/2546 583/2540 534/2545
f 798/2535 833/2546 908/2547
f 798/2535 908/2547 904/2528
f 904/2528 908/2547 792/2527
f 792/2527 908/2547 782/2548
f 792/2527 782/2548 447/2534
f 908/2547 833/2546 677/2549
f 908/2547 677/2549 782/2548
f 833/2546 534/2545 596/2550
f 833/2546 596/2550 677/2549
f 596/2550 534/2545 554/2551
f 554/2551 534/2545 491/2544
f 596/2550 554/2551 496/2552
f 496/2552 554/2551 491/2544
f 596/2550 496/2552 551/2553
f 596/2550 551/2553 677/2549
f 661/2554 782/2548 677/2549
f 782/2548 661/2554 447/2534
f 661/2554 677/2549 387/2555
f 661/2554 387/2555 447/2534
f 677/2549 551/2553 429/2556
f 677/2549 429/2556 325/2557
f 325/2557 429/2556 551/2553
f 677/2549 325/2557 387/2555
f 394/2558 551/2553 496/2552
f 447/2534 387/2555 283/2559
f 447/2534 283/2559 98/2560
f 447/2534 98/2560 480/2513
f 480/2513 98/2560 1681/2512
f 98/2560 283/2559 1712/2561
f 98/2560 1712/2561 1681/2512
f 1712/2561 283/2559 387/2555
f 1681/2512 1712/2561 2197/2562
f 1681/2512 2197/2562 2153/2511
f 2197/2562 1712/2561 2221/2563
f 2153/2511 2197/2562 2283/2564
f 2283/2564 2197/2562 2221/2563
f 1712/2561 387/2555 1694/2565
f 1712/2561 1694/2565 2221/2563
f 1694/2565 387/2555 1481/2566
f 1481/2566 387/2555 325/2557
f 2221/2563 1694/2565 1958/2567
f 1958/2567 1694/2565 1964/2568
f 2221/2563 1958/2567 2194/2569
f 2194/2569 1958/2567 1964/2568
f 1964/2568 1694/2565 1852/2570
f 1964/2568 1852/2570 2194/2569
f 1694/2565 1481/2566 1597/2571
f 1694/2565 1597/2571 1852/2570
f 1489/2572 1481/2566 325/2557
f 1481/2566 1489/2572 1597/2571
f 2288/2573 2221/2563 2194/2569
f 2221/2563 2288/2573 2283/2564
f 2067/2574 2194/2569 1852/2570
f 1852/2570 1597/2571 1860/2575
f 1852/2570 1860/2575 2067/2574
f 1597/2571 1489/2572 1684/2576
f 1597/2571 1684/2576 1860/2575
f 2288/2573 2194/2569 2265/2577
f 2265/2577 2194/2569 2067/2574
f 2067/2574 1860/2575 1864/2578
f 1864/2578 1860/2575 1684/2576
f 1684/2576 1489/2572 1523/2579
f 1523/2579 1489/2572 325/2557
f 1684/2576 1523/2579 1720/2580
f 1684/2576 1720/2580 1864/2578
f 1523/2579 325/2557 189/2581
f 189/2581 325/2557 551/2553
f 189/2581 551/2553 394/2558
f 1523/2579 189/2581 1544/2582
f 1523/2579 1544/2582 1720/2580
f 189/2581 394/2558 153/2583
f 189/2581 153/2583 1544/2582
f 153/2583 394/2558 241/2584
f 1544/2582 153/2583 37/2585
f 37/2585 153/2583 241/2584
f 1720/2580 1544/2582 1809/2586
f 241/2584 394/2558 366/2587
f 366/2587 394/2558 496/2552
f 366/2587 496/2552 491/2544
f 241/2584 366/2587 195/2588
f 195/2588 366/2587 491/2544
f 241/2584 195/2588 159/2589
f 195/2588 491/2544 182/2590
f 182/2590 491/2544 152/2542
f 182/2590 152/2542 125/2591
f 195/2588 182/2590 170/2592
f 170/2592 182/2590 125/2591
f 195/2588 170/2592 159/2589
f 170/2592 125/2591 207/2593
f 207/2593 125/2591 158/2594
f 170/2592 207/2593 255/2595
f 170/2592 255/2595 159/2589
f 255/2595 207/2593 319/2596
f 255/2595 319/2596 273/2597
f 255/2595 273/2597 159/2589
f 132/2598 241/2584 159/2589
f 241/2584 132/2598 37/2585
f 159/2589 273/2597 156/2599
f 159/2589 156/2599 132/2598
f 132/2598 156/2599 37/2585
f 156/2599 273/2597 240/2600
f 156/2599 240/2600 36/2601
f 156/2599 36/2601 37/2585
f 37/2585 36/2601 1637/2602
f 1637/2602 36/2601 1601/2603
f 37/2585 1637/2602 1544/2582
f 1637/2602 1601/2603 1819/2604
f 1544/2582 1637/2602 1809/2586
f 1809/2586 1637/2602 1819/2604
f 1809/2586 1819/2604 2027/2605
f 1809/2586 2027/2605 1994/2606
f 1809/2586 1994/2606 1720/2580
f 1968/2607 2134/2608 2027/2605
f 1720/2580 1994/2606 1921/2609
f 1720/2580 1921/2609 1864/2578
f 1994/2606 2027/2605 2154/2610
f 1921/2609 1994/2606 2092/2611
f 2092/2611 1994/2606 2154/2610
f 2027/2605 2134/2608 2138/2612
f 2027/2605 2138/2612 2154/2610
f 2138/2612 2134/2608 2078/2613
f 2078/2613 2134/2608 2021/2614
f 2154/2610 2138/2612 2133/2615
f 2133/2615 2138/2612 2078/2613
f 2092/2611 2154/2610 2100/2616
f 2100/2616 2154/2610 2133/2615
f 2133/2615 2078/2613 2005/2617
f 2133/2615 2005/2617 2100/2616
f 2005/2617 2078/2613 1990/2618
f 2005/2617 1990/2618 1881/2619
f 2100/2616 2005/2617 1862/2620
f 2092/2611 2100/2616 2030/2621
f 2030/2621 2100/2616 1862/2620
f 2092/2611 2030/2621 2059/2622
f 2092/2611 2059/2622 1921/2609
f 1921/2609 2059/2622 1864/2578
f 2005/2617 1881/2619 1898/2623
f 2005/2617 1898/2623 1862/2620
f 1864/2578 2059/2622 2051/2624
f 1864/2578 2051/2624 2067/2574
f 2059/2622 2030/2621 2025/2625
f 2059/2622 2025/2625 2051/2624
f 2067/2574 2051/2624 2073/2626
f 2073/2626 2051/2624 2025/2625
f 2067/2574 2073/2626 2265/2577
f 2025/2625 2030/2621 1836/2627
f 1836/2627 2030/2621 1862/2620
f 2073/2626 2025/2625 2022/2628
f 2022/2628 2025/2625 1836/2627
f 2265/2577 2073/2626 2173/2629
f 2173/2629 2073/2626 2022/2628
f 1836/2627 1862/2620 1617/2630
f 2022/2628 1836/2627 1871/2631
f 1871/2631 1836/2627 1617/2630
f 2022/2628 1871/2631 1936/2632
f 2022/2628 1936/2632 2173/2629
f 1936/2632 1871/2631 1769/2633
f 1769/2633 1871/2631 1645/2634
f 1645/2634 1871/2631 1617/2630
f 1936/2632 1769/2633 1909/2635
f 1936/2632 1909/2635 2173/2629
f 1909/2635 1769/2633 1645/2634
f 1646/2636 1617/2630 1862/2620
f 1646/2636 1862/2620 1898/2623
f 1646/2636 1898/2623 1664/2637
f 1617/2630 1646/2636 1472/2638
f 1472/2638 1646/2636 1664/2637
f 1664/2637 1898/2623 1881/2619
f 1664/2637 1881/2619 1620/2639
f 1620/2639 1881/2619 1579/2640
f 1620/2639 1579/2640 1469/2641
f 1620/2639 1469/2641 1664/2637
f 1664/2637 1469/2641 1480/2642
f 1664/2637 1480/2642 1472/2638
f 1480/2642 1469/2641 158/2643
f 158/2643 1469/2641 143/2644
f 1480/2642 158/2643 125/2645
f 1480/2642 125/2645 1472/2638
f 1472/2638 125/2645 152/2646
f 1459/2647 1617/2630 1472/2638
f 1459/2647 1472/2638 152/2646
f 1617/2630 1459/2647 1645/2634
f 1459/2647 152/2646 30/2648
f 1459/2647 30/2648 1645/2634
f 30/2648 152/2646 109/2649
f 30/2648 109/2649 1536/2650
f 30/2648 1536/2650 1645/2634
f 1536/2650 109/2649 69/2651
f 1645/2634 1536/2650 1676/2652
f 1676/2652 1536/2650 69/2651
f 1645/2634 1676/2652 1909/2635
f 1676/2652 69/2651 85/2653
f 1909/2635 1676/2652 1941/2654
f 1676/2652 85/2653 1781/2655
f 1676/2652 1781/2655 1941/2654
f 1781/2655 85/2653 94/2656
f 1909/2635 1941/2654 2173/2629
f 1781/2655 94/2656 1789/2657
f 1789/2657 94/2656 1798/2658
f 1941/2654 1781/2655 2201/2659
f 2201/2659 1781/2655 1789/2657
f 2173/2629 1941/2654 2191/2660
f 2191/2660 1941/2654 2201/2659
f 2173/2629 2191/2660 2276/2661
f 2276/2661 2191/2660 2201/2659
f 2173/2629 2276/2661 2265/2577
f 1789/2657 1798/2658 2212/2662
f 1789/2657 2212/2662 2201/2659
f 2212/2662 1798/2658 2216/2663
f 2265/2577 2276/2661 2337/2664
f 2265/2577 2337/2664 2288/2573
f 2337/2664 2276/2661 2325/2665
f 2337/2664 2325/2665 2288/2573
f 2325/2665 2276/2661 2201/2659
f 2288/2573 2325/2665 2283/2564
f 2325/2665 2201/2659 2320/2666
f 2325/2665 2320/2666 2283/2564
f 2320/2666 2201/2659 2212/2662
f 2283/2564 2320/2666 2310/2667
f 2310/2667 2320/2666 2212/2662
f 2283/2564 2310/2667 2153/2511
f 2270/2668 2212/2662 2216/2663
f 2212/2662 2270/2668 2310/2667
f 2270/2668 2216/2663 2228/2669
f 2153/2511 2310/2667 2295/2670
f 2295/2670 2310/2667 2270/2668
f 2153/2511 2295/2670 2112/2501
f 2295/2670 2270/2668 2280/2671
f 2295/2670 2280/2671 2112/2501
f 1819/2672 1601/2673 1783/2674
f 1819/2672 1783/2674 1968/2675
f 1819/2672 1968/2675 2027/2676
f 1968/2675 1783/2674 1744/2677
f 1968/2675 1744/2677 1891/2678
f 1891/2678 1744/2677 1854/2679
f 1744/2677 1783/2674 1585/2680
f 1585/2680 1783/2674 1601/2673
f 1854/2679 1744/2677 1742/2681
f 1585/2680 1601/2673 49/2682
f 49/2682 1601/2673 36/2683
f 1854/2679 1742/2681 1770/2684
f 1854/2679 1770/2684 1873/2685
f 1873/2685 1770/2684 1900/2686
f 1900/2686 1770/2684 1793/2687
f 1742/2681 1744/2677 1606/2688
f 1742/2681 1606/2688 1770/2684
f 1606/2688 1744/2677 1585/2680
f 1793/2687 1770/2684 1619/2689
f 1619/2689 1770/2684 1606/2688
f 1793/2687 1619/2689 1556/2690
f 1606/2688 1585/2680 1487/2691
f 1487/2691 1585/2680 49/2682
f 1619/2689 1606/2688 1504/2692
f 1619/2689 1504/2692 1556/2690
f 1606/2688 1487/2691 1473/2693
f 1606/2688 1473/2693 1504/2692
f 1487/2691 49/2682 237/2694
f 1487/2691 237/2694 1473/2693
f 1556/2690 1504/2692 9/2695
f 1556/2690 9/2695 88/2696
f 88/2696 9/2695 174/2697
f 9/2695 1504/2692 204/2698
f 204/2698 1504/2692 1473/2693
f 9/2695 204/2698 174/2697
f 204/2698 1473/2693 237/2694
f 174/2697 204/2698 334/2699
f 174/2697 334/2699 256/2700
f 334/2699 204/2698 371/2701
f 334/2699 371/2701 530/2702
f 530/2702 371/2701 376/2703
f 371/2701 204/2698 314/2704
f 371/2701 314/2704 376/2703
f 314/2704 204/2698 237/2694
f 376/2703 314/2704 313/2705
f 376/2703 313/2705 594/2706
f 594/2706 313/2705 372/2707
f 372/2707 313/2705 216/2708
f 313/2705 314/2704 321/2709
f 314/2704 237/2694 350/2710
f 314/2704 350/2710 321/2709
f 313/2705 321/2709 246/2711
f 313/2705 246/2711 216/2708
f 246/2711 321/2709 350/2710
f 350/2710 237/2694 227/2712
f 227/2712 237/2694 49/2682
f 350/2710 227/2712 344/2713
f 227/2712 49/2682 240/2714
f 240/2714 49/2682 36/2683
f 227/2712 240/2714 344/2713
f 319/2715 240/2714 273/2716
f 240/2714 319/2715 344/2713
f 344/2713 319/2715 207/2717
f 344/2713 207/2717 158/2718
f 268/2719 350/2710 344/2713
f 268/2719 344/2713 158/2718
f 350/2710 268/2719 246/2711
f 268/2719 158/2718 146/2720
f 268/2719 146/2720 246/2711
f 146/2720 158/2718 143/2721
f 246/2711 146/2720 177/2722
f 246/2711 177/2722 216/2708
f 146/2720 143/2721 15/2723
f 15/2723 143/2721 1469/2724
f 15/2723 1469/2724 1579/2725
f 216/2708 177/2722 89/2726
f 216/2708 89/2726 242/2727
f 177/2722 146/2720 18/2728
f 177/2722 18/2728 89/2726
f 146/2720 15/2723 33/2729
f 146/2720 33/2729 18/2728
f 15/2723 1579/2725 1554/2730
f 15/2723 1554/2730 33/2729
f 1554/2730 1579/2725 1827/2731
f 1827/2731 1579/2725 1881/2732
f 33/2729 1554/2730 1537/2733
f 33/2729 1537/2733 18/2728
f 1554/2730 1827/2731 1779/2734
f 1554/2730 1779/2734 1537/2733
f 1827/2731 1881/2732 1931/2735
f 1931/2735 1881/2732 1990/2736
f 1779/2734 1827/2731 1944/2737
f 1944/2737 1827/2731 1931/2735
f 1931/2735 1990/2736 2021/2738
f 1931/2735 2021/2738 1944/2737
f 2021/2738 1990/2736 2078/2739
f 1944/2737 2021/2738 1992/2740
f 1992/2740 2021/2738 2134/2741
f 1992/2740 2134/2741 1968/2742
f 1992/2740 1968/2742 1891/2743
f 1992/2740 1891/2743 1854/2744
f 1944/2737 1992/2740 1899/2745
f 1944/2737 1899/2745 1779/2734
f 1992/2740 1854/2744 1882/2746
f 1992/2740 1882/2746 1899/2745
f 1882/2746 1854/2744 1873/2747
f 1884/2748 1873/2747 1993/2749
f 1873/2747 1884/2748 1882/2746
f 1882/2746 1884/2748 1804/2750
f 1779/2734 1899/2745 1754/2751
f 1779/2734 1754/2751 1537/2733
f 1899/2745 1882/2746 1857/2752
f 1899/2745 1857/2752 1754/2751
f 1882/2746 1804/2750 1817/2753
f 1882/2746 1817/2753 1857/2752
f 1817/2753 1804/2750 1662/2754
f 1857/2752 1817/2753 1678/2755
f 1678/2755 1817/2753 1662/2754
f 1857/2752 1678/2755 1754/2751
f 1520/2756 1537/2733 1754/2751
f 1520/2756 1754/2751 1678/2755
f 1537/2733 1520/2756 18/2728
f 18/2728 1520/2756 89/2726
f 1520/2756 1678/2755 1503/2757
f 1503/2757 1678/2755 1662/2754
f 1520/2756 1503/2757 89/2726
f 1503/2757 1662/2754 1731/2758
f 89/2726 1503/2757 81/2759
f 1793/2760 1556/2761 1600/2762
f 1600/2762 1556/2761 88/2763
f 1793/2760 1600/2762 1760/2764
f 1793/2760 1760/2764 1900/2765
f 1600/2762 88/2763 45/2766
f 1600/2762 45/2766 1582/2767
f 1600/2762 1582/2767 1760/2764
f 45/2766 88/2763 128/2768
f 1873/2769 1900/2765 1993/2770
f 1993/2770 1900/2765 1915/2771
f 1915/2771 1900/2765 1760/2764
f 1993/2770 1915/2771 2115/2772
f 1915/2771 1760/2764 1980/2773
f 1915/2771 1980/2773 2115/2772
f 1980/2773 1760/2764 1805/2774
f 1805/2774 1760/2764 1582/2767
f 2115/2772 1980/2773 2009/2775
f 2009/2775 1980/2773 1805/2774
f 76/2776 1582/2767 45/2766
f 76/2776 45/2766 128/2768
f 1805/2774 1582/2767 1616/2777
f 191/2778 128/2768 88/2763
f 191/2778 88/2763 174/2779
f 191/2778 174/2779 256/2780
f 128/2768 191/2778 292/2781
f 292/2781 191/2778 337/2782
f 337/2782 191/2778 256/2780
f 337/2782 256/2780 334/2783
f 93/2784 1616/2777 1582/2767
f 93/2784 1582/2767 76/2776
f 301/2785 76/2776 128/2768
f 301/2785 128/2768 434/2786
f 301/2785 434/2786 438/2787
f 438/2787 434/2786 561/2788
f 301/2785 438/2787 360/2789
f 301/2785 360/2789 76/2776
f 360/2789 438/2787 401/2790
f 76/2776 360/2789 294/2791
f 76/2776 294/2791 93/2784
f 360/2789 401/2790 521/2792
f 360/2789 521/2792 294/2791
f 294/2791 521/2792 410/2793
f 294/2791 410/2793 93/2784
f 410/2793 521/2792 555/2794
f 555/2794 521/2792 664/2795
f 93/2784 410/2793 409/2796
f 664/2795 521/2792 623/2797
f 664/2795 623/2797 742/2798
f 498/2799 521/2792 401/2790
f 521/2792 498/2799 623/2797
f 498/2799 401/2790 430/2800
f 430/2800 401/2790 408/2801
f 430/2800 408/2801 520/2802
f 498/2799 430/2800 571/2803
f 498/2799 571/2803 623/2797
f 430/2800 520/2802 556/2804
f 430/2800 556/2804 571/2803
f 556/2804 520/2802 621/2805
f 571/2803 556/2804 714/2806
f 714/2806 556/2804 621/2805
f 571/2803 714/2806 623/2797
f 714/2806 621/2805 707/2807
f 714/2806 707/2807 765/2808
f 714/2806 765/2808 742/2798
f 671/2809 742/2798 623/2797
f 742/2798 671/2809 714/2806
f 714/2806 671/2809 623/2797
f 1917/2810 2009/2775 1805/2774
f 1917/2810 1805/2774 1732/2811
f 1732/2811 1805/2774 1616/2777
f 2009/2775 1917/2810 1996/2812
f 1996/2812 1917/2810 1732/2811
f 2009/2775 1996/2812 2107/2813
f 1996/2812 1732/2811 1869/2814
f 1996/2812 1869/2814 2107/2813
f 1732/2811 1616/2777 1589/2815
f 2009/2775 2107/2813 2155/2816
f 1589/2815 1616/2777 23/2817
f 23/2817 1616/2777 93/2784
f 1732/2811 1589/2815 1644/2818
f 1732/2811 1644/2818 1869/2814
f 1589/2815 23/2817 2/2819
f 1589/2815 2/2819 1644/2818
f 23/2817 93/2784 133/2820
f 23/2817 133/2820 2/2819
f 133/2820 93/2784 409/2796
f 2/2819 133/2820 165/2821
f 165/2821 133/2820 409/2796
f 1644/2818 2/2819 1464/2822
f 1464/2822 2/2819 165/2821
f 1670/2823 1869/2814 1644/2818
f 1670/2823 1644/2818 1464/2822
f 2095/2824 2107/2813 1869/2814
f 2095/2824 1869/2814 1670/2823
f 2107/2813 2095/2824 2155/2816
f 1464/2822 165/2821 108/2825
f 2155/2816 2095/2824 2145/2826
f 2145/2826 2095/2824 1806/2827
f 1806/2827 2095/2824 1670/2823
f 2155/2816 2145/2826 2174/2828
f 2174/2828 2145/2826 1806/2827
f 2174/2828 1806/2827 1841/2829
f 2155/2816 2174/2828 2178/2830
f 1841/2829 1806/2827 1642/2831
f 2155/2816 2178/2830 2129/2832
f 2155/2816 2129/2832 2009/2775
f 2129/2832 2178/2830 2152/2833
f 2009/2775 2129/2832 2115/2772
f 2115/2772 2129/2832 2152/2833
f 1641/2834 1806/2827 1670/2823
f 1806/2827 1641/2834 1642/2831
f 1641/2834 1670/2823 1485/2835
f 1641/2834 1485/2835 1642/2831
f 1485/2835 1670/2823 1496/2836
f 1496/2836 1670/2823 1464/2822
f 1496/2836 1464/2822 108/2825
f 1485/2835 1496/2836 97/2837
f 1485/2835 97/2837 1642/2831
f 97/2837 1496/2836 108/2825
f 1642/2831 97/2837 41/2838
f 1642/2831 41/2838 46/2839
f 46/2839 41/2838 261/2840
f 261/2840 41/2838 97/2837
f 261/2840 97/2837 249/2841
f 249/2841 97/2837 108/2825
f 261/2840 249/2841 419/2842
f 419/2842 249/2841 108/2825
f 598/2843 459/2844 261/2840
f 598/2843 261/2840 419/2842
f 419/2842 108/2825 302/2845
f 598/2843 419/2842 655/2846
f 598/2843 655/2846 627/2847
f 627/2847 655/2846 663/2848
f 655/2846 419/2842 547/2849
f 547/2849 419/2842 302/2845
f 302/2845 108/2825 280/2850
f 302/2845 280/2850 547/2849
f 280/2850 108/2825 165/2821
f 280/2850 165/2821 409/2796
f 663/2848 655/2846 652/2851
f 652/2851 655/2846 547/2849
f 547/2849 280/2850 485/2852
f 485/2852 280/2850 409/2796
f 547/2849 485/2852 652/2851
f 485/2852 409/2796 629/2853
f 485/2852 629/2853 652/2851
f 652/2851 629/2853 663/2848
f 629/2853 409/2796 625/2854
f 629/2853 625/2854 663/2848
f 337/2855 334/2856 490/2857
f 490/2857 334/2856 530/2858
f 337/2855 490/2857 526/2859
f 337/2855 526/2859 292/2860
f 434/2861 128/2862 292/2860
f 434/2861 292/2860 561/2863
f 561/2863 292/2860 526/2859
f 526/2859 490/2857 650/2864
f 526/2859 650/2864 561/2863
f 613/2865 490/2857 530/2858
f 490/2857 613/2865 650/2864
f 613/2865 530/2858 653/2866
f 653/2866 530/2858 376/2867
f 653/2866 376/2867 594/2868
f 613/2865 653/2866 704/2869
f 613/2865 704/2869 650/2864
f 653/2866 594/2868 702/2870
f 653/2866 702/2870 704/2869
f 650/2864 704/2869 756/2871
f 756/2871 704/2869 702/2870
f 650/2864 756/2871 710/2872
f 650/2864 710/2872 561/2863
f 756/2871 702/2870 742/2873
f 756/2871 742/2873 765/2874
f 756/2871 765/2874 710/2872
f 710/2872 765/2874 707/2875
f 710/2872 707/2875 621/2876
f 710/2872 621/2876 520/2877
f 561/2863 710/2872 519/2878
f 519/2878 710/2872 520/2877
f 561/2863 519/2878 438/2879
f 519/2878 520/2877 408/2880
f 438/2879 519/2878 401/2881
f 401/2881 519/2878 408/2880
f 711/2882 742/2873 702/2870
f 742/2873 711/2882 664/2883
f 711/2882 702/2870 616/2884
f 616/2884 702/2870 594/2868
f 664/2883 711/2882 599/2885
f 599/2885 711/2882 616/2884
f 664/2883 599/2885 555/2886
f 616/2884 594/2868 413/2887
f 413/2887 594/2868 372/2888
f 413/2887 372/2888 216/2889
f 413/2887 216/2889 242/2890
f 616/2884 413/2887 546/2891
f 616/2884 546/2891 599/2885
f 546/2891 413/2887 412/2892
f 412/2892 413/2887 242/2890
f 599/2885 546/2891 552/2893
f 552/2893 546/2891 412/2892
f 626/2894 555/2886 599/2885
f 599/2885 552/2893 601/2895
f 599/2885 601/2895 626/2894
f 555/2886 626/2894 625/2896
f 625/2896 626/2894 601/2895
f 555/2886 625/2896 410/2897
f 410/2897 625/2896 409/2898
f 625/2896 601/2895 649/2899
f 625/2896 649/2899 663/2900
f 663/2900 649/2899 627/2901
f 649/2899 601/2895 575/2902
f 649/2899 575/2902 627/2901
f 575/2902 601/2895 552/2893
f 575/2902 552/2893 446/2903
f 446/2903 552/2893 412/2892
f 446/2903 412/2892 322/2904
f 322/2904 412/2892 242/2890
f 575/2902 446/2903 423/2905
f 575/2902 423/2905 627/2901
f 446/2903 322/2904 110/2906
f 110/2906 322/2904 242/2890
f 446/2903 110/2906 423/2905
f 81/2907 242/2890 89/2908
f 242/2890 81/2907 110/2906
f 110/2906 81/2907 1621/2909
f 1621/2909 81/2907 1503/2910
f 423/2905 110/2906 119/2911
f 459/2912 627/2901 423/2905
f 459/2912 423/2905 119/2911
f 627/2901 459/2912 598/2913
f 1621/2909 1503/2910 1731/2914
f 110/2906 1621/2909 1614/2915
f 110/2906 1614/2915 119/2911
f 459/2912 119/2911 198/2916
f 459/2912 198/2916 261/2917
f 261/2917 198/2916 46/2918
f 46/2918 198/2916 119/2911
f 46/2918 119/2911 1457/2919
f 1457/2919 119/2911 1614/2915
f 1457/2919 1614/2915 1649/2920
f 46/2918 1457/2919 1615/2921
f 1615/2921 1457/2919 1649/2920
f 1649/2920 1614/2915 1940/2922
f 1649/2920 1940/2922 1615/2921
f 46/2918 1615/2921 1570/2923
f 46/2918 1570/2923 1642/2924
f 1570/2923 1615/2921 1726/2925
f 1570/2923 1726/2925 1642/2924
f 1726/2925 1615/2921 2125/2926
f 2125/2926 1615/2921 1940/2922
f 1642/2924 1726/2925 2174/2927
f 2174/2927 1726/2925 2125/2926
f 1642/2924 2174/2927 1841/2928
f 2174/2927 2125/2926 2110/2929
f 2110/2929 2125/2926 1940/2922
f 2174/2927 2110/2929 2178/2930
f 2178/2930 2110/2929 2152/2931
f 2152/2931 2110/2929 2115/2932
f 2110/2929 1940/2922 2047/2933
f 2110/2929 2047/2933 2115/2932
f 1887/2934 1940/2922 1614/2915
f 1940/2922 1887/2934 2047/2933
f 1887/2934 1614/2915 1621/2909
f 1887/2934 1621/2909 1782/2935
f 1887/2934 1782/2935 2047/2933
f 1782/2935 1621/2909 1731/2914
f 2115/2932 2047/2933 2044/2936
f 2115/2932 2044/2936 1993/2937
f 1993/2937 2044/2936 1884/2938
f 2044/2936 2047/2933 1928/2939
f 1928/2939 2047/2933 1782/2935
f 2044/2936 1928/2939 1884/2938
f 1928/2939 1782/2935 1731/2914
f 1884/2938 1928/2939 1804/2940
f 1804/2940 1928/2939 1731/2914
f 1804/2940 1731/2914 1662/2941
f 2274/2942 2373/2943 2396/2944
f 1983/2945 1919/2946 2274/2942
f 2373/2943 2274/2942 2245/2947
f 2245/2947 2274/2942 1919/2946
f 2373/2943 2245/2947 2356/2948
f 2373/2943 2356/2948 2378/2949
f 2245/2947 1919/2946 2200/2950
f 2245/2947 2200/2950 2356/2948
f 2200/2950 1919/2946 1956/2951
f 2356/2948 2200/2950 2247/2952
f 2356/2948 2247/2952 2378/2949
f 2247/2952 2200/2950 1956/2951
f 2378/2949 2247/2952 1987/2953
f 2247/2952 1956/2951 1765/2954
f 2247/2952 1765/2954 1987/2953
f 1765/2954 1956/2951 1753/2955
f 1765/2954 1753/2955 1563/2956
f 2378/2949 1987/2953 2334/2957
f 1765/2954 1563/2956 1498/2958
f 1498/2958 1563/2956 347/2959
f 1987/2953 1765/2954 1622/2960
f 1622/2960 1765/2954 1498/2958
f 2334/2957 1987/2953 1935/2961
f 1622/2960 1498/2958 127/2962
f 127/2962 1498/2958 347/2959
f 1987/2953 1622/2960 1688/2963
f 1987/2953 1688/2963 1935/2961
f 1688/2963 1622/2960 127/2962
f 2334/2957 1935/2961 2130/2964
f 127/2962 347/2959 359/2965
f 2130/2964 1935/2961 1697/2966
f 1697/2966 1935/2961 1688/2963
f 1688/2963 127/2962 107/2967
f 2130/2964 1697/2966 1813/2968
f 107/2967 127/2962 210/2969
f 210/2969 127/2962 359/2965
f 107/2967 210/2969 1650/2970
f 107/2967 1650/2970 1688/2963
f 2130/2964 1813/2968 1787/2971
f 2130/2964 1787/2971 2198/2972
f 1787/2971 1813/2968 1492/2973
f 1492/2973 1813/2968 1697/2966
f 2064/2974 1787/2971 1679/2975
f 1679/2975 1787/2971 1492/2973
f 1679/2975 1492/2973 147/2976
f 1679/2975 147/2976 1509/2977
f 1509/2977 147/2976 373/2978
f 1509/2977 373/2978 116/2979
f 116/2979 373/2978 708/2980
f 373/2978 147/2976 505/2981
f 373/2978 505/2981 749/2982
f 373/2978 749/2982 708/2980
f 505/2981 147/2976 298/2983
f 298/2983 147/2976 1492/2973
f 505/2981 298/2983 790/2984
f 505/2981 790/2984 749/2982
f 298/2983 1492/2973 166/2985
f 298/2983 166/2985 617/2986
f 298/2983 617/2986 790/2984
f 166/2985 1492/2973 1497/2987
f 1497/2987 1492/2973 1595/2988
f 1595/2988 1492/2973 1697/2966
f 166/2985 1497/2987 1461/2989
f 1595/2988 1697/2966 1719/2990
f 1497/2987 1595/2988 1558/2991
f 1497/2987 1558/2991 1461/2989
f 1558/2991 1595/2988 1719/2990
f 166/2985 1461/2989 163/2992
f 166/2985 163/2992 617/2986
f 1461/2989 1558/2991 1674/2993
f 1674/2993 1558/2991 1719/2990
f 1461/2989 1674/2993 1580/2994
f 1461/2989 1580/2994 163/2992
f 1674/2993 1719/2990 1656/2995
f 1674/2993 1656/2995 1580/2994
f 1747/2996 1719/2990 1697/2966
f 1747/2996 1697/2966 1688/2963
f 1719/2990 1747/2996 1799/2997
f 1719/2990 1799/2997 1656/2995
f 1799/2997 1747/2996 1816/2998
f 1747/2996 1688/2963 1794/2999
f 1747/2996 1794/2999 1816/2998
f 1799/2997 1816/2998 1750/3000
f 1750/3000 1816/2998 1794/2999
f 1799/2997 1750/3000 1656/2995
f 1794/2999 1688/2963 1739/3001
f 1794/2999 1739/3001 1750/3000
f 1739/3001 1688/2963 1650/2970
f 1739/3001 1650/2970 1566/3002
f 1566/3002 1650/2970 210/2969
f 1750/3000 1739/3001 1680/3003
f 1680/3003 1739/3001 1566/3002
f 1566/3002 210/2969 83/3004
f 1680/3003 1566/3002 1522/3005
f 1522/3005 1566/3002 83/3004
f 83/3004 210/2969 359/2965
f 83/3004 359/2965 235/3006
f 1522/3005 83/3004 184/3007
f 184/3007 83/3004 235/3006
f 235/3006 359/2965 442/3008
f 235/3006 442/3008 184/3007
f 1522/3005 184/3007 252/3009
f 252/3009 184/3007 442/3008
f 52/3010 1680/3003 1522/3005
f 52/3010 1522/3005 252/3009
f 1680/3003 52/3010 1530/3011
f 1680/3003 1530/3011 1750/3000
f 52/3010 252/3009 193/3012
f 193/3012 252/3009 442/3008
f 52/3010 193/3012 1530/3011
f 1750/3000 1530/3011 1640/3013
f 1640/3013 1530/3011 193/3012
f 1750/3000 1640/3013 1656/2995
f 1640/3013 193/3012 1483/3014
f 1640/3013 1483/3014 1656/2995
f 193/3012 442/3008 497/3015
f 1483/3014 193/3012 231/3016
f 231/3016 193/3012 497/3015
f 1483/3014 231/3016 17/3017
f 1483/3014 17/3017 1656/2995
f 17/3017 231/3016 167/3018
f 167/3018 231/3016 497/3015
f 1656/2995 17/3017 1474/3019
f 1474/3019 17/3017 167/3018
f 1656/2995 1474/3019 1580/2994
f 1580/2994 1474/3019 163/2992
f 163/2992 1474/3019 167/3018
f 163/2992 167/3018 431/3020
f 431/3020 167/3018 497/3015
f 163/2992 431/3020 660/3021
f 163/2992 660/3021 617/2986
f 431/3020 497/3015 615/3022
f 431/3020 615/3022 660/3021
f 615/3022 497/3015 760/3023
f 615/3022 760/3023 660/3021
f 660/3021 760/3023 890/3024
f 760/3023 497/3015 562/3025
f 660/3021 890/3024 984/3026
f 562/3025 497/3015 500/3027
f 500/3027 497/3015 442/3008
f 562/3025 500/3027 347/2959
f 500/3027 442/3008 359/2965
f 500/3027 359/2965 347/2959
f 660/3021 984/3026 773/3028
f 660/3021 773/3028 617/2986
f 617/2986 773/3028 854/3029
f 773/3028 984/3026 848/3030
f 773/3028 848/3030 854/3029
f 617/2986 854/3029 790/2984
f 848/3030 984/3026 1083/3031
f 1083/3031 984/3026 1060/3032
f 848/3030 1083/3031 1061/3033
f 854/3029 848/3030 924/3034
f 924/3034 848/3030 1061/3033
f 790/2984 854/3029 955/3035
f 955/3035 854/3029 924/3034
f 790/2984 955/3035 1032/3036
f 955/3035 924/3034 965/3037
f 955/3035 965/3037 1032/3036
f 790/2984 1032/3036 931/3038
f 790/2984 931/3038 749/2982
f 749/2982 931/3038 1050/3039
f 1050/3039 931/3038 1032/3036
f 749/2982 1050/3039 939/3040
f 749/2982 939/3040 708/2980
f 1105/3041 965/3037 924/3034
f 1105/3041 924/3034 1061/3033
f 1054/3042 1032/3036 965/3037
f 1054/3042 965/3037 1130/3043
f 1130/3043 965/3037 1105/3041
f 1032/3036 1054/3042 1099/3044
f 1099/3044 1054/3042 1130/3043
f 1032/3036 1099/3044 1145/3045
f 1099/3044 1130/3043 1176/3046
f 1099/3044 1176/3046 1145/3045
f 1130/3043 1105/3041 1180/3047
f 1154/3048 1105/3041 1061/3033
f 1105/3041 1154/3048 1180/3047
f 1130/3043 1180/3047 1235/3049
f 1130/3043 1235/3049 1176/3046
f 1180/3047 1154/3048 1223/3050
f 1235/3049 1180/3047 1261/3051
f 1261/3051 1180/3047 1223/3050
f 1223/3050 1154/3048 1253/3052
f 1223/3050 1253/3052 1261/3051
f 1136/3053 1154/3048 1061/3033
f 1136/3053 1061/3033 1155/3054
f 1155/3054 1061/3033 1083/3031
f 1155/3054 1083/3031 1148/3055
f 1136/3053 1155/3054 1200/3056
f 1200/3056 1155/3054 1220/3057
f 1154/3048 1136/3053 1188/3058
f 1188/3058 1136/3053 1200/3056
f 1154/3048 1188/3058 1253/3052
f 1188/3058 1200/3056 1238/3059
f 1238/3059 1200/3056 1297/3060
f 1238/3059 1297/3060 1332/3061
f 1188/3058 1238/3059 1229/3062
f 1188/3058 1229/3062 1253/3052
f 1238/3059 1332/3061 1301/3063
f 1301/3063 1332/3061 1397/3064
f 1229/3062 1238/3059 1258/3065
f 1258/3065 1238/3059 1301/3063
f 1301/3063 1397/3064 1311/3066
f 1301/3063 1311/3066 1258/3065
f 1311/3066 1397/3064 1327/3067
f 1258/3065 1311/3066 1264/3068
f 1264/3068 1311/3066 1327/3067
f 1229/3062 1258/3065 1255/3069
f 1255/3069 1258/3065 1264/3068
f 1243/3070 1253/3052 1229/3062
f 1243/3070 1229/3062 1255/3069
f 1253/3052 1243/3070 1306/3071
f 1382/3072 1327/3067 1397/3064
f 1382/3072 1397/3064 1421/3073
f 1265/3074 1264/3068 1327/3067
f 1264/3068 1265/3074 1255/3069
f 1327/3067 1382/3072 1354/3075
f 1327/3067 1354/3075 1265/3074
f 1354/3075 1382/3072 1376/3076
f 1376/3076 1382/3072 1384/3077
f 1265/3074 1354/3075 1333/3078
f 1333/3078 1354/3075 1376/3076
f 1255/3069 1265/3074 1263/3079
f 1263/3079 1265/3074 1333/3078
f 1250/3080 1243/3070 1255/3069
f 1250/3080 1255/3069 1263/3079
f 1243/3070 1250/3080 1306/3071
f 1263/3079 1333/3078 1312/3081
f 1333/3078 1376/3076 1406/3082
f 1406/3082 1376/3076 1388/3083
f 1312/3081 1333/3078 1359/3084
f 1359/3084 1333/3078 1406/3082
f 1263/3079 1312/3081 1345/3085
f 1345/3085 1312/3081 1359/3084
f 1335/3086 1250/3080 1263/3079
f 1335/3086 1263/3079 1345/3085
f 1250/3080 1335/3086 1306/3071
f 1345/3085 1359/3084 1378/3087
f 1378/3087 1359/3084 1406/3082
f 1335/3086 1345/3085 1356/3088
f 1335/3086 1356/3088 1306/3071
f 1356/3088 1345/3085 1378/3087
f 1378/3087 1406/3082 1396/3089
f 1306/3071 1356/3088 1261/3051
f 1306/3071 1261/3051 1253/3052
f 1356/3088 1378/3087 1362/3090
f 1356/3088 1362/3090 1261/3051
f 1378/3087 1396/3089 1386/3091
f 1378/3087 1386/3091 1362/3090
f 1396/3089 1406/3082 1416/3092
f 1396/3089 1416/3092 1386/3091
f 1416/3092 1406/3082 1415/3093
f 1386/3091 1416/3092 1385/3094
f 1385/3094 1416/3092 1383/3095
f 1385/3094 1383/3095 1365/3096
f 1386/3091 1385/3094 1353/3097
f 1386/3091 1353/3097 1362/3090
f 1385/3094 1365/3096 1313/3098
f 1385/3094 1313/3098 1353/3097
f 1313/3098 1365/3096 1289/3099
f 1289/3099 1365/3096 1305/3100
f 1289/3099 1305/3100 1340/3101
f 1313/3098 1289/3099 1244/3102
f 1313/3098 1244/3102 1353/3097
f 1289/3099 1340/3101 1324/3103
f 1289/3099 1324/3103 1244/3102
f 1324/3103 1340/3101 1273/3104
f 1273/3104 1340/3101 1268/3105
f 1273/3104 1268/3105 1125/3106
f 1273/3104 1125/3106 1116/3107
f 1116/3107 1125/3106 1006/3108
f 1324/3103 1273/3104 1322/3109
f 1322/3109 1273/3104 1192/3110
f 1192/3110 1273/3104 1116/3107
f 1324/3103 1322/3109 1284/3111
f 1324/3103 1284/3111 1244/3102
f 1322/3109 1192/3110 1233/3112
f 1322/3109 1233/3112 1284/3111
f 1192/3110 1116/3107 1107/3113
f 1192/3110 1107/3113 1233/3112
f 1284/3111 1233/3112 1158/3114
f 1158/3114 1233/3112 1107/3113
f 1244/3102 1284/3111 1210/3115
f 1210/3115 1284/3111 1158/3114
f 1244/3102 1210/3115 1177/3116
f 1210/3115 1158/3114 1145/3045
f 1210/3115 1145/3045 1177/3116
f 1145/3045 1158/3114 1032/3036
f 1032/3036 1158/3114 1050/3039
f 1050/3039 1158/3114 1107/3113
f 1050/3039 1107/3113 939/3040
f 1244/3102 1177/3116 1267/3117
f 1244/3102 1267/3117 1353/3097
f 1177/3116 1145/3045 1227/3118
f 1177/3116 1227/3118 1267/3117
f 1227/3118 1145/3045 1176/3046
f 1353/3097 1267/3117 1291/3119
f 1291/3119 1267/3117 1227/3118
f 1353/3097 1291/3119 1362/3090
f 1227/3118 1176/3046 1236/3120
f 1227/3118 1236/3120 1291/3119
f 1236/3120 1176/3046 1235/3049
f 1362/3090 1291/3119 1303/3121
f 1303/3121 1291/3119 1236/3120
f 1303/3121 1236/3120 1235/3049
f 1362/3090 1303/3121 1261/3051
f 1261/3051 1303/3121 1235/3049
f 946/3122 939/3040 1107/3113
f 939/3040 946/3122 708/2980
f 946/3122 1107/3113 1010/3123
f 1010/3123 1107/3113 1116/3107
f 946/3122 1010/3123 990/3124
f 990/3124 1010/3123 1116/3107
f 946/3122 990/3124 708/2980
f 990/3124 1116/3107 1006/3108
f 708/2980 990/3124 769/3125
f 769/3125 990/3124 1006/3108
f 708/2980 769/3125 217/3126
f 769/3125 1006/3108 821/3127
f 2406/3128 2435/3129 2396/3130
f 2406/3128 2396/3130 2373/3131
f 2406/3128 2373/3131 2378/3132
f 2435/3129 2406/3128 2422/3133
f 2422/3133 2406/3128 2378/3132
f 2435/3129 2422/3133 2455/3134
f 2422/3133 2378/3132 2402/3135
f 2402/3135 2378/3132 2334/3136
f 2402/3135 2334/3136 2381/3137
f 2402/3135 2381/3137 2422/3133
f 2381/3137 2334/3136 2130/3138
f 2455/3134 2422/3133 2451/3139
f 2451/3139 2422/3133 2381/3137
f 2455/3134 2451/3139 2456/3140
f 2381/3137 2130/3138 2299/3141
f 2299/3141 2130/3138 2198/3142
f 2381/3137 2299/3141 2359/3143
f 2359/3143 2299/3141 2198/3142
f 2456/3140 2451/3139 2452/3144
f 2451/3139 2381/3137 2412/3145
f 2412/3145 2381/3137 2359/3143
f 2451/3139 2412/3145 2452/3144
f 2456/3140 2452/3144 2443/3146
f 2443/3146 2452/3144 2433/3147
f 2443/3146 2433/3147 2417/3148
f 2452/3144 2412/3145 2425/3149
f 2433/3147 2452/3144 2424/3150
f 2424/3150 2452/3144 2425/3149
f 2433/3147 2424/3150 2417/3148
f 2425/3149 2412/3145 2400/3151
f 2400/3151 2412/3145 2359/3143
f 2425/3149 2400/3151 2424/3150
f 2417/3148 2424/3150 2415/3152
f 2417/3148 2415/3152 2444/3153
f 2424/3150 2400/3151 2379/3154
f 2400/3151 2359/3143 2369/3155
f 2400/3151 2369/3155 2379/3154
f 2424/3150 2379/3154 2394/3156
f 2424/3150 2394/3156 2415/3152
f 2394/3156 2379/3154 2362/3157
f 2415/3152 2394/3156 2395/3158
f 2395/3158 2394/3156 2362/3157
f 2379/3154 2369/3155 2352/3159
f 2379/3154 2352/3159 2362/3157
f 2291/3160 2369/3155 2359/3143
f 2291/3160 2359/3143 2198/3142
f 2352/3159 2369/3155 2338/3161
f 2338/3161 2369/3155 2291/3160
f 2362/3157 2352/3159 2303/3162
f 2303/3162 2352/3159 2338/3161
f 2291/3160 2198/3142 2064/3163
f 2064/3163 2198/3142 1787/3164
f 2338/3161 2291/3160 2048/3165
f 2048/3165 2291/3160 2064/3163
f 2303/3162 2338/3161 2237/3166
f 2237/3166 2338/3161 2048/3165
f 2362/3157 2303/3162 2351/3167
f 2048/3165 2064/3163 1774/3168
f 1774/3168 2064/3163 1679/3169
f 1774/3168 1679/3169 1509/3170
f 1774/3168 1509/3170 116/3171
f 2048/3165 1774/3168 2109/3172
f 2109/3172 1774/3168 116/3171
f 2048/3165 2109/3172 2237/3166
f 2109/3172 116/3171 1791/3173
f 2109/3172 1791/3173 2237/3166
f 1791/3173 116/3171 217/3174
f 217/3174 116/3171 708/3175
f 2237/3166 1791/3173 2190/3176
f 2237/3166 2190/3176 2303/3162
f 2303/3162 2190/3176 2351/3167
f 2190/3176 1791/3173 1699/3177
f 1699/3177 1791/3173 217/3174
f 769/3178 821/3179 217/3174
f 217/3174 821/3179 365/3180
f 217/3174 365/3180 1699/3177
f 1699/3177 365/3180 1575/3181
f 2190/3176 1699/3177 2293/3182
f 2190/3176 2293/3182 2351/3167
f 1699/3177 1575/3181 1824/3183
f 1699/3177 1824/3183 2293/3182
f 1824/3183 1575/3181 2156/3184
f 2293/3182 1824/3183 2211/3185
f 2211/3185 1824/3183 2156/3184
f 2351/3167 2293/3182 2312/3186
f 2312/3186 2293/3182 2211/3185
f 2211/3185 2156/3184 2187/3187
f 2211/3185 2187/3187 2312/3186
f 2187/3187 2156/3184 2124/3188
f 2187/3187 2124/3188 2322/3189
f 2351/3167 2312/3186 2387/3190
f 2187/3187 2322/3189 2331/3191
f 2312/3186 2187/3187 2307/3192
f 2307/3192 2187/3187 2331/3191
f 2312/3186 2307/3192 2372/3193
f 2312/3186 2372/3193 2387/3190
f 2307/3192 2331/3191 2390/3194
f 2307/3192 2390/3194 2372/3193
f 2331/3191 2322/3189 2393/3195
f 2393/3195 2322/3189 2389/3196
f 2393/3195 2389/3196 2454/3197
f 2331/3191 2393/3195 2398/3198
f 2331/3191 2398/3198 2390/3194
f 2398/3198 2393/3195 2441/3199
f 2398/3198 2441/3199 2390/3194
f 2441/3199 2393/3195 2454/3197
f 2441/3199 2454/3197 2465/3200
f 2465/3200 2454/3197 2492/3201
f 2465/3200 2492/3201 2489/3202
f 2465/3200 2489/3202 2441/3199
f 2489/3202 2492/3201 2502/3203
f 2390/3194 2441/3199 2471/3204
f 2471/3204 2441/3199 2489/3202
f 2489/3202 2502/3203 2499/3205
f 2499/3205 2502/3203 2501/3206
f 2489/3202 2499/3205 2493/3207
f 2489/3202 2493/3207 2471/3204
f 2499/3205 2501/3206 2498/3208
f 2499/3205 2498/3208 2493/3207
f 2498/3208 2501/3206 2488/3209
f 2419/3210 2390/3194 2471/3204
f 2390/3194 2419/3210 2372/3193
f 2372/3193 2419/3210 2437/3211
f 2437/3211 2419/3210 2471/3204
f 2372/3193 2437/3211 2387/3190
f 2437/3211 2471/3204 2464/3212
f 2464/3212 2471/3204 2475/3213
f 2475/3213 2471/3204 2493/3207
f 2437/3211 2464/3212 2430/3214
f 2437/3211 2430/3214 2387/3190
f 2430/3214 2464/3212 2475/3213
f 2475/3213 2493/3207 2491/3215
f 2430/3214 2475/3213 2468/3216
f 2468/3216 2475/3213 2491/3215
f 2491/3215 2493/3207 2495/3217
f 2495/3217 2493/3207 2498/3208
f 2491/3215 2495/3217 2468/3216
f 2495/3217 2498/3208 2480/3218
f 2480/3218 2498/3208 2488/3209
f 2495/3217 2480/3218 2477/3219
f 2495/3217 2477/3219 2468/3216
f 2480/3218 2488/3209 2466/3220
f 2480/3218 2466/3220 2477/3219
f 2466/3220 2488/3209 2444/3153
f 2468/3216 2477/3219 2459/3221
f 2459/3221 2477/3219 2466/3220
f 2466/3220 2444/3153 2434/3222
f 2466/3220 2434/3222 2459/3221
f 2434/3222 2444/3153 2415/3152
f 2434/3222 2415/3152 2395/3158
f 2434/3222 2395/3158 2459/3221
f 2459/3221 2395/3158 2468/3216
f 2468/3216 2395/3158 2418/3223
f 2468/3216 2418/3223 2430/3214
f 2430/3214 2418/3223 2387/3190
f 2418/3223 2395/3158 2384/3224
f 2418/3223 2384/3224 2387/3190
f 2384/3224 2395/3158 2362/3157
f 2387/3190 2384/3224 2351/3167
f 2351/3167 2384/3224 2362/3157
f 788/3225 732/3226 672/3227
f 672/3227 732/3226 723/3228
f 788/3225 672/3227 730/3229
f 730/3229 672/3227 427/3230
f 427/3230 672/3227 614/3231
f 427/3230 614/3231 557/3232
f 557/3232 614/3231 646/3233
f 557/3232 646/3233 549/3234
f 614/3231 672/3227 725/3235
f 614/3231 725/3235 646/3233
f 725/3235 672/3227 751/3236
f 646/3233 725/3235 759/3237
f 759/3237 725/3235 751/3236
